iter	Accuracy_SumError	Accuracy_SumWeight	F1_TP	F1_TP+FP	F1_TP+FN	Precision_SumError	Precision_SumWeight	Recall_SumError	Recall_SumWeight
0	12485.19956	20717.81801	6972.199559	11765.19956	10411.81801	6972.199559	11765.19956	6972.199559	10411.81801
1	12522.47338	20717.81801	6290.47338	10364.47338	10411.81801	6290.47338	10364.47338	6290.47338	10411.81801
2	12739.98239	20717.81801	6682.982392	10931.98239	10411.81801	6682.982392	10931.98239	6682.982392	10411.81801
3	12856.66565	20717.81801	6641.665654	10732.66565	10411.81801	6641.665654	10732.66565	6641.665654	10411.81801
4	12792.96995	20717.81801	6713.969946	10940.96995	10411.81801	6713.969946	10940.96995	6713.969946	10411.81801
5	12870.94505	20717.81801	6775.945053	10986.94505	10411.81801	6775.945053	10986.94505	6775.945053	10411.81801
6	13020.36136	20717.81801	6569.361362	10424.36136	10411.81801	6569.361362	10424.36136	6569.361362	10411.81801
7	13072.31158	20717.81801	6693.311577	10620.31158	10411.81801	6693.311577	10620.31158	6693.311577	10411.81801
8	13052.60342	20717.81801	6796.603422	10846.60342	10411.81801	6796.603422	10846.60342	6796.603422	10411.81801
9	13045.66565	20717.81801	6641.665654	10543.66565	10411.81801	6641.665654	10543.66565	6641.665654	10411.81801
10	13112.29913	20717.81801	6724.29913	10642.29913	10411.81801	6724.29913	10642.29913	6724.29913	10411.81801
11	13144.31158	20717.81801	6693.311577	10548.31158	10411.81801	6693.311577	10548.31158	6693.311577	10411.81801
12	13066.99484	20717.81801	6651.994839	10542.99484	10411.81801	6651.994839	10542.99484	6651.994839	10411.81801
13	13060.65321	20717.81801	6672.653208	10590.65321	10411.81801	6672.653208	10590.65321	6672.653208	10411.81801
14	13081.99484	20717.81801	6651.994839	10527.99484	10411.81801	6651.994839	10527.99484	6651.994839	10411.81801
15	13115.32402	20717.81801	6662.324023	10515.32402	10411.81801	6662.324023	10515.32402	6662.324023	10411.81801
16	13120.33647	20717.81801	6631.33647	10448.33647	10411.81801	6631.33647	10448.33647	6631.33647	10411.81801
17	13166.6781	20717.81801	6610.678101	10360.6781	10411.81801	6610.678101	10360.6781	6610.678101	10411.81801
18	13147.01973	20717.81801	6590.019732	10339.01973	10411.81801	6590.019732	10339.01973	6590.019732	10411.81801
19	13108.03218	20717.81801	6559.032178	10316.03218	10411.81801	6559.032178	10316.03218	6559.032178	10411.81801
20	13048.05707	20717.81801	6497.057071	10252.05707	10411.81801	6497.057071	10252.05707	6497.057071	10411.81801
21	13077.37381	20717.81801	6538.373809	10305.37381	10411.81801	6538.373809	10305.37381	6538.373809	10411.81801
22	13095.05707	20717.81801	6497.057071	10205.05707	10411.81801	6497.057071	10205.05707	6497.057071	10411.81801
23	13106.38626	20717.81801	6507.386255	10214.38626	10411.81801	6507.386255	10214.38626	6507.386255	10411.81801
24	13111.41115	20717.81801	6445.411148	10085.41115	10411.81801	6445.411148	10085.41115	6445.411148	10411.81801
25	13138.41115	20717.81801	6445.411148	10058.41115	10411.81801	6445.411148	10058.41115	6445.411148	10411.81801
26	13107.42359	20717.81801	6414.423594	10027.42359	10411.81801	6414.423594	10027.42359	6414.423594	10411.81801
27	13103.09441	20717.81801	6404.09441	10011.09441	10411.81801	6404.09441	10011.09441	6404.09441	10411.81801
28	13102.43604	20717.81801	6383.436041	9970.436041	10411.81801	6383.436041	9970.436041	6383.436041	10411.81801
29	13141.09441	20717.81801	6404.09441	9973.09441	10411.81801	6404.09441	9973.09441	6404.09441	10411.81801
30	13141.10686	20717.81801	6373.106856	9911.106856	10411.81801	6373.106856	9911.106856	6373.106856	10411.81801
31	13182.09441	20717.81801	6404.09441	9932.09441	10411.81801	6404.09441	9932.09441	6404.09441	10411.81801
32	13128.1193	20717.81801	6342.119303	9862.119303	10411.81801	6342.119303	9862.119303	6342.119303	10411.81801
33	13111.79012	20717.81801	6331.790118	9857.790118	10411.81801	6331.790118	9857.790118	6331.790118	10411.81801
34	13126.79012	20717.81801	6331.790118	9842.790118	10411.81801	6331.790118	9842.790118	6331.790118	10411.81801
35	13153.46093	20717.81801	6321.460934	9795.460934	10411.81801	6321.460934	9795.460934	6321.460934	10411.81801
36	13126.47338	20717.81801	6290.47338	9760.47338	10411.81801	6290.47338	9760.47338	6290.47338	10411.81801
37	13153.80256	20717.81801	6300.802565	9753.802565	10411.81801	6300.802565	9753.802565	6300.802565	10411.81801
38	13179.46093	20717.81801	6321.460934	9769.460934	10411.81801	6321.460934	9769.460934	6321.460934	10411.81801
39	13163.46093	20717.81801	6321.460934	9785.460934	10411.81801	6321.460934	9785.460934	6321.460934	10411.81801
40	13139.1442	20717.81801	6280.144196	9727.144196	10411.81801	6280.144196	9727.144196	6280.144196	10411.81801
41	13141.47338	20717.81801	6290.47338	9745.47338	10411.81801	6290.47338	9745.47338	6290.47338	10411.81801
42	13159.13175	20717.81801	6311.131749	9769.131749	10411.81801	6311.131749	9769.131749	6311.131749	10411.81801
43	13132.1442	20717.81801	6280.144196	9734.144196	10411.81801	6280.144196	9734.144196	6280.144196	10411.81801
44	13156.80256	20717.81801	6300.802565	9750.802565	10411.81801	6300.802565	9750.802565	6300.802565	10411.81801
45	13167.80256	20717.81801	6300.802565	9739.802565	10411.81801	6300.802565	9739.802565	6300.802565	10411.81801
46	13177.80256	20717.81801	6300.802565	9729.802565	10411.81801	6300.802565	9729.802565	6300.802565	10411.81801
47	13224.79012	20717.81801	6331.790118	9744.790118	10411.81801	6331.790118	9744.790118	6331.790118	10411.81801
48	13201.80256	20717.81801	6300.802565	9705.802565	10411.81801	6300.802565	9705.802565	6300.802565	10411.81801
49	13209.13175	20717.81801	6311.131749	9719.131749	10411.81801	6311.131749	9719.131749	6311.131749	10411.81801
50	13234.79012	20717.81801	6331.790118	9734.790118	10411.81801	6331.790118	9734.790118	6331.790118	10411.81801
51	13224.13175	20717.81801	6311.131749	9704.131749	10411.81801	6311.131749	9704.131749	6311.131749	10411.81801
52	13260.46093	20717.81801	6321.460934	9688.460934	10411.81801	6321.460934	9688.460934	6321.460934	10411.81801
53	13247.46093	20717.81801	6321.460934	9701.460934	10411.81801	6321.460934	9701.460934	6321.460934	10411.81801
54	13241.80256	20717.81801	6300.802565	9665.802565	10411.81801	6300.802565	9665.802565	6300.802565	10411.81801
55	13272.13175	20717.81801	6311.131749	9656.131749	10411.81801	6311.131749	9656.131749	6311.131749	10411.81801
56	13268.13175	20717.81801	6311.131749	9660.131749	10411.81801	6311.131749	9660.131749	6311.131749	10411.81801
57	13263.80256	20717.81801	6300.802565	9643.802565	10411.81801	6300.802565	9643.802565	6300.802565	10411.81801
58	13267.80256	20717.81801	6300.802565	9639.802565	10411.81801	6300.802565	9639.802565	6300.802565	10411.81801
59	13250.47338	20717.81801	6290.47338	9636.47338	10411.81801	6290.47338	9636.47338	6290.47338	10411.81801
60	13303.79012	20717.81801	6331.790118	9665.790118	10411.81801	6331.790118	9665.790118	6331.790118	10411.81801
61	13323.44849	20717.81801	6352.448487	9687.448487	10411.81801	6352.448487	9687.448487	6352.448487	10411.81801
62	13317.1193	20717.81801	6342.119303	9673.119303	10411.81801	6342.119303	9673.119303	6342.119303	10411.81801
63	13306.80256	20717.81801	6300.802565	9600.802565	10411.81801	6300.802565	9600.802565	6300.802565	10411.81801
64	13284.1442	20717.81801	6280.144196	9582.144196	10411.81801	6280.144196	9582.144196	6280.144196	10411.81801
65	13309.47338	20717.81801	6290.47338	9577.47338	10411.81801	6290.47338	9577.47338	6290.47338	10411.81801
66	13294.1442	20717.81801	6280.144196	9572.144196	10411.81801	6280.144196	9572.144196	6280.144196	10411.81801
67	13313.80256	20717.81801	6300.802565	9593.802565	10411.81801	6300.802565	9593.802565	6300.802565	10411.81801
68	13328.13175	20717.81801	6311.131749	9600.131749	10411.81801	6311.131749	9600.131749	6311.131749	10411.81801
69	13295.81501	20717.81801	6269.815011	9549.815011	10411.81801	6269.815011	9549.815011	6269.815011	10411.81801
70	13298.48583	20717.81801	6259.485826	9526.485826	10411.81801	6259.485826	9526.485826	6259.485826	10411.81801
71	13305.48583	20717.81801	6259.485826	9519.485826	10411.81801	6259.485826	9519.485826	6259.485826	10411.81801
72	13298.48583	20717.81801	6259.485826	9526.485826	10411.81801	6259.485826	9526.485826	6259.485826	10411.81801
73	13311.81501	20717.81801	6269.815011	9533.815011	10411.81801	6269.815011	9533.815011	6269.815011	10411.81801
74	13322.48583	20717.81801	6259.485826	9502.485826	10411.81801	6259.485826	9502.485826	6259.485826	10411.81801
75	13296.82746	20717.81801	6238.827457	9486.827457	10411.81801	6238.827457	9486.827457	6238.827457	10411.81801
76	13279.49827	20717.81801	6228.498273	9483.498273	10411.81801	6228.498273	9483.498273	6228.498273	10411.81801
77	13290.82746	20717.81801	6238.827457	9492.827457	10411.81801	6238.827457	9492.827457	6238.827457	10411.81801
78	13320.81501	20717.81801	6269.815011	9524.815011	10411.81801	6269.815011	9524.815011	6269.815011	10411.81801
79	13330.81501	20717.81801	6269.815011	9514.815011	10411.81801	6269.815011	9514.815011	6269.815011	10411.81801
80	13340.1442	20717.81801	6280.144196	9526.144196	10411.81801	6280.144196	9526.144196	6280.144196	10411.81801
81	13354.47338	20717.81801	6290.47338	9532.47338	10411.81801	6290.47338	9532.47338	6290.47338	10411.81801
82	13404.79012	20717.81801	6331.790118	9564.790118	10411.81801	6331.790118	9564.790118	6331.790118	10411.81801
83	13385.46093	20717.81801	6321.460934	9563.460934	10411.81801	6321.460934	9563.460934	6321.460934	10411.81801
84	13389.46093	20717.81801	6321.460934	9559.460934	10411.81801	6321.460934	9559.460934	6321.460934	10411.81801
85	13384.46093	20717.81801	6321.460934	9564.460934	10411.81801	6321.460934	9564.460934	6321.460934	10411.81801
86	13373.13175	20717.81801	6311.131749	9555.131749	10411.81801	6311.131749	9555.131749	6311.131749	10411.81801
87	13392.79012	20717.81801	6331.790118	9576.790118	10411.81801	6331.790118	9576.790118	6331.790118	10411.81801
88	13424.77767	20717.81801	6362.777672	9606.777672	10411.81801	6362.777672	9606.777672	6362.777672	10411.81801
89	13394.1193	20717.81801	6342.119303	9596.119303	10411.81801	6342.119303	9596.119303	6342.119303	10411.81801
90	13385.79012	20717.81801	6331.790118	9583.790118	10411.81801	6331.790118	9583.790118	6331.790118	10411.81801
91	13431.44849	20717.81801	6352.448487	9579.448487	10411.81801	6352.448487	9579.448487	6352.448487	10411.81801
92	13428.44849	20717.81801	6352.448487	9582.448487	10411.81801	6352.448487	9582.448487	6352.448487	10411.81801
93	13418.79012	20717.81801	6331.790118	9550.790118	10411.81801	6331.790118	9550.790118	6331.790118	10411.81801
94	13443.44849	20717.81801	6352.448487	9567.448487	10411.81801	6352.448487	9567.448487	6352.448487	10411.81801
95	13441.44849	20717.81801	6352.448487	9569.448487	10411.81801	6352.448487	9569.448487	6352.448487	10411.81801
96	13458.77767	20717.81801	6362.777672	9572.777672	10411.81801	6362.777672	9572.777672	6362.777672	10411.81801
97	13439.1193	20717.81801	6342.119303	9551.119303	10411.81801	6342.119303	9551.119303	6342.119303	10411.81801
98	13413.46093	20717.81801	6321.460934	9535.460934	10411.81801	6321.460934	9535.460934	6321.460934	10411.81801
99	13417.46093	20717.81801	6321.460934	9531.460934	10411.81801	6321.460934	9531.460934	6321.460934	10411.81801
100	13418.46093	20717.81801	6321.460934	9530.460934	10411.81801	6321.460934	9530.460934	6321.460934	10411.81801
101	13401.80256	20717.81801	6300.802565	9505.802565	10411.81801	6300.802565	9505.802565	6300.802565	10411.81801
102	13437.46093	20717.81801	6321.460934	9511.460934	10411.81801	6321.460934	9511.460934	6321.460934	10411.81801
103	13424.13175	20717.81801	6311.131749	9504.131749	10411.81801	6311.131749	9504.131749	6311.131749	10411.81801
104	13411.80256	20717.81801	6300.802565	9495.802565	10411.81801	6300.802565	9495.802565	6300.802565	10411.81801
105	13399.47338	20717.81801	6290.47338	9487.47338	10411.81801	6290.47338	9487.47338	6290.47338	10411.81801
106	13388.1442	20717.81801	6280.144196	9478.144196	10411.81801	6280.144196	9478.144196	6280.144196	10411.81801
107	13364.15664	20717.81801	6249.156642	9440.156642	10411.81801	6249.156642	9440.156642	6249.156642	10411.81801
108	13400.1442	20717.81801	6280.144196	9466.144196	10411.81801	6280.144196	9466.144196	6280.144196	10411.81801
109	13392.1442	20717.81801	6280.144196	9474.144196	10411.81801	6280.144196	9474.144196	6280.144196	10411.81801
110	13383.81501	20717.81801	6269.815011	9461.815011	10411.81801	6269.815011	9461.815011	6269.815011	10411.81801
111	13385.81501	20717.81801	6269.815011	9459.815011	10411.81801	6269.815011	9459.815011	6269.815011	10411.81801
112	13392.1442	20717.81801	6280.144196	9474.144196	10411.81801	6280.144196	9474.144196	6280.144196	10411.81801
113	13369.48583	20717.81801	6259.485826	9455.485826	10411.81801	6259.485826	9455.485826	6259.485826	10411.81801
114	13420.47338	20717.81801	6290.47338	9466.47338	10411.81801	6290.47338	9466.47338	6290.47338	10411.81801
115	13447.13175	20717.81801	6311.131749	9481.131749	10411.81801	6311.131749	9481.131749	6311.131749	10411.81801
116	13431.80256	20717.81801	6300.802565	9475.802565	10411.81801	6300.802565	9475.802565	6300.802565	10411.81801
117	13430.80256	20717.81801	6300.802565	9476.802565	10411.81801	6300.802565	9476.802565	6300.802565	10411.81801
118	13437.13175	20717.81801	6311.131749	9491.131749	10411.81801	6311.131749	9491.131749	6311.131749	10411.81801
119	13403.1442	20717.81801	6280.144196	9463.144196	10411.81801	6280.144196	9463.144196	6280.144196	10411.81801
120	13423.80256	20717.81801	6300.802565	9483.802565	10411.81801	6300.802565	9483.802565	6300.802565	10411.81801
121	13425.13175	20717.81801	6311.131749	9503.131749	10411.81801	6311.131749	9503.131749	6311.131749	10411.81801
122	13424.13175	20717.81801	6311.131749	9504.131749	10411.81801	6311.131749	9504.131749	6311.131749	10411.81801
123	13413.80256	20717.81801	6300.802565	9493.802565	10411.81801	6300.802565	9493.802565	6300.802565	10411.81801
124	13417.80256	20717.81801	6300.802565	9489.802565	10411.81801	6300.802565	9489.802565	6300.802565	10411.81801
125	13422.80256	20717.81801	6300.802565	9484.802565	10411.81801	6300.802565	9484.802565	6300.802565	10411.81801
126	13413.1442	20717.81801	6280.144196	9453.144196	10411.81801	6280.144196	9453.144196	6280.144196	10411.81801
127	13419.47338	20717.81801	6290.47338	9467.47338	10411.81801	6290.47338	9467.47338	6290.47338	10411.81801
128	13421.47338	20717.81801	6290.47338	9465.47338	10411.81801	6290.47338	9465.47338	6290.47338	10411.81801
129	13414.47338	20717.81801	6290.47338	9472.47338	10411.81801	6290.47338	9472.47338	6290.47338	10411.81801
130	13424.80256	20717.81801	6300.802565	9482.802565	10411.81801	6300.802565	9482.802565	6300.802565	10411.81801
131	13427.80256	20717.81801	6300.802565	9479.802565	10411.81801	6300.802565	9479.802565	6300.802565	10411.81801
132	13433.80256	20717.81801	6300.802565	9473.802565	10411.81801	6300.802565	9473.802565	6300.802565	10411.81801
133	13445.13175	20717.81801	6311.131749	9483.131749	10411.81801	6311.131749	9483.131749	6311.131749	10411.81801
134	13439.80256	20717.81801	6300.802565	9467.802565	10411.81801	6300.802565	9467.802565	6300.802565	10411.81801
135	13449.13175	20717.81801	6311.131749	9479.131749	10411.81801	6311.131749	9479.131749	6311.131749	10411.81801
136	13419.1442	20717.81801	6280.144196	9447.144196	10411.81801	6280.144196	9447.144196	6280.144196	10411.81801
137	13441.80256	20717.81801	6300.802565	9465.802565	10411.81801	6300.802565	9465.802565	6300.802565	10411.81801
138	13431.80256	20717.81801	6300.802565	9475.802565	10411.81801	6300.802565	9475.802565	6300.802565	10411.81801
139	13447.13175	20717.81801	6311.131749	9481.131749	10411.81801	6311.131749	9481.131749	6311.131749	10411.81801
140	13449.13175	20717.81801	6311.131749	9479.131749	10411.81801	6311.131749	9479.131749	6311.131749	10411.81801
141	13446.80256	20717.81801	6300.802565	9460.802565	10411.81801	6300.802565	9460.802565	6300.802565	10411.81801
142	13444.80256	20717.81801	6300.802565	9462.802565	10411.81801	6300.802565	9462.802565	6300.802565	10411.81801
143	13414.1442	20717.81801	6280.144196	9452.144196	10411.81801	6280.144196	9452.144196	6280.144196	10411.81801
144	13412.1442	20717.81801	6280.144196	9454.144196	10411.81801	6280.144196	9454.144196	6280.144196	10411.81801
145	13414.1442	20717.81801	6280.144196	9452.144196	10411.81801	6280.144196	9452.144196	6280.144196	10411.81801
146	13453.46093	20717.81801	6321.460934	9495.460934	10411.81801	6321.460934	9495.460934	6321.460934	10411.81801
147	13430.80256	20717.81801	6300.802565	9476.802565	10411.81801	6300.802565	9476.802565	6300.802565	10411.81801
148	13433.80256	20717.81801	6300.802565	9473.802565	10411.81801	6300.802565	9473.802565	6300.802565	10411.81801
149	13432.80256	20717.81801	6300.802565	9474.802565	10411.81801	6300.802565	9474.802565	6300.802565	10411.81801
150	13440.80256	20717.81801	6300.802565	9466.802565	10411.81801	6300.802565	9466.802565	6300.802565	10411.81801
151	13461.46093	20717.81801	6321.460934	9487.460934	10411.81801	6321.460934	9487.460934	6321.460934	10411.81801
152	13473.79012	20717.81801	6331.790118	9495.790118	10411.81801	6331.790118	9495.790118	6331.790118	10411.81801
153	13487.1193	20717.81801	6342.119303	9503.119303	10411.81801	6342.119303	9503.119303	6342.119303	10411.81801
154	13464.46093	20717.81801	6321.460934	9484.460934	10411.81801	6321.460934	9484.460934	6321.460934	10411.81801
155	13474.79012	20717.81801	6331.790118	9494.790118	10411.81801	6331.790118	9494.790118	6331.790118	10411.81801
156	13477.79012	20717.81801	6331.790118	9491.790118	10411.81801	6331.790118	9491.790118	6331.790118	10411.81801
157	13478.79012	20717.81801	6331.790118	9490.790118	10411.81801	6331.790118	9490.790118	6331.790118	10411.81801
158	13510.77767	20717.81801	6362.777672	9520.777672	10411.81801	6362.777672	9520.777672	6362.777672	10411.81801
159	13501.44849	20717.81801	6352.448487	9509.448487	10411.81801	6352.448487	9509.448487	6352.448487	10411.81801
160	13453.13175	20717.81801	6311.131749	9475.131749	10411.81801	6311.131749	9475.131749	6311.131749	10411.81801
161	13455.13175	20717.81801	6311.131749	9473.131749	10411.81801	6311.131749	9473.131749	6311.131749	10411.81801
162	13461.46093	20717.81801	6321.460934	9487.460934	10411.81801	6321.460934	9487.460934	6321.460934	10411.81801
163	13464.46093	20717.81801	6321.460934	9484.460934	10411.81801	6321.460934	9484.460934	6321.460934	10411.81801
164	13443.80256	20717.81801	6300.802565	9463.802565	10411.81801	6300.802565	9463.802565	6300.802565	10411.81801
165	13462.46093	20717.81801	6321.460934	9486.460934	10411.81801	6321.460934	9486.460934	6321.460934	10411.81801
166	13453.13175	20717.81801	6311.131749	9475.131749	10411.81801	6311.131749	9475.131749	6311.131749	10411.81801
167	13465.46093	20717.81801	6321.460934	9483.460934	10411.81801	6321.460934	9483.460934	6321.460934	10411.81801
168	13461.13175	20717.81801	6311.131749	9467.131749	10411.81801	6311.131749	9467.131749	6311.131749	10411.81801
169	13460.13175	20717.81801	6311.131749	9468.131749	10411.81801	6311.131749	9468.131749	6311.131749	10411.81801
170	13438.47338	20717.81801	6290.47338	9448.47338	10411.81801	6290.47338	9448.47338	6290.47338	10411.81801
171	13454.80256	20717.81801	6300.802565	9452.802565	10411.81801	6300.802565	9452.802565	6300.802565	10411.81801
172	13449.80256	20717.81801	6300.802565	9457.802565	10411.81801	6300.802565	9457.802565	6300.802565	10411.81801
173	13431.1442	20717.81801	6280.144196	9435.144196	10411.81801	6280.144196	9435.144196	6280.144196	10411.81801
174	13432.1442	20717.81801	6280.144196	9434.144196	10411.81801	6280.144196	9434.144196	6280.144196	10411.81801
175	13433.1442	20717.81801	6280.144196	9433.144196	10411.81801	6280.144196	9433.144196	6280.144196	10411.81801
176	13443.47338	20717.81801	6290.47338	9443.47338	10411.81801	6290.47338	9443.47338	6290.47338	10411.81801
177	13450.80256	20717.81801	6300.802565	9456.802565	10411.81801	6300.802565	9456.802565	6300.802565	10411.81801
178	13440.47338	20717.81801	6290.47338	9446.47338	10411.81801	6290.47338	9446.47338	6290.47338	10411.81801
179	13468.13175	20717.81801	6311.131749	9460.131749	10411.81801	6311.131749	9460.131749	6311.131749	10411.81801
180	13455.80256	20717.81801	6300.802565	9451.802565	10411.81801	6300.802565	9451.802565	6300.802565	10411.81801
181	13459.80256	20717.81801	6300.802565	9447.802565	10411.81801	6300.802565	9447.802565	6300.802565	10411.81801
182	13446.80256	20717.81801	6300.802565	9460.802565	10411.81801	6300.802565	9460.802565	6300.802565	10411.81801
183	13448.80256	20717.81801	6300.802565	9458.802565	10411.81801	6300.802565	9458.802565	6300.802565	10411.81801
184	13452.80256	20717.81801	6300.802565	9454.802565	10411.81801	6300.802565	9454.802565	6300.802565	10411.81801
185	13445.47338	20717.81801	6290.47338	9441.47338	10411.81801	6290.47338	9441.47338	6290.47338	10411.81801
186	13463.13175	20717.81801	6311.131749	9465.131749	10411.81801	6311.131749	9465.131749	6311.131749	10411.81801
187	13473.46093	20717.81801	6321.460934	9475.460934	10411.81801	6321.460934	9475.460934	6321.460934	10411.81801
188	13448.47338	20717.81801	6290.47338	9438.47338	10411.81801	6290.47338	9438.47338	6290.47338	10411.81801
189	13480.46093	20717.81801	6321.460934	9468.460934	10411.81801	6321.460934	9468.460934	6321.460934	10411.81801
190	13493.79012	20717.81801	6331.790118	9475.790118	10411.81801	6331.790118	9475.790118	6331.790118	10411.81801
191	13461.13175	20717.81801	6311.131749	9467.131749	10411.81801	6311.131749	9467.131749	6311.131749	10411.81801
192	13468.13175	20717.81801	6311.131749	9460.131749	10411.81801	6311.131749	9460.131749	6311.131749	10411.81801
193	13460.80256	20717.81801	6300.802565	9446.802565	10411.81801	6300.802565	9446.802565	6300.802565	10411.81801
194	13461.80256	20717.81801	6300.802565	9445.802565	10411.81801	6300.802565	9445.802565	6300.802565	10411.81801
195	13487.46093	20717.81801	6321.460934	9461.460934	10411.81801	6321.460934	9461.460934	6321.460934	10411.81801
196	13476.13175	20717.81801	6311.131749	9452.131749	10411.81801	6311.131749	9452.131749	6311.131749	10411.81801
197	13475.13175	20717.81801	6311.131749	9453.131749	10411.81801	6311.131749	9453.131749	6311.131749	10411.81801
198	13468.80256	20717.81801	6300.802565	9438.802565	10411.81801	6300.802565	9438.802565	6300.802565	10411.81801
199	13472.80256	20717.81801	6300.802565	9434.802565	10411.81801	6300.802565	9434.802565	6300.802565	10411.81801
200	13468.80256	20717.81801	6300.802565	9438.802565	10411.81801	6300.802565	9438.802565	6300.802565	10411.81801
201	13468.80256	20717.81801	6300.802565	9438.802565	10411.81801	6300.802565	9438.802565	6300.802565	10411.81801
202	13517.79012	20717.81801	6331.790118	9451.790118	10411.81801	6331.790118	9451.790118	6331.790118	10411.81801
203	13488.80256	20717.81801	6300.802565	9418.802565	10411.81801	6300.802565	9418.802565	6300.802565	10411.81801
204	13466.1442	20717.81801	6280.144196	9400.144196	10411.81801	6280.144196	9400.144196	6280.144196	10411.81801
205	13458.81501	20717.81801	6269.815011	9386.815011	10411.81801	6269.815011	9386.815011	6269.815011	10411.81801
206	13460.81501	20717.81801	6269.815011	9384.815011	10411.81801	6269.815011	9384.815011	6269.815011	10411.81801
207	13472.1442	20717.81801	6280.144196	9394.144196	10411.81801	6280.144196	9394.144196	6280.144196	10411.81801
208	13460.81501	20717.81801	6269.815011	9384.815011	10411.81801	6269.815011	9384.815011	6269.815011	10411.81801
209	13469.1442	20717.81801	6280.144196	9397.144196	10411.81801	6280.144196	9397.144196	6280.144196	10411.81801
210	13468.1442	20717.81801	6280.144196	9398.144196	10411.81801	6280.144196	9398.144196	6280.144196	10411.81801
211	13492.80256	20717.81801	6300.802565	9414.802565	10411.81801	6300.802565	9414.802565	6300.802565	10411.81801
212	13472.1442	20717.81801	6280.144196	9394.144196	10411.81801	6280.144196	9394.144196	6280.144196	10411.81801
213	13491.80256	20717.81801	6300.802565	9415.802565	10411.81801	6300.802565	9415.802565	6300.802565	10411.81801
214	13507.13175	20717.81801	6311.131749	9421.131749	10411.81801	6311.131749	9421.131749	6311.131749	10411.81801
215	13512.46093	20717.81801	6321.460934	9436.460934	10411.81801	6321.460934	9436.460934	6321.460934	10411.81801
216	13499.13175	20717.81801	6311.131749	9429.131749	10411.81801	6311.131749	9429.131749	6311.131749	10411.81801
217	13497.13175	20717.81801	6311.131749	9431.131749	10411.81801	6311.131749	9431.131749	6311.131749	10411.81801
218	13498.13175	20717.81801	6311.131749	9430.131749	10411.81801	6311.131749	9430.131749	6311.131749	10411.81801
219	13510.46093	20717.81801	6321.460934	9438.460934	10411.81801	6321.460934	9438.460934	6321.460934	10411.81801
220	13510.46093	20717.81801	6321.460934	9438.460934	10411.81801	6321.460934	9438.460934	6321.460934	10411.81801
221	13512.46093	20717.81801	6321.460934	9436.460934	10411.81801	6321.460934	9436.460934	6321.460934	10411.81801
222	13506.13175	20717.81801	6311.131749	9422.131749	10411.81801	6311.131749	9422.131749	6311.131749	10411.81801
223	13522.79012	20717.81801	6331.790118	9446.790118	10411.81801	6331.790118	9446.790118	6331.790118	10411.81801
224	13522.79012	20717.81801	6331.790118	9446.790118	10411.81801	6331.790118	9446.790118	6331.790118	10411.81801
225	13546.44849	20717.81801	6352.448487	9464.448487	10411.81801	6352.448487	9464.448487	6352.448487	10411.81801
226	13525.79012	20717.81801	6331.790118	9443.790118	10411.81801	6331.790118	9443.790118	6331.790118	10411.81801
227	13510.46093	20717.81801	6321.460934	9438.460934	10411.81801	6321.460934	9438.460934	6321.460934	10411.81801
228	13498.13175	20717.81801	6311.131749	9430.131749	10411.81801	6311.131749	9430.131749	6311.131749	10411.81801
229	13523.79012	20717.81801	6331.790118	9445.790118	10411.81801	6331.790118	9445.790118	6331.790118	10411.81801
230	13539.44849	20717.81801	6352.448487	9471.448487	10411.81801	6352.448487	9471.448487	6352.448487	10411.81801
231	13534.1193	20717.81801	6342.119303	9456.119303	10411.81801	6342.119303	9456.119303	6342.119303	10411.81801
232	13524.79012	20717.81801	6331.790118	9444.790118	10411.81801	6331.790118	9444.790118	6331.790118	10411.81801
233	13524.79012	20717.81801	6331.790118	9444.790118	10411.81801	6331.790118	9444.790118	6331.790118	10411.81801
234	13525.79012	20717.81801	6331.790118	9443.790118	10411.81801	6331.790118	9443.790118	6331.790118	10411.81801
235	13519.46093	20717.81801	6321.460934	9429.460934	10411.81801	6321.460934	9429.460934	6321.460934	10411.81801
236	13538.1193	20717.81801	6342.119303	9452.119303	10411.81801	6342.119303	9452.119303	6342.119303	10411.81801
237	13526.79012	20717.81801	6331.790118	9442.790118	10411.81801	6331.790118	9442.790118	6331.790118	10411.81801
238	13524.79012	20717.81801	6331.790118	9444.790118	10411.81801	6331.790118	9444.790118	6331.790118	10411.81801
239	13539.1193	20717.81801	6342.119303	9451.119303	10411.81801	6342.119303	9451.119303	6342.119303	10411.81801
240	13528.79012	20717.81801	6331.790118	9440.790118	10411.81801	6331.790118	9440.790118	6331.790118	10411.81801
241	13518.46093	20717.81801	6321.460934	9430.460934	10411.81801	6321.460934	9430.460934	6321.460934	10411.81801
242	13519.46093	20717.81801	6321.460934	9429.460934	10411.81801	6321.460934	9429.460934	6321.460934	10411.81801
243	13529.79012	20717.81801	6331.790118	9439.790118	10411.81801	6331.790118	9439.790118	6331.790118	10411.81801
244	13535.79012	20717.81801	6331.790118	9433.790118	10411.81801	6331.790118	9433.790118	6331.790118	10411.81801
245	13524.46093	20717.81801	6321.460934	9424.460934	10411.81801	6321.460934	9424.460934	6321.460934	10411.81801
246	13547.1193	20717.81801	6342.119303	9443.119303	10411.81801	6342.119303	9443.119303	6342.119303	10411.81801
247	13536.79012	20717.81801	6331.790118	9432.790118	10411.81801	6331.790118	9432.790118	6331.790118	10411.81801
248	13535.79012	20717.81801	6331.790118	9433.790118	10411.81801	6331.790118	9433.790118	6331.790118	10411.81801
249	13511.13175	20717.81801	6311.131749	9417.131749	10411.81801	6311.131749	9417.131749	6311.131749	10411.81801
250	13511.13175	20717.81801	6311.131749	9417.131749	10411.81801	6311.131749	9417.131749	6311.131749	10411.81801
251	13513.13175	20717.81801	6311.131749	9415.131749	10411.81801	6311.131749	9415.131749	6311.131749	10411.81801
252	13530.79012	20717.81801	6331.790118	9438.790118	10411.81801	6331.790118	9438.790118	6331.790118	10411.81801
253	13539.1193	20717.81801	6342.119303	9451.119303	10411.81801	6342.119303	9451.119303	6342.119303	10411.81801
254	13540.1193	20717.81801	6342.119303	9450.119303	10411.81801	6342.119303	9450.119303	6342.119303	10411.81801
255	13535.79012	20717.81801	6331.790118	9433.790118	10411.81801	6331.790118	9433.790118	6331.790118	10411.81801
256	13538.79012	20717.81801	6331.790118	9430.790118	10411.81801	6331.790118	9430.790118	6331.790118	10411.81801
257	13551.1193	20717.81801	6342.119303	9439.119303	10411.81801	6342.119303	9439.119303	6342.119303	10411.81801
258	13537.79012	20717.81801	6331.790118	9431.790118	10411.81801	6331.790118	9431.790118	6331.790118	10411.81801
259	13552.1193	20717.81801	6342.119303	9438.119303	10411.81801	6342.119303	9438.119303	6342.119303	10411.81801
260	13572.77767	20717.81801	6362.777672	9458.777672	10411.81801	6362.777672	9458.777672	6362.777672	10411.81801
261	13583.10686	20717.81801	6373.106856	9469.106856	10411.81801	6373.106856	9469.106856	6373.106856	10411.81801
262	13581.10686	20717.81801	6373.106856	9471.106856	10411.81801	6373.106856	9471.106856	6373.106856	10411.81801
263	13586.10686	20717.81801	6373.106856	9466.106856	10411.81801	6373.106856	9466.106856	6373.106856	10411.81801
264	13567.77767	20717.81801	6362.777672	9463.777672	10411.81801	6362.777672	9463.777672	6362.777672	10411.81801
265	13578.10686	20717.81801	6373.106856	9474.106856	10411.81801	6373.106856	9474.106856	6373.106856	10411.81801
266	13563.77767	20717.81801	6362.777672	9467.777672	10411.81801	6362.777672	9467.777672	6362.777672	10411.81801
267	13569.77767	20717.81801	6362.777672	9461.777672	10411.81801	6362.777672	9461.777672	6362.777672	10411.81801
268	13570.77767	20717.81801	6362.777672	9460.777672	10411.81801	6362.777672	9460.777672	6362.777672	10411.81801
269	13577.10686	20717.81801	6373.106856	9475.106856	10411.81801	6373.106856	9475.106856	6373.106856	10411.81801
270	13575.10686	20717.81801	6373.106856	9477.106856	10411.81801	6373.106856	9477.106856	6373.106856	10411.81801
271	13575.10686	20717.81801	6373.106856	9477.106856	10411.81801	6373.106856	9477.106856	6373.106856	10411.81801
272	13574.10686	20717.81801	6373.106856	9478.106856	10411.81801	6373.106856	9478.106856	6373.106856	10411.81801
273	13583.43604	20717.81801	6383.436041	9489.436041	10411.81801	6383.436041	9489.436041	6383.436041	10411.81801
274	13573.10686	20717.81801	6373.106856	9479.106856	10411.81801	6373.106856	9479.106856	6373.106856	10411.81801
275	13571.10686	20717.81801	6373.106856	9481.106856	10411.81801	6373.106856	9481.106856	6373.106856	10411.81801
276	13570.10686	20717.81801	6373.106856	9482.106856	10411.81801	6373.106856	9482.106856	6373.106856	10411.81801
277	13568.10686	20717.81801	6373.106856	9484.106856	10411.81801	6373.106856	9484.106856	6373.106856	10411.81801
278	13582.43604	20717.81801	6383.436041	9490.436041	10411.81801	6383.436041	9490.436041	6383.436041	10411.81801
279	13575.10686	20717.81801	6373.106856	9477.106856	10411.81801	6373.106856	9477.106856	6373.106856	10411.81801
280	13589.43604	20717.81801	6383.436041	9483.436041	10411.81801	6383.436041	9483.436041	6383.436041	10411.81801
281	13560.77767	20717.81801	6362.777672	9470.777672	10411.81801	6362.777672	9470.777672	6362.777672	10411.81801
282	13572.10686	20717.81801	6373.106856	9480.106856	10411.81801	6373.106856	9480.106856	6373.106856	10411.81801
283	13566.10686	20717.81801	6373.106856	9486.106856	10411.81801	6373.106856	9486.106856	6373.106856	10411.81801
284	13574.43604	20717.81801	6383.436041	9498.436041	10411.81801	6383.436041	9498.436041	6383.436041	10411.81801
285	13561.10686	20717.81801	6373.106856	9491.106856	10411.81801	6373.106856	9491.106856	6373.106856	10411.81801
286	13575.43604	20717.81801	6383.436041	9497.436041	10411.81801	6383.436041	9497.436041	6383.436041	10411.81801
287	13565.10686	20717.81801	6373.106856	9487.106856	10411.81801	6373.106856	9487.106856	6373.106856	10411.81801
288	13580.43604	20717.81801	6383.436041	9492.436041	10411.81801	6383.436041	9492.436041	6383.436041	10411.81801
289	13591.76523	20717.81801	6393.765225	9501.765225	10411.81801	6393.765225	9501.765225	6393.765225	10411.81801
290	13603.09441	20717.81801	6404.09441	9511.09441	10411.81801	6404.09441	9511.09441	6404.09441	10411.81801
291	13597.76523	20717.81801	6393.765225	9495.765225	10411.81801	6393.765225	9495.765225	6393.765225	10411.81801
292	13610.09441	20717.81801	6404.09441	9504.09441	10411.81801	6404.09441	9504.09441	6404.09441	10411.81801
293	13620.42359	20717.81801	6414.423594	9514.423594	10411.81801	6414.423594	9514.423594	6414.423594	10411.81801
294	13619.42359	20717.81801	6414.423594	9515.423594	10411.81801	6414.423594	9515.423594	6414.423594	10411.81801
295	13621.42359	20717.81801	6414.423594	9513.423594	10411.81801	6414.423594	9513.423594	6414.423594	10411.81801
296	13620.42359	20717.81801	6414.423594	9514.423594	10411.81801	6414.423594	9514.423594	6414.423594	10411.81801
297	13619.42359	20717.81801	6414.423594	9515.423594	10411.81801	6414.423594	9515.423594	6414.423594	10411.81801
298	13622.42359	20717.81801	6414.423594	9512.423594	10411.81801	6414.423594	9512.423594	6414.423594	10411.81801
299	13615.09441	20717.81801	6404.09441	9499.09441	10411.81801	6404.09441	9499.09441	6404.09441	10411.81801
300	13616.09441	20717.81801	6404.09441	9498.09441	10411.81801	6404.09441	9498.09441	6404.09441	10411.81801
301	13601.76523	20717.81801	6393.765225	9491.765225	10411.81801	6393.765225	9491.765225	6393.765225	10411.81801
302	13600.76523	20717.81801	6393.765225	9492.765225	10411.81801	6393.765225	9492.765225	6393.765225	10411.81801
303	13603.76523	20717.81801	6393.765225	9489.765225	10411.81801	6393.765225	9489.765225	6393.765225	10411.81801
304	13595.43604	20717.81801	6383.436041	9477.436041	10411.81801	6383.436041	9477.436041	6383.436041	10411.81801
305	13594.43604	20717.81801	6383.436041	9478.436041	10411.81801	6383.436041	9478.436041	6383.436041	10411.81801
306	13585.10686	20717.81801	6373.106856	9467.106856	10411.81801	6373.106856	9467.106856	6373.106856	10411.81801
307	13585.10686	20717.81801	6373.106856	9467.106856	10411.81801	6373.106856	9467.106856	6373.106856	10411.81801
308	13584.10686	20717.81801	6373.106856	9468.106856	10411.81801	6373.106856	9468.106856	6373.106856	10411.81801
309	13584.10686	20717.81801	6373.106856	9468.106856	10411.81801	6373.106856	9468.106856	6373.106856	10411.81801
310	13583.10686	20717.81801	6373.106856	9469.106856	10411.81801	6373.106856	9469.106856	6373.106856	10411.81801
311	13581.10686	20717.81801	6373.106856	9471.106856	10411.81801	6373.106856	9471.106856	6373.106856	10411.81801
312	13580.10686	20717.81801	6373.106856	9472.106856	10411.81801	6373.106856	9472.106856	6373.106856	10411.81801
313	13581.10686	20717.81801	6373.106856	9471.106856	10411.81801	6373.106856	9471.106856	6373.106856	10411.81801
314	13589.10686	20717.81801	6373.106856	9463.106856	10411.81801	6373.106856	9463.106856	6373.106856	10411.81801
315	13589.10686	20717.81801	6373.106856	9463.106856	10411.81801	6373.106856	9463.106856	6373.106856	10411.81801
316	13589.10686	20717.81801	6373.106856	9463.106856	10411.81801	6373.106856	9463.106856	6373.106856	10411.81801
317	13570.44849	20717.81801	6352.448487	9440.448487	10411.81801	6352.448487	9440.448487	6352.448487	10411.81801
318	13569.44849	20717.81801	6352.448487	9441.448487	10411.81801	6352.448487	9441.448487	6352.448487	10411.81801
319	13576.44849	20717.81801	6352.448487	9434.448487	10411.81801	6352.448487	9434.448487	6352.448487	10411.81801
320	13574.44849	20717.81801	6352.448487	9436.448487	10411.81801	6352.448487	9436.448487	6352.448487	10411.81801
321	13574.44849	20717.81801	6352.448487	9436.448487	10411.81801	6352.448487	9436.448487	6352.448487	10411.81801
322	13582.77767	20717.81801	6362.777672	9448.777672	10411.81801	6362.777672	9448.777672	6362.777672	10411.81801
323	13584.77767	20717.81801	6362.777672	9446.777672	10411.81801	6362.777672	9446.777672	6362.777672	10411.81801
324	13587.77767	20717.81801	6362.777672	9443.777672	10411.81801	6362.777672	9443.777672	6362.777672	10411.81801
325	13596.10686	20717.81801	6373.106856	9456.106856	10411.81801	6373.106856	9456.106856	6373.106856	10411.81801
326	13591.77767	20717.81801	6362.777672	9439.777672	10411.81801	6362.777672	9439.777672	6362.777672	10411.81801
327	13601.10686	20717.81801	6373.106856	9451.106856	10411.81801	6373.106856	9451.106856	6373.106856	10411.81801
328	13596.10686	20717.81801	6373.106856	9456.106856	10411.81801	6373.106856	9456.106856	6373.106856	10411.81801
329	13583.77767	20717.81801	6362.777672	9447.777672	10411.81801	6362.777672	9447.777672	6362.777672	10411.81801
330	13574.44849	20717.81801	6352.448487	9436.448487	10411.81801	6352.448487	9436.448487	6352.448487	10411.81801
331	13591.77767	20717.81801	6362.777672	9439.777672	10411.81801	6362.777672	9439.777672	6362.777672	10411.81801
332	13591.77767	20717.81801	6362.777672	9439.777672	10411.81801	6362.777672	9439.777672	6362.777672	10411.81801
333	13594.77767	20717.81801	6362.777672	9436.777672	10411.81801	6362.777672	9436.777672	6362.777672	10411.81801
334	13596.77767	20717.81801	6362.777672	9434.777672	10411.81801	6362.777672	9434.777672	6362.777672	10411.81801
335	13590.77767	20717.81801	6362.777672	9440.777672	10411.81801	6362.777672	9440.777672	6362.777672	10411.81801
336	13595.77767	20717.81801	6362.777672	9435.777672	10411.81801	6362.777672	9435.777672	6362.777672	10411.81801
337	13607.10686	20717.81801	6373.106856	9445.106856	10411.81801	6373.106856	9445.106856	6373.106856	10411.81801
338	13605.10686	20717.81801	6373.106856	9447.106856	10411.81801	6373.106856	9447.106856	6373.106856	10411.81801
339	13585.44849	20717.81801	6352.448487	9425.448487	10411.81801	6352.448487	9425.448487	6352.448487	10411.81801
340	13580.44849	20717.81801	6352.448487	9430.448487	10411.81801	6352.448487	9430.448487	6352.448487	10411.81801
341	13587.77767	20717.81801	6362.777672	9443.777672	10411.81801	6362.777672	9443.777672	6362.777672	10411.81801
342	13594.77767	20717.81801	6362.777672	9436.777672	10411.81801	6362.777672	9436.777672	6362.777672	10411.81801
343	13605.10686	20717.81801	6373.106856	9447.106856	10411.81801	6373.106856	9447.106856	6373.106856	10411.81801
344	13607.10686	20717.81801	6373.106856	9445.106856	10411.81801	6373.106856	9445.106856	6373.106856	10411.81801
345	13619.43604	20717.81801	6383.436041	9453.436041	10411.81801	6383.436041	9453.436041	6383.436041	10411.81801
346	13624.43604	20717.81801	6383.436041	9448.436041	10411.81801	6383.436041	9448.436041	6383.436041	10411.81801
347	13629.43604	20717.81801	6383.436041	9443.436041	10411.81801	6383.436041	9443.436041	6383.436041	10411.81801
348	13625.43604	20717.81801	6383.436041	9447.436041	10411.81801	6383.436041	9447.436041	6383.436041	10411.81801
349	13625.43604	20717.81801	6383.436041	9447.436041	10411.81801	6383.436041	9447.436041	6383.436041	10411.81801
350	13631.43604	20717.81801	6383.436041	9441.436041	10411.81801	6383.436041	9441.436041	6383.436041	10411.81801
351	13618.10686	20717.81801	6373.106856	9434.106856	10411.81801	6373.106856	9434.106856	6373.106856	10411.81801
352	13615.10686	20717.81801	6373.106856	9437.106856	10411.81801	6373.106856	9437.106856	6373.106856	10411.81801
353	13616.10686	20717.81801	6373.106856	9436.106856	10411.81801	6373.106856	9436.106856	6373.106856	10411.81801
354	13618.10686	20717.81801	6373.106856	9434.106856	10411.81801	6373.106856	9434.106856	6373.106856	10411.81801
355	13616.10686	20717.81801	6373.106856	9436.106856	10411.81801	6373.106856	9436.106856	6373.106856	10411.81801
356	13610.10686	20717.81801	6373.106856	9442.106856	10411.81801	6373.106856	9442.106856	6373.106856	10411.81801
357	13600.77767	20717.81801	6362.777672	9430.777672	10411.81801	6362.777672	9430.777672	6362.777672	10411.81801
358	13592.44849	20717.81801	6352.448487	9418.448487	10411.81801	6352.448487	9418.448487	6352.448487	10411.81801
359	13604.77767	20717.81801	6362.777672	9426.777672	10411.81801	6362.777672	9426.777672	6362.777672	10411.81801
360	13606.77767	20717.81801	6362.777672	9424.777672	10411.81801	6362.777672	9424.777672	6362.777672	10411.81801
361	13600.44849	20717.81801	6352.448487	9410.448487	10411.81801	6352.448487	9410.448487	6352.448487	10411.81801
362	13598.44849	20717.81801	6352.448487	9412.448487	10411.81801	6352.448487	9412.448487	6352.448487	10411.81801
363	13596.44849	20717.81801	6352.448487	9414.448487	10411.81801	6352.448487	9414.448487	6352.448487	10411.81801
364	13592.1193	20717.81801	6342.119303	9398.119303	10411.81801	6342.119303	9398.119303	6342.119303	10411.81801
365	13592.1193	20717.81801	6342.119303	9398.119303	10411.81801	6342.119303	9398.119303	6342.119303	10411.81801
366	13599.44849	20717.81801	6352.448487	9411.448487	10411.81801	6352.448487	9411.448487	6352.448487	10411.81801
367	13605.44849	20717.81801	6352.448487	9405.448487	10411.81801	6352.448487	9405.448487	6352.448487	10411.81801
368	13607.44849	20717.81801	6352.448487	9403.448487	10411.81801	6352.448487	9403.448487	6352.448487	10411.81801
369	13602.44849	20717.81801	6352.448487	9408.448487	10411.81801	6352.448487	9408.448487	6352.448487	10411.81801
370	13609.44849	20717.81801	6352.448487	9401.448487	10411.81801	6352.448487	9401.448487	6352.448487	10411.81801
371	13607.44849	20717.81801	6352.448487	9403.448487	10411.81801	6352.448487	9403.448487	6352.448487	10411.81801
372	13607.44849	20717.81801	6352.448487	9403.448487	10411.81801	6352.448487	9403.448487	6352.448487	10411.81801
373	13607.44849	20717.81801	6352.448487	9403.448487	10411.81801	6352.448487	9403.448487	6352.448487	10411.81801
374	13600.1193	20717.81801	6342.119303	9390.119303	10411.81801	6342.119303	9390.119303	6342.119303	10411.81801
375	13603.1193	20717.81801	6342.119303	9387.119303	10411.81801	6342.119303	9387.119303	6342.119303	10411.81801
376	13607.1193	20717.81801	6342.119303	9383.119303	10411.81801	6342.119303	9383.119303	6342.119303	10411.81801
377	13592.79012	20717.81801	6331.790118	9376.790118	10411.81801	6331.790118	9376.790118	6331.790118	10411.81801
378	13587.46093	20717.81801	6321.460934	9361.460934	10411.81801	6321.460934	9361.460934	6321.460934	10411.81801
379	13616.44849	20717.81801	6352.448487	9394.448487	10411.81801	6352.448487	9394.448487	6352.448487	10411.81801
380	13587.46093	20717.81801	6321.460934	9361.460934	10411.81801	6321.460934	9361.460934	6321.460934	10411.81801
381	13576.13175	20717.81801	6311.131749	9352.131749	10411.81801	6311.131749	9352.131749	6311.131749	10411.81801
382	13587.46093	20717.81801	6321.460934	9361.460934	10411.81801	6321.460934	9361.460934	6321.460934	10411.81801
383	13606.1193	20717.81801	6342.119303	9384.119303	10411.81801	6342.119303	9384.119303	6342.119303	10411.81801
384	13588.46093	20717.81801	6321.460934	9360.460934	10411.81801	6321.460934	9360.460934	6321.460934	10411.81801
385	13604.79012	20717.81801	6331.790118	9364.790118	10411.81801	6331.790118	9364.790118	6331.790118	10411.81801
386	13598.79012	20717.81801	6331.790118	9370.790118	10411.81801	6331.790118	9370.790118	6331.790118	10411.81801
387	13598.79012	20717.81801	6331.790118	9370.790118	10411.81801	6331.790118	9370.790118	6331.790118	10411.81801
388	13599.79012	20717.81801	6331.790118	9369.790118	10411.81801	6331.790118	9369.790118	6331.790118	10411.81801
389	13599.79012	20717.81801	6331.790118	9369.790118	10411.81801	6331.790118	9369.790118	6331.790118	10411.81801
390	13597.79012	20717.81801	6331.790118	9371.790118	10411.81801	6331.790118	9371.790118	6331.790118	10411.81801
391	13591.46093	20717.81801	6321.460934	9357.460934	10411.81801	6321.460934	9357.460934	6321.460934	10411.81801
392	13603.79012	20717.81801	6331.790118	9365.790118	10411.81801	6331.790118	9365.790118	6331.790118	10411.81801
393	13605.79012	20717.81801	6331.790118	9363.790118	10411.81801	6331.790118	9363.790118	6331.790118	10411.81801
394	13596.46093	20717.81801	6321.460934	9352.460934	10411.81801	6321.460934	9352.460934	6321.460934	10411.81801
395	13608.79012	20717.81801	6331.790118	9360.790118	10411.81801	6331.790118	9360.790118	6331.790118	10411.81801
396	13621.1193	20717.81801	6342.119303	9369.119303	10411.81801	6342.119303	9369.119303	6342.119303	10411.81801
397	13619.1193	20717.81801	6342.119303	9371.119303	10411.81801	6342.119303	9371.119303	6342.119303	10411.81801
398	13619.1193	20717.81801	6342.119303	9371.119303	10411.81801	6342.119303	9371.119303	6342.119303	10411.81801
399	13626.44849	20717.81801	6352.448487	9384.448487	10411.81801	6352.448487	9384.448487	6352.448487	10411.81801
400	13610.79012	20717.81801	6331.790118	9358.790118	10411.81801	6331.790118	9358.790118	6331.790118	10411.81801
401	13606.79012	20717.81801	6331.790118	9362.790118	10411.81801	6331.790118	9362.790118	6331.790118	10411.81801
402	13579.80256	20717.81801	6300.802565	9327.802565	10411.81801	6300.802565	9327.802565	6300.802565	10411.81801
403	13609.79012	20717.81801	6331.790118	9359.790118	10411.81801	6331.790118	9359.790118	6331.790118	10411.81801
404	13610.79012	20717.81801	6331.790118	9358.790118	10411.81801	6331.790118	9358.790118	6331.790118	10411.81801
405	13612.79012	20717.81801	6331.790118	9356.790118	10411.81801	6331.790118	9356.790118	6331.790118	10411.81801
406	13611.79012	20717.81801	6331.790118	9357.790118	10411.81801	6331.790118	9357.790118	6331.790118	10411.81801
407	13609.79012	20717.81801	6331.790118	9359.790118	10411.81801	6331.790118	9359.790118	6331.790118	10411.81801
408	13594.13175	20717.81801	6311.131749	9334.131749	10411.81801	6311.131749	9334.131749	6311.131749	10411.81801
409	13605.46093	20717.81801	6321.460934	9343.460934	10411.81801	6321.460934	9343.460934	6321.460934	10411.81801
410	13596.13175	20717.81801	6311.131749	9332.131749	10411.81801	6311.131749	9332.131749	6311.131749	10411.81801
411	13600.13175	20717.81801	6311.131749	9328.131749	10411.81801	6311.131749	9328.131749	6311.131749	10411.81801
412	13587.80256	20717.81801	6300.802565	9319.802565	10411.81801	6300.802565	9319.802565	6300.802565	10411.81801
413	13598.13175	20717.81801	6311.131749	9330.131749	10411.81801	6311.131749	9330.131749	6311.131749	10411.81801
414	13608.46093	20717.81801	6321.460934	9340.460934	10411.81801	6321.460934	9340.460934	6321.460934	10411.81801
415	13596.13175	20717.81801	6311.131749	9332.131749	10411.81801	6311.131749	9332.131749	6311.131749	10411.81801
416	13600.13175	20717.81801	6311.131749	9328.131749	10411.81801	6311.131749	9328.131749	6311.131749	10411.81801
417	13600.13175	20717.81801	6311.131749	9328.131749	10411.81801	6311.131749	9328.131749	6311.131749	10411.81801
418	13605.13175	20717.81801	6311.131749	9323.131749	10411.81801	6311.131749	9323.131749	6311.131749	10411.81801
419	13603.13175	20717.81801	6311.131749	9325.131749	10411.81801	6311.131749	9325.131749	6311.131749	10411.81801
420	13601.13175	20717.81801	6311.131749	9327.131749	10411.81801	6311.131749	9327.131749	6311.131749	10411.81801
421	13602.13175	20717.81801	6311.131749	9326.131749	10411.81801	6311.131749	9326.131749	6311.131749	10411.81801
422	13596.80256	20717.81801	6300.802565	9310.802565	10411.81801	6300.802565	9310.802565	6300.802565	10411.81801
423	13607.13175	20717.81801	6311.131749	9321.131749	10411.81801	6311.131749	9321.131749	6311.131749	10411.81801
424	13606.13175	20717.81801	6311.131749	9322.131749	10411.81801	6311.131749	9322.131749	6311.131749	10411.81801
425	13595.80256	20717.81801	6300.802565	9311.802565	10411.81801	6300.802565	9311.802565	6300.802565	10411.81801
426	13607.13175	20717.81801	6311.131749	9321.131749	10411.81801	6311.131749	9321.131749	6311.131749	10411.81801
427	13615.46093	20717.81801	6321.460934	9333.460934	10411.81801	6321.460934	9333.460934	6321.460934	10411.81801
428	13639.1193	20717.81801	6342.119303	9351.119303	10411.81801	6342.119303	9351.119303	6342.119303	10411.81801
429	13645.44849	20717.81801	6352.448487	9365.448487	10411.81801	6352.448487	9365.448487	6352.448487	10411.81801
430	13644.44849	20717.81801	6352.448487	9366.448487	10411.81801	6352.448487	9366.448487	6352.448487	10411.81801
431	13635.1193	20717.81801	6342.119303	9355.119303	10411.81801	6342.119303	9355.119303	6342.119303	10411.81801
432	13624.79012	20717.81801	6331.790118	9344.790118	10411.81801	6331.790118	9344.790118	6331.790118	10411.81801
433	13630.79012	20717.81801	6331.790118	9338.790118	10411.81801	6331.790118	9338.790118	6331.790118	10411.81801
434	13660.44849	20717.81801	6352.448487	9350.448487	10411.81801	6352.448487	9350.448487	6352.448487	10411.81801
435	13675.77767	20717.81801	6362.777672	9355.777672	10411.81801	6362.777672	9355.777672	6362.777672	10411.81801
436	13673.77767	20717.81801	6362.777672	9357.777672	10411.81801	6362.777672	9357.777672	6362.777672	10411.81801
437	13670.77767	20717.81801	6362.777672	9360.777672	10411.81801	6362.777672	9360.777672	6362.777672	10411.81801
438	13672.77767	20717.81801	6362.777672	9358.777672	10411.81801	6362.777672	9358.777672	6362.777672	10411.81801
439	13670.77767	20717.81801	6362.777672	9360.777672	10411.81801	6362.777672	9360.777672	6362.777672	10411.81801
440	13673.77767	20717.81801	6362.777672	9357.777672	10411.81801	6362.777672	9357.777672	6362.777672	10411.81801
441	13682.10686	20717.81801	6373.106856	9370.106856	10411.81801	6373.106856	9370.106856	6373.106856	10411.81801
442	13681.10686	20717.81801	6373.106856	9371.106856	10411.81801	6373.106856	9371.106856	6373.106856	10411.81801
443	13677.10686	20717.81801	6373.106856	9375.106856	10411.81801	6373.106856	9375.106856	6373.106856	10411.81801
444	13674.77767	20717.81801	6362.777672	9356.777672	10411.81801	6362.777672	9356.777672	6362.777672	10411.81801
445	13654.1193	20717.81801	6342.119303	9336.119303	10411.81801	6342.119303	9336.119303	6342.119303	10411.81801
446	13676.77767	20717.81801	6362.777672	9354.777672	10411.81801	6362.777672	9354.777672	6362.777672	10411.81801
447	13675.77767	20717.81801	6362.777672	9355.777672	10411.81801	6362.777672	9355.777672	6362.777672	10411.81801
448	13660.44849	20717.81801	6352.448487	9350.448487	10411.81801	6352.448487	9350.448487	6352.448487	10411.81801
449	13662.44849	20717.81801	6352.448487	9348.448487	10411.81801	6352.448487	9348.448487	6352.448487	10411.81801
450	13651.1193	20717.81801	6342.119303	9339.119303	10411.81801	6342.119303	9339.119303	6342.119303	10411.81801
451	13656.44849	20717.81801	6352.448487	9354.448487	10411.81801	6352.448487	9354.448487	6352.448487	10411.81801
452	13656.44849	20717.81801	6352.448487	9354.448487	10411.81801	6352.448487	9354.448487	6352.448487	10411.81801
453	13649.1193	20717.81801	6342.119303	9341.119303	10411.81801	6342.119303	9341.119303	6342.119303	10411.81801
454	13649.1193	20717.81801	6342.119303	9341.119303	10411.81801	6342.119303	9341.119303	6342.119303	10411.81801
455	13655.1193	20717.81801	6342.119303	9335.119303	10411.81801	6342.119303	9335.119303	6342.119303	10411.81801
456	13656.1193	20717.81801	6342.119303	9334.119303	10411.81801	6342.119303	9334.119303	6342.119303	10411.81801
457	13642.79012	20717.81801	6331.790118	9326.790118	10411.81801	6331.790118	9326.790118	6331.790118	10411.81801
458	13645.79012	20717.81801	6331.790118	9323.790118	10411.81801	6331.790118	9323.790118	6331.790118	10411.81801
459	13641.46093	20717.81801	6321.460934	9307.460934	10411.81801	6321.460934	9307.460934	6321.460934	10411.81801
460	13634.13175	20717.81801	6311.131749	9294.131749	10411.81801	6311.131749	9294.131749	6311.131749	10411.81801
461	13647.46093	20717.81801	6321.460934	9301.460934	10411.81801	6321.460934	9301.460934	6321.460934	10411.81801
462	13649.46093	20717.81801	6321.460934	9299.460934	10411.81801	6321.460934	9299.460934	6321.460934	10411.81801
463	13648.46093	20717.81801	6321.460934	9300.460934	10411.81801	6321.460934	9300.460934	6321.460934	10411.81801
464	13644.46093	20717.81801	6321.460934	9304.460934	10411.81801	6321.460934	9304.460934	6321.460934	10411.81801
465	13645.46093	20717.81801	6321.460934	9303.460934	10411.81801	6321.460934	9303.460934	6321.460934	10411.81801
466	13642.13175	20717.81801	6311.131749	9286.131749	10411.81801	6311.131749	9286.131749	6311.131749	10411.81801
467	13635.13175	20717.81801	6311.131749	9293.131749	10411.81801	6311.131749	9293.131749	6311.131749	10411.81801
468	13644.13175	20717.81801	6311.131749	9284.131749	10411.81801	6311.131749	9284.131749	6311.131749	10411.81801
469	13645.13175	20717.81801	6311.131749	9283.131749	10411.81801	6311.131749	9283.131749	6311.131749	10411.81801
470	13646.13175	20717.81801	6311.131749	9282.131749	10411.81801	6311.131749	9282.131749	6311.131749	10411.81801
471	13657.46093	20717.81801	6321.460934	9291.460934	10411.81801	6321.460934	9291.460934	6321.460934	10411.81801
472	13678.79012	20717.81801	6331.790118	9290.790118	10411.81801	6331.790118	9290.790118	6331.790118	10411.81801
473	13665.46093	20717.81801	6321.460934	9283.460934	10411.81801	6321.460934	9283.460934	6321.460934	10411.81801
474	13676.79012	20717.81801	6331.790118	9292.790118	10411.81801	6331.790118	9292.790118	6331.790118	10411.81801
475	13663.46093	20717.81801	6321.460934	9285.460934	10411.81801	6321.460934	9285.460934	6321.460934	10411.81801
476	13645.80256	20717.81801	6300.802565	9261.802565	10411.81801	6300.802565	9261.802565	6300.802565	10411.81801
477	13656.13175	20717.81801	6311.131749	9272.131749	10411.81801	6311.131749	9272.131749	6311.131749	10411.81801
478	13654.13175	20717.81801	6311.131749	9274.131749	10411.81801	6311.131749	9274.131749	6311.131749	10411.81801
479	13655.13175	20717.81801	6311.131749	9273.131749	10411.81801	6311.131749	9273.131749	6311.131749	10411.81801
480	13662.46093	20717.81801	6321.460934	9286.460934	10411.81801	6321.460934	9286.460934	6321.460934	10411.81801
481	13659.13175	20717.81801	6311.131749	9269.131749	10411.81801	6311.131749	9269.131749	6311.131749	10411.81801
482	13645.80256	20717.81801	6300.802565	9261.802565	10411.81801	6300.802565	9261.802565	6300.802565	10411.81801
483	13648.80256	20717.81801	6300.802565	9258.802565	10411.81801	6300.802565	9258.802565	6300.802565	10411.81801
484	13648.80256	20717.81801	6300.802565	9258.802565	10411.81801	6300.802565	9258.802565	6300.802565	10411.81801
485	13638.47338	20717.81801	6290.47338	9248.47338	10411.81801	6290.47338	9248.47338	6290.47338	10411.81801
486	13652.80256	20717.81801	6300.802565	9254.802565	10411.81801	6300.802565	9254.802565	6300.802565	10411.81801
487	13640.47338	20717.81801	6290.47338	9246.47338	10411.81801	6290.47338	9246.47338	6290.47338	10411.81801
488	13639.47338	20717.81801	6290.47338	9247.47338	10411.81801	6290.47338	9247.47338	6290.47338	10411.81801
489	13642.47338	20717.81801	6290.47338	9244.47338	10411.81801	6290.47338	9244.47338	6290.47338	10411.81801
490	13641.47338	20717.81801	6290.47338	9245.47338	10411.81801	6290.47338	9245.47338	6290.47338	10411.81801
491	13640.47338	20717.81801	6290.47338	9246.47338	10411.81801	6290.47338	9246.47338	6290.47338	10411.81801
492	13631.1442	20717.81801	6280.144196	9235.144196	10411.81801	6280.144196	9235.144196	6280.144196	10411.81801
493	13635.47338	20717.81801	6290.47338	9251.47338	10411.81801	6290.47338	9251.47338	6290.47338	10411.81801
494	13646.80256	20717.81801	6300.802565	9260.802565	10411.81801	6300.802565	9260.802565	6300.802565	10411.81801
495	13659.13175	20717.81801	6311.131749	9269.131749	10411.81801	6311.131749	9269.131749	6311.131749	10411.81801
496	13646.80256	20717.81801	6300.802565	9260.802565	10411.81801	6300.802565	9260.802565	6300.802565	10411.81801
497	13648.80256	20717.81801	6300.802565	9258.802565	10411.81801	6300.802565	9258.802565	6300.802565	10411.81801
498	13664.13175	20717.81801	6311.131749	9264.131749	10411.81801	6311.131749	9264.131749	6311.131749	10411.81801
499	13662.13175	20717.81801	6311.131749	9266.131749	10411.81801	6311.131749	9266.131749	6311.131749	10411.81801
500	13651.80256	20717.81801	6300.802565	9255.802565	10411.81801	6300.802565	9255.802565	6300.802565	10411.81801
501	13654.80256	20717.81801	6300.802565	9252.802565	10411.81801	6300.802565	9252.802565	6300.802565	10411.81801
502	13667.13175	20717.81801	6311.131749	9261.131749	10411.81801	6311.131749	9261.131749	6311.131749	10411.81801
503	13658.80256	20717.81801	6300.802565	9248.802565	10411.81801	6300.802565	9248.802565	6300.802565	10411.81801
504	13671.13175	20717.81801	6311.131749	9257.131749	10411.81801	6311.131749	9257.131749	6311.131749	10411.81801
505	13674.13175	20717.81801	6311.131749	9254.131749	10411.81801	6311.131749	9254.131749	6311.131749	10411.81801
506	13659.80256	20717.81801	6300.802565	9247.802565	10411.81801	6300.802565	9247.802565	6300.802565	10411.81801
507	13674.13175	20717.81801	6311.131749	9254.131749	10411.81801	6311.131749	9254.131749	6311.131749	10411.81801
508	13673.13175	20717.81801	6311.131749	9255.131749	10411.81801	6311.131749	9255.131749	6311.131749	10411.81801
509	13674.13175	20717.81801	6311.131749	9254.131749	10411.81801	6311.131749	9254.131749	6311.131749	10411.81801
510	13665.80256	20717.81801	6300.802565	9241.802565	10411.81801	6300.802565	9241.802565	6300.802565	10411.81801
511	13664.80256	20717.81801	6300.802565	9242.802565	10411.81801	6300.802565	9242.802565	6300.802565	10411.81801
512	13662.80256	20717.81801	6300.802565	9244.802565	10411.81801	6300.802565	9244.802565	6300.802565	10411.81801
513	13660.80256	20717.81801	6300.802565	9246.802565	10411.81801	6300.802565	9246.802565	6300.802565	10411.81801
514	13662.80256	20717.81801	6300.802565	9244.802565	10411.81801	6300.802565	9244.802565	6300.802565	10411.81801
515	13660.80256	20717.81801	6300.802565	9246.802565	10411.81801	6300.802565	9246.802565	6300.802565	10411.81801
516	13661.80256	20717.81801	6300.802565	9245.802565	10411.81801	6300.802565	9245.802565	6300.802565	10411.81801
517	13661.80256	20717.81801	6300.802565	9245.802565	10411.81801	6300.802565	9245.802565	6300.802565	10411.81801
518	13661.80256	20717.81801	6300.802565	9245.802565	10411.81801	6300.802565	9245.802565	6300.802565	10411.81801
519	13657.47338	20717.81801	6290.47338	9229.47338	10411.81801	6290.47338	9229.47338	6290.47338	10411.81801
520	13659.47338	20717.81801	6290.47338	9227.47338	10411.81801	6290.47338	9227.47338	6290.47338	10411.81801
521	13657.47338	20717.81801	6290.47338	9229.47338	10411.81801	6290.47338	9229.47338	6290.47338	10411.81801
522	13658.47338	20717.81801	6290.47338	9228.47338	10411.81801	6290.47338	9228.47338	6290.47338	10411.81801
523	13658.80256	20717.81801	6300.802565	9248.802565	10411.81801	6300.802565	9248.802565	6300.802565	10411.81801
524	13651.47338	20717.81801	6290.47338	9235.47338	10411.81801	6290.47338	9235.47338	6290.47338	10411.81801
525	13654.47338	20717.81801	6290.47338	9232.47338	10411.81801	6290.47338	9232.47338	6290.47338	10411.81801
526	13645.1442	20717.81801	6280.144196	9221.144196	10411.81801	6280.144196	9221.144196	6280.144196	10411.81801
527	13632.81501	20717.81801	6269.815011	9212.815011	10411.81801	6269.815011	9212.815011	6269.815011	10411.81801
528	13641.1442	20717.81801	6280.144196	9225.144196	10411.81801	6280.144196	9225.144196	6280.144196	10411.81801
529	13641.1442	20717.81801	6280.144196	9225.144196	10411.81801	6280.144196	9225.144196	6280.144196	10411.81801
530	13639.1442	20717.81801	6280.144196	9227.144196	10411.81801	6280.144196	9227.144196	6280.144196	10411.81801
531	13642.1442	20717.81801	6280.144196	9224.144196	10411.81801	6280.144196	9224.144196	6280.144196	10411.81801
532	13641.1442	20717.81801	6280.144196	9225.144196	10411.81801	6280.144196	9225.144196	6280.144196	10411.81801
533	13652.47338	20717.81801	6290.47338	9234.47338	10411.81801	6290.47338	9234.47338	6290.47338	10411.81801
534	13652.47338	20717.81801	6290.47338	9234.47338	10411.81801	6290.47338	9234.47338	6290.47338	10411.81801
535	13644.1442	20717.81801	6280.144196	9222.144196	10411.81801	6280.144196	9222.144196	6280.144196	10411.81801
536	13629.81501	20717.81801	6269.815011	9215.815011	10411.81801	6269.815011	9215.815011	6269.815011	10411.81801
537	13629.81501	20717.81801	6269.815011	9215.815011	10411.81801	6269.815011	9215.815011	6269.815011	10411.81801
538	13633.81501	20717.81801	6269.815011	9211.815011	10411.81801	6269.815011	9211.815011	6269.815011	10411.81801
539	13634.81501	20717.81801	6269.815011	9210.815011	10411.81801	6269.815011	9210.815011	6269.815011	10411.81801
540	13635.81501	20717.81801	6269.815011	9209.815011	10411.81801	6269.815011	9209.815011	6269.815011	10411.81801
541	13660.47338	20717.81801	6290.47338	9226.47338	10411.81801	6290.47338	9226.47338	6290.47338	10411.81801
542	13665.47338	20717.81801	6290.47338	9221.47338	10411.81801	6290.47338	9221.47338	6290.47338	10411.81801
543	13666.47338	20717.81801	6290.47338	9220.47338	10411.81801	6290.47338	9220.47338	6290.47338	10411.81801
544	13668.47338	20717.81801	6290.47338	9218.47338	10411.81801	6290.47338	9218.47338	6290.47338	10411.81801
545	13668.47338	20717.81801	6290.47338	9218.47338	10411.81801	6290.47338	9218.47338	6290.47338	10411.81801
546	13655.1442	20717.81801	6280.144196	9211.144196	10411.81801	6280.144196	9211.144196	6280.144196	10411.81801
547	13655.1442	20717.81801	6280.144196	9211.144196	10411.81801	6280.144196	9211.144196	6280.144196	10411.81801
548	13650.81501	20717.81801	6269.815011	9194.815011	10411.81801	6269.815011	9194.815011	6269.815011	10411.81801
549	13638.48583	20717.81801	6259.485826	9186.485826	10411.81801	6259.485826	9186.485826	6259.485826	10411.81801
550	13641.48583	20717.81801	6259.485826	9183.485826	10411.81801	6259.485826	9183.485826	6259.485826	10411.81801
551	13642.48583	20717.81801	6259.485826	9182.485826	10411.81801	6259.485826	9182.485826	6259.485826	10411.81801
552	13639.48583	20717.81801	6259.485826	9185.485826	10411.81801	6259.485826	9185.485826	6259.485826	10411.81801
553	13641.48583	20717.81801	6259.485826	9183.485826	10411.81801	6259.485826	9183.485826	6259.485826	10411.81801
554	13630.15664	20717.81801	6249.156642	9174.156642	10411.81801	6249.156642	9174.156642	6249.156642	10411.81801
555	13630.15664	20717.81801	6249.156642	9174.156642	10411.81801	6249.156642	9174.156642	6249.156642	10411.81801
556	13629.15664	20717.81801	6249.156642	9175.156642	10411.81801	6249.156642	9175.156642	6249.156642	10411.81801
557	13642.48583	20717.81801	6259.485826	9182.485826	10411.81801	6259.485826	9182.485826	6259.485826	10411.81801
558	13652.81501	20717.81801	6269.815011	9192.815011	10411.81801	6269.815011	9192.815011	6269.815011	10411.81801
559	13637.48583	20717.81801	6259.485826	9187.485826	10411.81801	6259.485826	9187.485826	6259.485826	10411.81801
560	13639.48583	20717.81801	6259.485826	9185.485826	10411.81801	6259.485826	9185.485826	6259.485826	10411.81801
561	13630.15664	20717.81801	6249.156642	9174.156642	10411.81801	6249.156642	9174.156642	6249.156642	10411.81801
562	13632.15664	20717.81801	6249.156642	9172.156642	10411.81801	6249.156642	9172.156642	6249.156642	10411.81801
563	13632.15664	20717.81801	6249.156642	9172.156642	10411.81801	6249.156642	9172.156642	6249.156642	10411.81801
564	13634.15664	20717.81801	6249.156642	9170.156642	10411.81801	6249.156642	9170.156642	6249.156642	10411.81801
565	13648.48583	20717.81801	6259.485826	9176.485826	10411.81801	6259.485826	9176.485826	6259.485826	10411.81801
566	13635.15664	20717.81801	6249.156642	9169.156642	10411.81801	6249.156642	9169.156642	6249.156642	10411.81801
567	13636.15664	20717.81801	6249.156642	9168.156642	10411.81801	6249.156642	9168.156642	6249.156642	10411.81801
568	13646.48583	20717.81801	6259.485826	9178.485826	10411.81801	6259.485826	9178.485826	6259.485826	10411.81801
569	13620.82746	20717.81801	6238.827457	9162.827457	10411.81801	6238.827457	9162.827457	6238.827457	10411.81801
570	13620.82746	20717.81801	6238.827457	9162.827457	10411.81801	6238.827457	9162.827457	6238.827457	10411.81801
571	13623.82746	20717.81801	6238.827457	9159.827457	10411.81801	6238.827457	9159.827457	6238.827457	10411.81801
572	13640.15664	20717.81801	6249.156642	9164.156642	10411.81801	6249.156642	9164.156642	6249.156642	10411.81801
573	13627.82746	20717.81801	6238.827457	9155.827457	10411.81801	6238.827457	9155.827457	6238.827457	10411.81801
574	13629.82746	20717.81801	6238.827457	9153.827457	10411.81801	6238.827457	9153.827457	6238.827457	10411.81801
575	13624.82746	20717.81801	6238.827457	9158.827457	10411.81801	6238.827457	9158.827457	6238.827457	10411.81801
576	13617.82746	20717.81801	6238.827457	9165.827457	10411.81801	6238.827457	9165.827457	6238.827457	10411.81801
577	13620.82746	20717.81801	6238.827457	9162.827457	10411.81801	6238.827457	9162.827457	6238.827457	10411.81801
578	13644.48583	20717.81801	6259.485826	9180.485826	10411.81801	6259.485826	9180.485826	6259.485826	10411.81801
579	13646.48583	20717.81801	6259.485826	9178.485826	10411.81801	6259.485826	9178.485826	6259.485826	10411.81801
580	13662.1442	20717.81801	6280.144196	9204.144196	10411.81801	6280.144196	9204.144196	6280.144196	10411.81801
581	13639.48583	20717.81801	6259.485826	9185.485826	10411.81801	6259.485826	9185.485826	6259.485826	10411.81801
582	13628.15664	20717.81801	6249.156642	9176.156642	10411.81801	6249.156642	9176.156642	6249.156642	10411.81801
583	13646.48583	20717.81801	6259.485826	9178.485826	10411.81801	6259.485826	9178.485826	6259.485826	10411.81801
584	13650.48583	20717.81801	6259.485826	9174.485826	10411.81801	6259.485826	9174.485826	6259.485826	10411.81801
585	13641.15664	20717.81801	6249.156642	9163.156642	10411.81801	6249.156642	9163.156642	6249.156642	10411.81801
586	13643.15664	20717.81801	6249.156642	9161.156642	10411.81801	6249.156642	9161.156642	6249.156642	10411.81801
587	13658.48583	20717.81801	6259.485826	9166.485826	10411.81801	6259.485826	9166.485826	6259.485826	10411.81801
588	13659.48583	20717.81801	6259.485826	9165.485826	10411.81801	6259.485826	9165.485826	6259.485826	10411.81801
589	13673.81501	20717.81801	6269.815011	9171.815011	10411.81801	6269.815011	9171.815011	6269.815011	10411.81801
590	13658.15664	20717.81801	6249.156642	9146.156642	10411.81801	6249.156642	9146.156642	6249.156642	10411.81801
591	13659.15664	20717.81801	6249.156642	9145.156642	10411.81801	6249.156642	9145.156642	6249.156642	10411.81801
592	13657.15664	20717.81801	6249.156642	9147.156642	10411.81801	6249.156642	9147.156642	6249.156642	10411.81801
593	13656.15664	20717.81801	6249.156642	9148.156642	10411.81801	6249.156642	9148.156642	6249.156642	10411.81801
594	13651.82746	20717.81801	6238.827457	9131.827457	10411.81801	6238.827457	9131.827457	6238.827457	10411.81801
595	13660.15664	20717.81801	6249.156642	9144.156642	10411.81801	6249.156642	9144.156642	6249.156642	10411.81801
596	13649.82746	20717.81801	6238.827457	9133.827457	10411.81801	6238.827457	9133.827457	6238.827457	10411.81801
597	13640.49827	20717.81801	6228.498273	9122.498273	10411.81801	6228.498273	9122.498273	6228.498273	10411.81801
598	13657.15664	20717.81801	6249.156642	9147.156642	10411.81801	6249.156642	9147.156642	6249.156642	10411.81801
599	13661.15664	20717.81801	6249.156642	9143.156642	10411.81801	6249.156642	9143.156642	6249.156642	10411.81801
600	13663.15664	20717.81801	6249.156642	9141.156642	10411.81801	6249.156642	9141.156642	6249.156642	10411.81801
601	13677.81501	20717.81801	6269.815011	9167.815011	10411.81801	6269.815011	9167.815011	6269.815011	10411.81801
602	13656.15664	20717.81801	6249.156642	9148.156642	10411.81801	6249.156642	9148.156642	6249.156642	10411.81801
603	13659.15664	20717.81801	6249.156642	9145.156642	10411.81801	6249.156642	9145.156642	6249.156642	10411.81801
604	13659.15664	20717.81801	6249.156642	9145.156642	10411.81801	6249.156642	9145.156642	6249.156642	10411.81801
605	13671.48583	20717.81801	6259.485826	9153.485826	10411.81801	6259.485826	9153.485826	6259.485826	10411.81801
606	13672.48583	20717.81801	6259.485826	9152.485826	10411.81801	6259.485826	9152.485826	6259.485826	10411.81801
607	13673.48583	20717.81801	6259.485826	9151.485826	10411.81801	6259.485826	9151.485826	6259.485826	10411.81801
608	13679.48583	20717.81801	6259.485826	9145.485826	10411.81801	6259.485826	9145.485826	6259.485826	10411.81801
609	13669.15664	20717.81801	6249.156642	9135.156642	10411.81801	6249.156642	9135.156642	6249.156642	10411.81801
610	13689.81501	20717.81801	6269.815011	9155.815011	10411.81801	6269.815011	9155.815011	6269.815011	10411.81801
611	13690.81501	20717.81801	6269.815011	9154.815011	10411.81801	6269.815011	9154.815011	6269.815011	10411.81801
