datum,vann,plac,proba,f,spela,insats,r√§tt,utdelning,vinst,vodds,kassa
2021-04-03,0,3.0,0.45393165198385615,-0.13962090020760456,False,-0.0,False,-0.0,0.0,1.92,1000.0
2021-04-03,0,20.0,0.051028163673385536,0.00789308020399397,True,3.946540101996985,False,0.0,-3.946540101996985,23.0,1000.0
2021-04-03,1,1.0,0.3177913235327351,0.031149022496069125,True,15.574511248034563,True,52.64184801835682,37.06733677032226,3.38,1000.0
2021-04-03,0,5.0,0.04813216587480932,0.002761916393151042,True,1.380958196575521,False,0.0,-1.380958196575521,21.98,1000.0
2021-04-03,0,6.0,0.022901161086554593,0.0026755589562824887,True,1.3377794781412444,False,0.0,-1.3377794781412444,49.31,1000.0
2021-04-03,0,2.0,0.02057648449345185,0.0029450980756922083,True,1.4725490378461041,False,0.0,-1.4725490378461041,56.55,1000.0
2021-04-03,0,4.0,0.10599752842751128,0.0120897057833423,True,6.04485289167115,False,0.0,-6.04485289167115,10.52,1000.0
2021-04-03,0,7.0,0.09018105887125366,-0.026462395119611248,False,-0.0,False,-0.0,0.0,8.8,1000.0
2021-04-03,0,8.0,0.015963844757939823,-0.002357439085703077,False,-0.0,False,-0.0,0.0,54.71,1000.0
2021-04-03,0,15.0,0.021346540464454285,0.009888239802523062,True,4.944119901261531,False,0.0,-4.944119901261531,86.41,1000.0
2021-04-03,0,15.0,0.08394684006812805,-0.07818646257468112,False,-0.0,False,-0.0,0.0,6.65,1000.0
2021-04-03,0,20.0,0.07292793216945324,0.01476782753767491,True,7.383913768837456,False,0.0,-7.383913768837456,16.94,1000.0
2021-04-03,0,5.0,0.10223414247257014,0.0574577904761896,True,28.7288952380948,False,0.0,-28.7288952380948,21.05,1000.0
2021-04-03,0,6.0,0.1111651790416412,-0.12460002545659724,False,-0.0,False,-0.0,0.0,4.77,1000.0
2021-04-03,0,8.0,0.20106792632215084,-0.11471550200901484,False,-0.0,False,-0.0,0.0,3.53,1000.0
2021-04-03,1,1.0,0.07451931098862369,-0.04233431136129756,False,-0.0,False,-0.0,0.0,8.92,1000.0
2021-04-03,0,4.0,0.054822550422260495,0.0005020073430800546,True,0.2510036715400273,False,0.0,-0.2510036715400273,18.4,1000.0
2021-04-03,0,7.0,0.09400255742373664,-0.16860539694619475,False,-0.0,False,-0.0,0.0,4.45,1000.0
2021-04-03,0,2.0,0.014190575863094237,0.0038873837211951382,True,1.943691860597569,False,0.0,-1.943691860597569,96.68,1000.0
2021-04-03,0,3.0,0.01730486742267654,0.012164710855162558,True,6.082355427581279,False,0.0,-6.082355427581279,192.18,1000.0
2021-04-03,0,15.0,0.017849442273617327,0.00910210919803501,True,4.5510545990175055,False,0.0,-4.5510545990175055,113.28,1000.0
2021-04-03,0,20.0,0.018852919314667933,0.005798807011776342,True,2.899403505888171,False,0.0,-2.899403505888171,76.16,1000.0
2021-04-03,0,6.0,0.01839161815485869,-0.009313952882260737,False,-0.0,False,-0.0,0.0,36.43,1000.0
2021-04-03,1,1.0,0.1044293449019909,-0.05435977834233696,False,-0.0,False,-0.0,0.0,6.64,1000.0
2021-04-03,0,2.0,0.022121357585372686,-0.014339441908088436,False,-0.0,False,-0.0,0.0,27.82,1000.0
2021-04-03,0,20.0,0.0658368427965348,-0.026289701306371035,False,-0.0,False,-0.0,0.0,11.14,1000.0
2021-04-03,0,4.0,0.13703708625420846,-0.0684302741614562,False,-0.0,False,-0.0,0.0,5.2,1000.0
2021-04-03,0,20.0,0.019714497731835565,-0.019403040267692146,False,-0.0,False,-0.0,0.0,26.06,1000.0
2021-04-03,0,5.0,0.7339628093330699,0.3644667111845557,True,182.23335559227786,False,0.0,-182.23335559227786,1.72,1000.0
2021-04-03,0,3.0,0.01676963732246393,0.0069969471060089454,True,3.4984735530044726,False,0.0,-3.4984735530044726,101.61,1000.0
2021-04-03,0,15.0,0.014850057601948762,0.00745070397119879,True,3.7253519855993953,False,0.0,-3.7253519855993953,134.14,1000.0
2021-04-03,0,15.0,0.011418177587604088,0.005927581517554681,True,2.9637907587773404,False,0.0,-2.9637907587773404,181.05,1000.0
2021-04-03,0,15.0,0.011399842055685385,0.001522729877202875,True,0.7613649386014375,False,0.0,-0.7613649386014375,101.09,1000.0
2021-04-03,0,15.0,0.008060925801129252,0.0002968441308187408,True,0.14842206540937042,False,0.0,-0.14842206540937042,128.76,1000.0
2021-04-03,0,8.0,0.010357851860905824,0.005717744264604744,True,2.858872132302372,False,0.0,-2.858872132302372,214.28,1000.0
2021-04-03,0,7.0,0.018019334346801728,0.011322794073662077,True,5.661397036831039,False,0.0,-5.661397036831039,147.64,1000.0
2021-04-03,0,15.0,0.025134119638707833,0.014032128061879545,True,7.016064030939773,False,0.0,-7.016064030939773,88.81,1000.0
2021-04-03,0,3.0,0.017946771099455038,-0.0014613954796071139,False,-0.0,False,-0.0,0.0,51.6,1000.0
2021-04-03,0,8.0,0.13935378923110012,-0.1010501802574194,False,-0.0,False,-0.0,0.0,4.58,1000.0
2021-04-03,0,15.0,0.056981616995048064,-0.030904532399635243,False,-0.0,False,-0.0,0.0,11.73,1000.0
2021-04-03,0,2.0,0.02073443714909751,0.004826939376990582,True,2.4134696884952906,False,0.0,-2.4134696884952906,62.56,1000.0
2021-04-03,0,20.0,0.02961673470455563,-0.008905824457629535,False,-0.0,False,-0.0,0.0,26.19,1000.0
2021-04-03,1,1.0,0.043572630963206335,0.006168353722815496,True,3.084176861407748,True,81.94657920760386,78.86240234619612,26.57,1000.0
2021-04-03,0,5.0,0.3444172588767457,-0.18004893402185776,False,-0.0,False,-0.0,0.0,2.25,1000.0
2021-04-03,0,4.0,0.024056641661910787,0.010246773849004473,True,5.1233869245022365,False,0.0,-5.1233869245022365,71.67,1000.0
2021-04-03,0,6.0,0.09135838523631878,-0.027418296432136276,False,-0.0,False,-0.0,0.0,8.65,1000.0
2021-04-03,0,7.0,0.051544992930799186,-0.021469249337807493,False,-0.0,False,-0.0,0.0,13.99,1000.0
2021-04-03,0,15.0,0.015047040653688833,-0.006845667933693055,False,-0.0,False,-0.0,0.0,45.99,1000.0
2021-04-03,0,15.0,0.08738598094960247,-0.009700616821716414,False,-0.0,False,-0.0,0.0,10.4,1000.0
2021-04-03,0,4.0,0.034257135407970506,-0.010640254856651966,False,-0.0,False,-0.0,0.0,22.51,1000.0
2021-04-03,0,20.0,0.28549687210208124,-0.1814986363279311,False,-0.0,False,-0.0,0.0,2.53,1000.0
2021-04-03,0,3.0,0.07936474096725112,-0.01353488153857622,False,-0.0,False,-0.0,0.0,10.91,1000.0
2021-04-03,1,1.0,0.36582639518368054,0.0355276426751808,True,17.7638213375904,True,51.870358305763965,34.106536968173565,2.92,1000.0
2021-04-03,0,2.0,0.1529598448170763,0.016340464948862807,True,8.170232474431403,False,0.0,-8.170232474431403,7.2,1000.0
2021-04-03,0,20.0,0.07169516177525227,0.009056508723649858,True,4.52825436182493,False,0.0,-4.52825436182493,15.82,1000.0
2021-04-03,0,15.0,0.02226456899149605,0.007418904991974279,True,3.7094524959871396,False,0.0,-3.7094524959871396,66.86,1000.0
2021-04-03,0,5.0,0.013452406725438624,-0.008772139191987853,False,-0.0,False,-0.0,0.0,45.39,1000.0
2021-04-03,0,6.0,0.030152232743821568,0.01419554029143298,True,7.09777014571649,False,0.0,-7.09777014571649,61.78,1000.0
2021-04-03,0,7.0,0.041744305032870604,-0.003930418273474931,False,-0.0,False,-0.0,0.0,21.98,1000.0
2021-04-03,0,8.0,0.012571845037725076,0.007431667239899594,True,3.715833619949797,False,0.0,-3.715833619949797,193.1,1000.0
2021-04-03,0,4.0,0.07873546692980796,-0.01185101616460621,False,-0.0,False,-0.0,0.0,11.17,1000.0
2021-04-03,0,15.0,0.10090197535025641,-0.03657478682860347,False,-0.0,False,-0.0,0.0,7.54,1000.0
2021-04-03,0,15.0,0.023773298487566628,-0.0031274097381824334,False,-0.0,False,-0.0,0.0,37.29,1000.0
2021-04-03,0,3.0,0.1603820950956681,0.06551001544546109,True,32.75500772273055,False,0.0,-32.75500772273055,9.85,1000.0
2021-04-03,0,6.0,0.12896756639149853,-0.1520106379983407,False,-0.0,False,-0.0,0.0,4.1,1000.0
2021-04-03,0,15.0,0.4302528176674225,0.1846721356275184,True,92.3360678137592,False,0.0,-92.3360678137592,3.32,1000.0
2021-04-03,0,5.0,0.10470621608749812,0.02851100043537031,True,14.255500217685155,False,0.0,-14.255500217685155,12.75,1000.0
2021-04-03,1,1.0,0.09036539824700038,-0.01818288358509981,False,-0.0,False,-0.0,0.0,9.38,1000.0
2021-04-03,0,8.0,0.01632947512785231,0.0015196207937338581,True,0.7598103968669291,False,0.0,-0.7598103968669291,67.42,1000.0
2021-04-03,0,7.0,0.026081227531015043,0.0041312890034291725,True,2.065644501714586,False,0.0,-2.065644501714586,45.37,1000.0
2021-04-03,0,2.0,0.04832294428182236,-0.013194641737452223,False,-0.0,False,-0.0,0.0,16.47,1000.0
2021-04-03,0,20.0,0.08155993135276969,-0.032108393974857825,False,-0.0,False,-0.0,0.0,9.08,1000.0
2021-04-03,0,2.0,0.026657507136276834,-0.0021737278419140184,False,-0.0,False,-0.0,0.0,34.76,1000.0
2021-04-03,1,1.0,0.20932927388425387,-0.09016721328080148,False,-0.0,False,-0.0,0.0,3.64,1000.0
2021-04-03,0,15.0,0.22231472197967325,0.047160380083203286,True,23.580190041601643,False,0.0,-23.580190041601643,5.44,1000.0
2021-04-03,0,7.0,0.11273111627012403,-0.01312262610290801,False,-0.0,False,-0.0,0.0,8.05,1000.0
2021-04-03,0,20.0,0.01811684050879619,0.0010672978887023615,True,0.5336489443511807,False,0.0,-0.5336489443511807,58.59,1000.0
2021-04-03,0,15.0,0.019501421708781705,-0.007894459215812269,False,-0.0,False,-0.0,0.0,36.79,1000.0
2021-04-03,0,3.0,0.06682084566263605,-0.03652125337804657,False,-0.0,False,-0.0,0.0,10.03,1000.0
2021-04-03,0,5.0,0.014161680243157468,-0.0025616161055591145,False,-0.0,False,-0.0,0.0,59.95,1000.0
2021-04-03,0,4.0,0.0848638706982446,-0.1686364421277264,False,-0.0,False,-0.0,0.0,4.61,1000.0
2021-04-03,0,8.0,0.035653289915157475,-0.023364256601662754,False,-0.0,False,-0.0,0.0,17.34,1000.0
2021-04-03,0,20.0,0.016841863400792696,0.004498383970796373,True,2.2491919853981863,False,0.0,-2.2491919853981863,80.65,1000.0
2021-04-03,0,6.0,0.014707922645356102,0.005146621555063584,True,2.573310777531792,False,0.0,-2.573310777531792,104.05,1000.0
2021-04-10,0,6.0,0.029511625629422007,0.001664039564269125,True,0.8320197821345625,False,0.0,-0.8320197821345625,35.85,664.3352941993531
2021-04-10,0,7.0,0.04819925624944973,-0.01364614620347751,False,-0.0,False,-0.0,0.0,16.39,664.3352941993531
2021-04-10,1,1.0,0.11639723987817827,-0.054512384903605424,False,-0.0,False,-0.0,0.0,6.17,664.3352941993531
2021-04-10,0,3.0,0.11132675849051306,-0.024556000150081282,False,-0.0,False,-0.0,0.0,7.54,664.3352941993531
2021-04-10,0,4.0,0.055831892242160217,-0.09769137731196006,False,-0.0,False,-0.0,0.0,7.15,664.3352941993531
2021-04-10,0,2.0,0.3351779840563579,-0.12650397146006026,False,-0.0,False,-0.0,0.0,2.44,664.3352941993531
2021-04-10,0,20.0,0.01601280003581707,-0.004628844603666524,False,-0.0,False,-0.0,0.0,48.67,664.3352941993531
2021-04-10,0,20.0,0.008466334406859162,-0.012216470465755375,False,-0.0,False,-0.0,0.0,48.94,664.3352941993531
2021-04-10,0,20.0,0.08209211713738566,-0.034246017572704866,False,-0.0,False,-0.0,0.0,8.89,664.3352941993531
2021-04-10,0,5.0,0.05069994498573689,-0.02743174678498435,False,-0.0,False,-0.0,0.0,13.15,664.3352941993531
2021-04-10,0,8.0,0.009744706741599479,0.003906281570569466,True,1.953140785284733,False,0.0,-1.953140785284733,170.61,664.3352941993531
2021-04-10,0,20.0,0.018132853280215296,0.008201962750026314,True,4.1009813750131565,False,0.0,-4.1009813750131565,99.87,664.3352941993531
2021-04-10,1,1.0,0.07996610250510179,-0.16214808104618722,False,-0.0,False,-0.0,0.0,4.8,664.3352941993531
2021-04-10,0,2.0,0.08469733539078725,-0.02505118554556919,False,-0.0,False,-0.0,0.0,9.34,664.3352941993531
2021-04-10,0,15.0,0.01684172322159449,0.002524579246373787,True,1.2622896231868936,False,0.0,-1.2622896231868936,69.67,664.3352941993531
2021-04-10,0,5.0,0.0170950359165691,-0.02234737837249313,False,-0.0,False,-0.0,0.0,25.92,664.3352941993531
2021-04-10,0,15.0,0.019895841378749838,-0.013070998803599645,False,-0.0,False,-0.0,0.0,30.73,664.3352941993531
2021-04-10,0,6.0,0.06624180141329804,-0.03309417715975535,False,-0.0,False,-0.0,0.0,10.4,664.3352941993531
2021-04-10,0,20.0,0.15463618115511524,-0.11036815077118091,False,-0.0,False,-0.0,0.0,4.19,664.3352941993531
2021-04-10,0,3.0,0.11090897471832221,-0.00396066679093848,False,-0.0,False,-0.0,0.0,8.74,664.3352941993531
2021-04-10,0,4.0,0.019412310519561066,-0.0002584555683113279,False,-0.0,False,-0.0,0.0,50.85,664.3352941993531
2021-04-10,0,7.0,0.07341345165703514,-0.06655430489024051,False,-0.0,False,-0.0,0.0,7.62,664.3352941993531
2021-04-10,0,8.0,0.1237117222722281,-0.03590362886215657,False,-0.0,False,-0.0,0.0,6.49,664.3352941993531
2021-04-10,0,20.0,0.015281486401930335,0.00809271056897611,True,4.0463552844880555,False,0.0,-4.0463552844880555,137.98,664.3352941993531
2021-04-10,0,15.0,0.013935111592632454,0.006327173251398231,True,3.1635866256991156,False,0.0,-3.1635866256991156,130.61,664.3352941993531
2021-04-10,0,15.0,0.01289686721886596,0.004613020854472421,True,2.3065104272362107,False,0.0,-2.3065104272362107,120.16,664.3352941993531
2021-04-10,0,8.0,0.03705031466319058,-0.011242046687702567,False,-0.0,False,-0.0,0.0,20.94,664.3352941993531
2021-04-10,0,4.0,0.07278175513767379,-0.09017399967117089,False,-0.0,False,-0.0,0.0,6.69,664.3352941993531
2021-04-10,1,1.0,0.1984724835626698,-0.17089503553287408,False,-0.0,False,-0.0,0.0,3.17,664.3352941993531
2021-04-10,0,15.0,0.021079026539315378,-0.01713022301028199,False,-0.0,False,-0.0,0.0,26.62,664.3352941993531
2021-04-10,0,5.0,0.10738859898985284,-0.032959105571491044,False,-0.0,False,-0.0,0.0,7.36,664.3352941993531
2021-04-10,0,15.0,0.017425317902481252,-0.014199229316621377,False,-0.0,False,-0.0,0.0,32.07,664.3352941993531
2021-04-10,0,2.0,0.07270440257299902,-0.14966864237352398,False,-0.0,False,-0.0,0.0,5.17,664.3352941993531
2021-04-10,0,15.0,0.01687580878543062,0.00022679623310937723,True,0.11339811655468862,False,0.0,-0.11339811655468862,60.05,664.3352941993531
2021-04-10,0,3.0,0.039201956117701726,-0.05135393868741593,False,-0.0,False,-0.0,0.0,11.61,664.3352941993531
2021-04-10,0,6.0,0.05723132328071702,-0.08648341402405174,False,-0.0,False,-0.0,0.0,7.56,664.3352941993531
2021-04-10,0,7.0,0.03734271516178644,0.009137110566468137,True,4.568555283234068,False,0.0,-4.568555283234068,35.13,664.3352941993531
2021-04-10,0,15.0,0.028206901882947277,0.024123566036411487,True,12.061783018205745,False,0.0,-12.061783018205745,238.99,664.3352941993531
2021-04-10,0,5.0,0.0236861867611771,-0.001309046552668852,False,-0.0,False,-0.0,0.0,40.06,664.3352941993531
2021-04-10,0,3.0,0.2835146906963446,-0.19097889162395704,False,-0.0,False,-0.0,0.0,2.51,664.3352941993531
2021-04-10,1,1.0,0.0259374279004687,-0.0076162259782612774,False,-0.0,False,-0.0,0.0,30.03,664.3352941993531
2021-04-10,0,7.0,0.038040640815456946,-0.017403702653392795,False,-0.0,False,-0.0,0.0,18.35,664.3352941993531
2021-04-10,0,6.0,0.047259282516488754,-0.008423985600607172,False,-0.0,False,-0.0,0.0,18.11,664.3352941993531
2021-04-10,0,2.0,0.2970874513183142,0.011350642911124824,True,5.675321455562412,False,0.0,-5.675321455562412,3.46,664.3352941993531
2021-04-10,0,15.0,0.02257944529016376,0.0012941544646011272,True,0.6470772323005636,False,0.0,-0.6470772323005636,46.92,664.3352941993531
2021-04-10,0,20.0,0.016288153698144285,0.00140822862929153,True,0.704114314645765,False,0.0,-0.704114314645765,67.11,664.3352941993531
2021-04-10,0,8.0,0.0837218896714303,0.03210058768108834,True,16.050293840544168,False,0.0,-16.050293840544168,18.75,664.3352941993531
2021-04-10,0,4.0,0.15048880062895204,-0.08418280140724906,False,-0.0,False,-0.0,0.0,4.62,664.3352941993531
2021-04-10,0,15.0,0.016120032910780024,0.013380869885391732,True,6.690434942695866,False,0.0,-6.690434942695866,360.19,664.3352941993531
2021-04-10,0,20.0,0.01700157297304236,0.010867800184904599,True,5.4339000924522995,False,0.0,-5.4339000924522995,161.26,664.3352941993531
2021-04-10,0,15.0,0.017226220993990193,0.007873596526860293,True,3.9367982634301466,False,0.0,-3.9367982634301466,106.08,664.3352941993531
2021-04-10,0,5.0,0.1495762859682368,-0.1367616648842087,False,-0.0,False,-0.0,0.0,3.97,664.3352941993531
2021-04-10,0,2.0,0.12793802141269972,0.04488449964248066,True,22.44224982124033,False,0.0,-22.44224982124033,11.5,664.3352941993531
2021-04-10,0,20.0,0.2261270272377104,0.09473942575005512,True,47.36971287502756,False,0.0,-47.36971287502756,6.89,664.3352941993531
2021-04-10,0,8.0,0.015098597781810144,-0.005506034063758681,False,-0.0,False,-0.0,0.0,48.8,664.3352941993531
2021-04-10,0,6.0,0.029859346205189274,0.00014600305680302975,True,0.07300152840151487,False,0.0,-0.07300152840151487,33.65,664.3352941993531
2021-04-10,0,4.0,0.031804098886599526,-0.009343198228292122,False,-0.0,False,-0.0,0.0,24.53,664.3352941993531
2021-04-10,1,1.0,0.2943974416257968,-0.2656045888299201,False,-0.0,False,-0.0,0.0,2.26,664.3352941993531
2021-04-10,0,3.0,0.03191316436899743,-0.007059735616147599,False,-0.0,False,-0.0,0.0,25.84,664.3352941993531
2021-04-10,0,7.0,0.06586596809163163,-0.04150575971392796,False,-0.0,False,-0.0,0.0,9.7,664.3352941993531
2021-04-10,0,15.0,0.02893271059590213,0.018043864560870756,True,9.021932280435378,False,0.0,-9.021932280435378,90.18,664.3352941993531
2021-04-10,0,15.0,0.01684002719589734,0.00868576019080401,True,4.3428800954020055,False,0.0,-4.3428800954020055,121.57,664.3352941993531
2021-04-10,0,7.0,0.2973699860072711,0.09071409953882147,True,45.357049769410736,False,0.0,-45.357049769410736,4.4,664.3352941993531
2021-04-10,0,5.0,0.03708464958165022,-0.044105514871836275,False,-0.0,False,-0.0,0.0,12.86,664.3352941993531
2021-04-10,0,20.0,0.13797578972110372,-0.09819522679366235,False,-0.0,False,-0.0,0.0,4.65,664.3352941993531
2021-04-10,0,3.0,0.027349914813216934,-0.013776938683052967,False,-0.0,False,-0.0,0.0,24.65,664.3352941993531
2021-04-10,0,20.0,0.027276885520623236,-0.01204094449066928,False,-0.0,False,-0.0,0.0,25.74,664.3352941993531
2021-04-10,0,15.0,0.025057699966675295,-0.020607044765564735,False,-0.0,False,-0.0,0.0,22.35,664.3352941993531
2021-04-10,0,4.0,0.015734491794758866,-0.011283501842497273,False,-0.0,False,-0.0,0.0,37.43,664.3352941993531
2021-04-10,0,2.0,0.10227805414434316,-0.02782657568981,False,-0.0,False,-0.0,0.0,7.9,664.3352941993531
2021-04-10,1,1.0,0.257564211994294,-0.14159481381522535,False,-0.0,False,-0.0,0.0,2.86,664.3352941993531
2021-04-10,0,6.0,0.016840723818083866,-0.0015670514334030492,False,-0.0,False,-0.0,0.0,54.41,664.3352941993531
2021-04-10,0,8.0,0.011944166775347646,-0.000742734010793243,False,-0.0,False,-0.0,0.0,78.88,664.3352941993531
2021-04-10,0,5.0,0.021754250654935293,-0.01545555342817862,False,-0.0,False,-0.0,0.0,27.29,664.3352941993531
2021-04-10,0,8.0,0.018507361400503446,-0.0002987822783525919,False,-0.0,False,-0.0,0.0,53.19,664.3352941993531
2021-04-10,0,15.0,0.013431314054445925,-0.0016908301200720722,False,-0.0,False,-0.0,0.0,66.24,664.3352941993531
2021-04-10,0,4.0,0.11353358088062784,0.02567764241488234,True,12.838821207441171,False,0.0,-12.838821207441171,11.09,664.3352941993531
2021-04-10,1,1.0,0.29461101727690076,-0.3082855491530987,False,-0.0,False,-0.0,0.0,2.17,664.3352941993531
2021-04-10,0,2.0,0.2990251506232137,-0.015313346855165774,False,-0.0,False,-0.0,0.0,3.23,664.3352941993531
2021-04-10,0,6.0,0.017900366654373934,-0.009028606017565359,False,-0.0,False,-0.0,0.0,37.47,664.3352941993531
2021-04-10,0,3.0,0.08657141865580972,-0.020764489845270222,False,-0.0,False,-0.0,0.0,9.51,664.3352941993531
2021-04-10,0,6.0,0.07555550776249713,-0.019649898235185956,False,-0.0,False,-0.0,0.0,10.71,664.3352941993531
2021-04-10,0,15.0,0.017407332375333245,0.006268088892455261,True,3.1340444462276307,False,0.0,-3.1340444462276307,89.21,664.3352941993531
2021-04-10,0,15.0,0.024427236092166484,0.011265164263944229,True,5.632582131972114,False,0.0,-5.632582131972114,75.12,664.3352941993531
2021-04-17,0,5.0,0.02028397417362192,-0.00015658551397203154,False,-0.0,False,-0.0,0.0,48.93,440.5764595811263
2021-04-17,0,8.0,0.17639923800903554,0.022742379428631727,True,11.371189714315864,False,0.0,-11.371189714315864,6.36,440.5764595811263
2021-04-17,0,2.0,0.09474622577413595,0.0009375445072070286,True,0.46877225360351427,False,0.0,-0.46877225360351427,10.65,440.5764595811263
2021-04-17,0,20.0,0.05437395014428212,-0.0036043484366938424,False,-0.0,False,-0.0,0.0,17.31,440.5764595811263
2021-04-17,0,6.0,0.259713137956585,-0.04493166123823595,False,-0.0,False,-0.0,0.0,3.43,440.5764595811263
2021-04-17,1,1.0,0.09459225827145537,-0.001421288041221687,False,-0.0,False,-0.0,0.0,10.43,440.5764595811263
2021-04-17,0,4.0,0.15496934699742837,-0.05419665622102997,False,-0.0,False,-0.0,0.0,5.04,440.5764595811263
2021-04-17,0,20.0,0.009817767823167234,-0.0036102526837060076,False,-0.0,False,-0.0,0.0,74.74,440.5764595811263
2021-04-17,0,3.0,0.09861830154506289,-0.10859588200779623,False,-0.0,False,-0.0,0.0,5.35,440.5764595811263
2021-04-17,0,20.0,0.02137692042797299,0.004651179878117804,True,2.325589939058902,False,0.0,-2.325589939058902,59.51,440.5764595811263
2021-04-17,0,7.0,0.035280222131148196,-0.01101151385104239,False,-0.0,False,-0.0,0.0,21.84,440.5764595811263
2021-04-17,0,20.0,0.015150026831957143,-0.02452966588230728,False,-0.0,False,-0.0,0.0,25.82,440.5764595811263
2021-04-17,1,1.0,0.15796851179873966,-0.07658064926010724,False,-0.0,False,-0.0,0.0,4.59,440.5764595811263
2021-04-17,0,3.0,0.0537420238337285,-0.04767898111442492,False,-0.0,False,-0.0,0.0,10.33,440.5764595811263
2021-04-17,0,4.0,0.04411621577375476,-0.014562960667389822,False,-0.0,False,-0.0,0.0,17.29,440.5764595811263
2021-04-17,0,6.0,0.05572103853905167,-0.03995058876195627,False,-0.0,False,-0.0,0.0,10.87,440.5764595811263
2021-04-17,0,2.0,0.37363725978753687,-0.24044385806781918,False,-0.0,False,-0.0,0.0,2.02,440.5764595811263
2021-04-17,0,8.0,0.013807228044891762,-0.007566694190806293,False,-0.0,False,-0.0,0.0,47.14,440.5764595811263
2021-04-17,0,20.0,0.012180291593260768,-0.007663414883371198,False,-0.0,False,-0.0,0.0,50.78,440.5764595811263
2021-04-17,0,20.0,0.07996541754238547,-0.04658679462509934,False,-0.0,False,-0.0,0.0,8.27,440.5764595811263
2021-04-17,0,5.0,0.01121696743224169,-0.00021933875059150894,False,-0.0,False,-0.0,0.0,87.46,440.5764595811263
2021-04-17,0,7.0,0.006587365854727033,-0.0022023406940720556,False,-0.0,False,-0.0,0.0,114.02,440.5764595811263
2021-04-17,0,3.0,0.0410490700651524,-0.024858210342740907,False,-0.0,False,-0.0,0.0,15.55,440.5764595811263
2021-04-17,0,20.0,0.02143382999886826,-0.014228202435575312,False,-0.0,False,-0.0,0.0,28.44,440.5764595811263
2021-04-17,0,6.0,0.018121083193714593,0.004491448035381925,True,2.2457240176909625,False,0.0,-2.2457240176909625,73.04,440.5764595811263
2021-04-17,0,2.0,0.7024922572580897,-0.060348108746808536,False,-0.0,False,-0.0,0.0,1.39,440.5764595811263
2021-04-17,0,5.0,0.019756784848291204,9.292897764508879e-05,True,0.04646448882254439,False,0.0,-0.04646448882254439,50.85,440.5764595811263
2021-04-17,0,15.0,0.0196892756630788,0.0039514248951076775,True,1.9757124475538388,False,0.0,-1.9757124475538388,63.29,440.5764595811263
2021-04-17,1,1.0,0.14488345517325193,-0.20414370598052275,False,-0.0,False,-0.0,0.0,3.45,440.5764595811263
2021-04-17,0,8.0,0.013335606001500171,0.010411809421169168,True,5.205904710584584,False,0.0,-5.205904710584584,338.46,440.5764595811263
2021-04-17,0,15.0,0.01667384834301058,0.012876782460255861,True,6.43839123012793,False,0.0,-6.43839123012793,259.97,440.5764595811263
2021-04-17,0,7.0,0.021607757040839417,0.015424402158963915,True,7.712201079481957,False,0.0,-7.712201079481957,159.23,440.5764595811263
2021-04-17,0,4.0,0.016332011944460535,0.00808668094650966,True,4.04334047325483,False,0.0,-4.04334047325483,120.3,440.5764595811263
2021-04-17,0,3.0,0.034157788776818285,-0.032041129058903564,False,-0.0,False,-0.0,0.0,15.59,440.5764595811263
2021-04-17,0,8.0,0.01676745216729444,-0.01665309670533321,False,-0.0,False,-0.0,0.0,30.42,440.5764595811263
2021-04-17,0,20.0,0.15168569668990717,-0.0074727091844066845,False,-0.0,False,-0.0,0.0,6.33,440.5764595811263
2021-04-17,0,5.0,0.11068762293409583,-0.023649594145345888,False,-0.0,False,-0.0,0.0,7.62,440.5764595811263
2021-04-17,0,15.0,0.0266370670104692,-0.0061913624326853,False,-0.0,False,-0.0,0.0,30.65,440.5764595811263
2021-04-17,0,4.0,0.11152712248105848,-0.010014994826594249,False,-0.0,False,-0.0,0.0,8.31,440.5764595811263
2021-04-17,1,1.0,0.16310519113222893,-0.08973311970395571,False,-0.0,False,-0.0,0.0,4.31,440.5764595811263
2021-04-17,0,15.0,0.07393943196395447,0.00044256148490323227,True,0.22128074245161614,False,0.0,-0.22128074245161614,13.6,440.5764595811263
2021-04-17,0,2.0,0.03988864700498454,-0.011099741364373696,False,-0.0,False,-0.0,0.0,19.83,440.5764595811263
2021-04-17,0,15.0,0.01086746477917553,-0.006174791168805596,False,-0.0,False,-0.0,0.0,59.04,440.5764595811263
2021-04-17,0,7.0,0.06571241595721401,-0.11023628160263269,False,-0.0,False,-0.0,0.0,6.31,440.5764595811263
2021-04-17,0,20.0,0.014272043564508213,-0.0035788792249791443,False,-0.0,False,-0.0,0.0,56.22,440.5764595811263
2021-04-17,0,15.0,0.06567549436204355,-0.018271002101384697,False,-0.0,False,-0.0,0.0,12.13,440.5764595811263
2021-04-17,0,6.0,0.012738164160812566,0.008653506172235042,True,4.326753086117521,False,0.0,-4.326753086117521,242.7,440.5764595811263
2021-04-17,0,15.0,0.011695482069103204,0.008680428168950982,True,4.340214084475491,False,0.0,-4.340214084475491,328.79,440.5764595811263
2021-04-17,0,20.0,0.018970689693981392,-0.03443319219529561,False,-0.0,False,-0.0,0.0,19.37,440.5764595811263
2021-04-17,0,4.0,0.0913596383704181,-0.16245051850935338,False,-0.0,False,-0.0,0.0,4.58,440.5764595811263
2021-04-17,0,20.0,0.34984908181908714,-0.08649381628890798,False,-0.0,False,-0.0,0.0,2.49,440.5764595811263
2021-04-17,1,1.0,0.08973931887910272,-0.053383429724811936,False,-0.0,False,-0.0,0.0,7.36,440.5764595811263
2021-04-17,0,2.0,0.021386149857496713,-0.008734313366341492,False,-0.0,False,-0.0,0.0,33.49,440.5764595811263
2021-04-17,0,20.0,0.05958914575606797,-0.06366260447249454,False,-0.0,False,-0.0,0.0,8.63,440.5764595811263
2021-04-17,0,5.0,0.016405827428328957,-0.007421550783194082,False,-0.0,False,-0.0,0.0,42.28,440.5764595811263
2021-04-17,0,20.0,0.020243932708760005,-0.0010273670587441195,False,-0.0,False,-0.0,0.0,47.06,440.5764595811263
2021-04-17,0,3.0,0.06769441456556137,-0.0526030803292049,False,-0.0,False,-0.0,0.0,8.75,440.5764595811263
2021-04-17,0,20.0,0.037867554324393454,-0.03032042906863323,False,-0.0,False,-0.0,0.0,15.11,440.5764595811263
2021-04-17,0,8.0,0.12800484308704152,-0.07153638275116408,False,-0.0,False,-0.0,0.0,5.37,440.5764595811263
2021-04-17,0,5.0,0.08010650042847262,0.0012134044103313368,True,0.6067022051656684,False,0.0,-0.6067022051656684,12.66,440.5764595811263
2021-04-17,1,1.0,0.30277059589064775,-0.18823602672157214,False,-0.0,False,-0.0,0.0,2.42,440.5764595811263
2021-04-17,0,3.0,0.020876290026672434,-0.01648058559230229,False,-0.0,False,-0.0,0.0,27.21,440.5764595811263
2021-04-17,0,20.0,0.03504703966195597,-0.030730258247931148,False,-0.0,False,-0.0,0.0,15.67,440.5764595811263
2021-04-17,0,6.0,0.015711394630913884,-0.026953911193493833,False,-0.0,False,-0.0,0.0,24.07,440.5764595811263
2021-04-17,0,4.0,0.023269222055942257,-0.009094289473019232,False,-0.0,False,-0.0,0.0,31.18,440.5764595811263
2021-04-17,0,7.0,0.1009835145649394,-0.04472418161578355,False,-0.0,False,-0.0,0.0,7.17,440.5764595811263
2021-04-17,0,2.0,0.010495550631288762,-0.009342148834804085,False,-0.0,False,-0.0,0.0,50.88,440.5764595811263
2021-04-17,0,20.0,0.14950527365319444,-0.021276799910421113,False,-0.0,False,-0.0,0.0,5.98,440.5764595811263
2021-04-17,0,6.0,0.07548392158815787,-0.013497414158891418,False,-0.0,False,-0.0,0.0,11.39,440.5764595811263
2021-04-17,1,1.0,0.35686560079970153,-0.14168819702998717,False,-0.0,False,-0.0,0.0,2.29,440.5764595811263
2021-04-17,0,7.0,0.3395616544362975,0.017396607819857194,True,8.698303909928597,False,0.0,-8.698303909928597,3.05,440.5764595811263
2021-04-17,0,20.0,0.051780643760959005,-0.014022226207052166,False,-0.0,False,-0.0,0.0,15.41,440.5764595811263
2021-04-17,0,3.0,0.02786428033094564,0.006155130717969887,True,3.0775653589849434,False,0.0,-3.0775653589849434,45.78,440.5764595811263
2021-04-17,0,15.0,0.026335827155323836,0.009609076204547746,True,4.804538102273873,False,0.0,-4.804538102273873,59.21,440.5764595811263
2021-04-17,0,2.0,0.11522959232547102,-0.06533579699586141,False,-0.0,False,-0.0,0.0,5.9,440.5764595811263
2021-04-17,0,8.0,0.01036658498478835,-0.0012134924200233954,False,-0.0,False,-0.0,0.0,86.46,440.5764595811263
2021-04-17,0,5.0,0.012656116807771045,0.0029876494831311226,True,1.4938247415655612,False,0.0,-1.4938247415655612,103.12,440.5764595811263
2021-04-17,0,4.0,0.026576979770909757,0.015127638201525023,True,7.563819100762512,False,0.0,-7.563819100762512,86.02,440.5764595811263
2021-04-17,0,15.0,0.012857790631159868,0.0037605442080759126,True,1.8802721040379564,False,0.0,-1.8802721040379564,109.51,440.5764595811263
2021-04-17,0,15.0,0.02126999674877672,0.010012462779933572,True,5.0062313899667865,False,0.0,-5.0062313899667865,87.94,440.5764595811263
2021-04-24,0,15.0,0.19888897655400634,0.08278592967777537,True,41.392964838887686,False,0.0,-41.392964838887686,7.9,356.7236644009008
2021-04-24,0,2.0,0.2143453098149128,-0.06132300253073183,False,-0.0,False,-0.0,0.0,3.85,356.7236644009008
2021-04-24,0,15.0,0.044301577577472336,0.002366587563320173,True,1.1832937816600864,False,0.0,-1.1832937816600864,23.79,356.7236644009008
2021-04-24,0,3.0,0.037636839357132426,0.022445629244379976,True,11.222814622189988,False,0.0,-11.222814622189988,64.35,356.7236644009008
2021-04-24,0,7.0,0.06336090668531506,0.002658437902769054,True,1.329218951384527,False,0.0,-1.329218951384527,16.43,356.7236644009008
2021-04-24,0,15.0,0.04702808397838369,0.01696587842565132,True,8.48293921282566,False,0.0,-8.48293921282566,32.7,356.7236644009008
2021-04-24,0,5.0,0.012989818784178635,-0.004975419315854516,False,-0.0,False,-0.0,0.0,55.94,356.7236644009008
2021-04-24,0,4.0,0.08247725342237992,-0.025086960713331705,False,-0.0,False,-0.0,0.0,9.53,356.7236644009008
2021-04-24,0,6.0,0.024514438639310965,0.005124942289466223,True,2.5624711447331117,False,0.0,-2.5624711447331117,51.31,356.7236644009008
2021-04-24,1,1.0,0.44017238147652593,-0.10867822491903684,False,-0.0,False,-0.0,0.0,2.02,356.7236644009008
2021-04-24,0,8.0,0.01698467932528326,0.0103179087544137,True,5.15895437720685,False,0.0,-5.15895437720685,148.45,356.7236644009008
2021-04-24,0,3.0,0.323070818383538,-0.33414197930234757,False,-0.0,False,-0.0,0.0,2.03,356.7236644009008
2021-04-24,0,20.0,0.030516842467106956,-0.03322301009915819,False,-0.0,False,-0.0,0.0,16.21,356.7236644009008
2021-04-24,0,20.0,0.04986559126224247,-0.02997763636277917,False,-0.0,False,-0.0,0.0,12.9,356.7236644009008
2021-04-24,0,7.0,0.019014158687408047,-0.005677153704049089,False,-0.0,False,-0.0,0.0,40.73,356.7236644009008
2021-04-24,1,1.0,0.021420987763620534,0.0031707264388092767,True,1.5853632194046383,True,86.59253904388135,85.0071758244767,54.62,356.7236644009008
2021-04-24,0,5.0,0.10496768728686791,-0.04321647044709436,False,-0.0,False,-0.0,0.0,7.04,356.7236644009008
2021-04-24,0,6.0,0.06270811405321164,-0.05401565754663748,False,-0.0,False,-0.0,0.0,9.03,356.7236644009008
2021-04-24,0,2.0,0.10757166247167468,-0.13493603794363113,False,-0.0,False,-0.0,0.0,4.68,356.7236644009008
2021-04-24,0,15.0,0.014550273206245991,-0.0039558249495052576,False,-0.0,False,-0.0,0.0,54.25,356.7236644009008
2021-04-24,0,4.0,0.008770648731846326,-0.004536229389621707,False,-0.0,False,-0.0,0.0,75.49,356.7236644009008
2021-04-24,0,8.0,0.012810184019676173,0.005811319673839067,True,2.9056598369195332,False,0.0,-2.9056598369195332,142.05,356.7236644009008
2021-04-24,0,5.0,0.02284035302350036,-0.020782845502236233,False,-0.0,False,-0.0,0.0,23.4,356.7236644009008
2021-04-24,0,4.0,0.0895206247769229,-0.04092054645847497,False,-0.0,False,-0.0,0.0,7.98,356.7236644009008
2021-04-24,0,2.0,0.03748211627429673,-0.020781678140092092,False,-0.0,False,-0.0,0.0,17.52,356.7236644009008
2021-04-24,0,15.0,0.023396628565672282,-0.01160707650365846,False,-0.0,False,-0.0,0.0,28.9,356.7236644009008
2021-04-24,0,15.0,0.04168432088951295,-0.06709157912302813,False,-0.0,False,-0.0,0.0,9.81,356.7236644009008
2021-04-24,0,15.0,0.2528269722495925,0.09585784877261613,True,47.92892438630807,False,0.0,-47.92892438630807,5.76,356.7236644009008
2021-04-24,0,3.0,0.05006216455987671,-0.010909455173122227,False,-0.0,False,-0.0,0.0,16.58,356.7236644009008
2021-04-24,0,6.0,0.15143158180128785,-0.01828210183845458,False,-0.0,False,-0.0,0.0,6.0,356.7236644009008
2021-04-24,1,1.0,0.2062718963308746,-0.09900814354186596,False,-0.0,False,-0.0,0.0,3.6,356.7236644009008
2021-04-24,0,20.0,0.02014774689204548,0.006231367782431012,True,3.115683891215506,False,0.0,-3.115683891215506,71.41,356.7236644009008
2021-04-24,0,8.0,0.12214302574046702,0.038854887765179265,True,19.427443882589632,False,0.0,-19.427443882589632,11.54,356.7236644009008
2021-04-24,0,15.0,0.009842301464499227,-0.0017656434186836668,False,-0.0,False,-0.0,0.0,86.3,356.7236644009008
2021-04-24,0,15.0,0.009078507437460769,-0.00038046060914613425,False,-0.0,False,-0.0,0.0,105.76,356.7236644009008
2021-04-24,0,7.0,0.017206974978944124,0.008520453633522029,True,4.260226816761015,False,0.0,-4.260226816761015,114.14,356.7236644009008
2021-04-24,0,20.0,0.008850021866797292,0.0014195549792254886,True,0.7097774896127443,False,0.0,-0.7097774896127443,134.39,356.7236644009008
2021-04-24,0,8.0,0.026282841260578407,-0.025345852203866006,False,-0.0,False,-0.0,0.0,19.86,356.7236644009008
2021-04-24,0,4.0,0.0760523003447162,-0.10094917468503165,False,-0.0,False,-0.0,0.0,6.22,356.7236644009008
2021-04-24,0,2.0,0.35863414878682087,-0.025417259125262465,False,-0.0,False,-0.0,0.0,2.67,356.7236644009008
2021-04-24,0,15.0,0.025418632840073094,-0.0029452020598083628,False,-0.0,False,-0.0,0.0,35.36,356.7236644009008
2021-04-24,0,3.0,0.049905030079742035,-0.006413581059573784,False,-0.0,False,-0.0,0.0,17.87,356.7236644009008
2021-04-24,0,7.0,0.020144183887369185,-0.023059335341582794,False,-0.0,False,-0.0,0.0,23.68,356.7236644009008
2021-04-24,0,20.0,0.07624772157954869,0.009742877920768904,True,4.871438960384452,False,0.0,-4.871438960384452,14.89,356.7236644009008
2021-04-24,1,1.0,0.014772525889793697,-0.034936226588016914,False,-0.0,False,-0.0,0.0,20.82,356.7236644009008
2021-04-24,0,6.0,0.0819455435361658,-0.09159972233601459,False,-0.0,False,-0.0,0.0,6.29,356.7236644009008
2021-04-24,0,5.0,0.10129075622473106,-0.05777282674434307,False,-0.0,False,-0.0,0.0,6.65,356.7236644009008
2021-04-24,0,20.0,0.010037853671178128,-0.022388027309130483,False,-0.0,False,-0.0,0.0,31.53,356.7236644009008
2021-04-24,0,15.0,0.015329240811945366,0.0048316847438424375,True,2.4158423719212188,False,0.0,-2.4158423719212188,94.8,356.7236644009008
2021-04-24,0,15.0,0.06812907353006123,-0.01666354944263565,False,-0.0,False,-0.0,0.0,11.99,356.7236644009008
2021-04-24,0,6.0,0.06351318531475798,-0.015315671140228712,False,-0.0,False,-0.0,0.0,12.88,356.7236644009008
2021-04-24,0,20.0,0.04102350268374676,-0.011638578442900864,False,-0.0,False,-0.0,0.0,19.21,356.7236644009008
2021-04-24,0,3.0,0.12551640313081605,-0.05897380717913836,False,-0.0,False,-0.0,0.0,5.74,356.7236644009008
2021-04-24,0,7.0,0.058613228930709166,0.002377460049628462,True,1.188730024814231,False,0.0,-1.188730024814231,17.74,356.7236644009008
2021-04-24,0,8.0,0.28179755680349244,0.0828495115967037,True,41.42475579835185,False,0.0,-41.42475579835185,4.61,356.7236644009008
2021-04-24,0,15.0,0.023939417057654195,-0.0077200244909136255,False,-0.0,False,-0.0,0.0,31.83,356.7236644009008
2021-04-24,0,5.0,0.023969177565403555,0.010148293645344133,True,5.074146822672066,False,0.0,-5.074146822672066,71.62,356.7236644009008
2021-04-24,0,2.0,0.03243911945317415,-0.03493977194980815,False,-0.0,False,-0.0,0.0,15.36,356.7236644009008
2021-04-24,0,15.0,0.013230052737231416,-0.015471807276228983,False,-0.0,False,-0.0,0.0,35.38,356.7236644009008
2021-04-24,1,1.0,0.06049246041245331,-0.1535183686507692,False,-0.0,False,-0.0,0.0,5.39,356.7236644009008
2021-04-24,0,4.0,0.07232381300065424,-0.15014050042844546,False,-0.0,False,-0.0,0.0,5.17,356.7236644009008
2021-04-24,1,1.0,0.05014548917801529,-0.055159888961894325,False,-0.0,False,-0.0,0.0,10.02,356.7236644009008
2021-04-24,0,3.0,0.2580860956392436,0.037933601763648295,True,18.96680088182415,False,0.0,-18.96680088182415,4.37,356.7236644009008
2021-04-24,0,5.0,0.014943240032226747,-0.0641142848448016,False,-0.0,False,-0.0,0.0,13.46,356.7236644009008
2021-04-24,0,6.0,0.2694426891116868,-0.07679300325244272,False,-0.0,False,-0.0,0.0,3.11,356.7236644009008
2021-04-24,0,20.0,0.20901220559956427,-0.029956916575793982,False,-0.0,False,-0.0,0.0,4.31,356.7236644009008
2021-04-24,0,4.0,0.052136945876539866,-0.012740744344093956,False,-0.0,False,-0.0,0.0,15.61,356.7236644009008
2021-04-24,0,15.0,0.07296656661265971,0.0019295219086489705,True,0.9647609543244853,False,0.0,-0.9647609543244853,14.05,356.7236644009008
2021-04-24,0,2.0,0.013316399758671599,-0.0030927737028505747,False,-0.0,False,-0.0,0.0,61.13,356.7236644009008
2021-04-24,0,8.0,0.01852923159626391,-0.016005278199785915,False,-0.0,False,-0.0,0.0,29.42,356.7236644009008
2021-04-24,0,15.0,0.02047034386981068,-0.004403441202058017,False,-0.0,False,-0.0,0.0,40.38,356.7236644009008
2021-04-24,0,7.0,0.016406953090529208,0.004308637630388114,True,2.154318815194057,False,0.0,-2.154318815194057,82.3,356.7236644009008
2021-04-24,0,20.0,0.025794411783385318,-0.006940991046474045,False,-0.0,False,-0.0,0.0,30.76,356.7236644009008
2021-04-24,0,8.0,0.18151069247755838,-0.11612178298514765,False,-0.0,False,-0.0,0.0,3.75,356.7236644009008
2021-04-24,0,7.0,0.01659987580095974,-0.010792885318790687,False,-0.0,False,-0.0,0.0,36.9,356.7236644009008
2021-04-24,0,4.0,0.024447616555960897,-0.012337918264704229,False,-0.0,False,-0.0,0.0,27.52,356.7236644009008
2021-04-24,0,6.0,0.044247176008046174,0.007989481622918938,True,3.994740811459469,False,0.0,-3.994740811459469,27.36,356.7236644009008
2021-04-24,0,15.0,0.020077495880700805,-0.017438679621569454,False,-0.0,False,-0.0,0.0,27.12,356.7236644009008
2021-04-24,0,5.0,0.4212976847067148,-0.1047953291962717,False,-0.0,False,-0.0,0.0,2.1,356.7236644009008
2021-04-24,0,2.0,0.017590441485351774,-0.006988231482240126,False,-0.0,False,-0.0,0.0,40.97,356.7236644009008
2021-04-24,0,15.0,0.04499142692194344,-0.038561379121631066,False,-0.0,False,-0.0,0.0,12.43,356.7236644009008
2021-04-24,0,3.0,0.012848496426758239,-0.0018478189457777408,False,-0.0,False,-0.0,0.0,68.17,356.7236644009008
2021-04-24,1,1.0,0.15959544966524875,0.026197901993065997,True,13.098950996532999,True,95.6223422746909,82.5233912781579,7.3,356.7236644009008
2021-04-24,0,15.0,0.01885551242289166,0.007390865454241176,True,3.695432727120588,False,0.0,-3.695432727120588,86.58,356.7236644009008
2021-05-01,0,,0.030283086500387704,-0.007449089122165306,False,-0.0,False,-0.0,0.0,26.7,289.8228901031745
2021-05-01,0,,0.06322602912724098,-0.024322940113203795,False,-0.0,False,-0.0,0.0,11.7,289.8228901031745
2021-05-01,0,,0.1848507064012383,0.008411465362545268,True,4.205732681272634,False,0.0,-4.205732681272634,5.62,289.8228901031745
2021-05-01,0,,0.0364282480270766,0.009077360942974318,True,4.538680471487159,False,0.0,-4.538680471487159,36.23,289.8228901031745
2021-05-01,0,,0.15671322240142355,0.07127383257380687,True,35.636916286903435,False,0.0,-35.636916286903435,10.87,289.8228901031745
2021-05-01,0,,0.30087542446436805,0.0709002351434365,True,35.45011757171825,False,0.0,-35.45011757171825,4.04,289.8228901031745
2021-05-01,0,,0.01151135551789195,-0.0027793578619274505,False,-0.0,False,-0.0,0.0,70.17,289.8228901031745
2021-05-01,0,,0.0587055093542157,-0.00995200272789839,False,-0.0,False,-0.0,0.0,14.71,289.8228901031745
2021-05-01,0,,0.06030726053695028,-0.10660086370160209,False,-0.0,False,-0.0,0.0,6.63,289.8228901031745
2021-05-01,0,,0.09106615587769658,-0.14749915754023085,False,-0.0,False,-0.0,0.0,4.81,289.8228901031745
2021-05-01,0,,0.04667463962530361,-0.0036062338121803732,False,-0.0,False,-0.0,0.0,19.96,289.8228901031745
2021-05-01,0,,0.019539644710492726,-0.0001998430142809244,False,-0.0,False,-0.0,0.0,50.67,289.8228901031745
2021-05-01,0,,0.020365910785441036,-0.008824616306768705,False,-0.0,False,-0.0,0.0,34.56,289.8228901031745
2021-05-01,0,,0.11436535821990884,-0.08969792329624121,False,-0.0,False,-0.0,0.0,5.34,289.8228901031745
2021-05-01,0,,0.028528490480097143,0.018562635848173643,True,9.28131792408682,False,0.0,-9.28131792408682,98.48,289.8228901031745
2021-05-01,0,,0.049811215031616715,0.030984411287444273,True,15.492205643722137,False,0.0,-15.492205643722137,51.47,289.8228901031745
2021-05-01,0,,0.8558744542179723,0.5355954635912438,True,267.79773179562187,False,0.0,-267.79773179562187,1.45,289.8228901031745
2021-05-01,0,,0.10918734948774116,-0.0748648510313206,False,-0.0,False,-0.0,0.0,5.84,289.8228901031745
2021-05-01,0,,0.03370111337002763,0.013460248547447566,True,6.730124273723783,False,0.0,-6.730124273723783,48.74,289.8228901031745
2021-05-01,0,,0.019914264312359337,0.007390807429051891,True,3.6954037145259457,False,0.0,-3.6954037145259457,79.26,289.8228901031745
2021-05-01,0,,0.025875541614742564,-0.0162943483586452,False,-0.0,False,-0.0,0.0,24.1,289.8228901031745
2021-05-01,0,,0.20578796902322782,-0.33084178163675343,False,-0.0,False,-0.0,0.0,2.48,289.8228901031745
2021-05-01,0,,0.05281918433386581,-0.01765557873653108,False,-0.0,False,-0.0,0.0,14.44,289.8228901031745
2021-05-01,0,,0.019743951198226688,-0.0038652985320665025,False,-0.0,False,-0.0,0.0,42.52,289.8228901031745
2021-05-01,0,,0.12149788356971727,0.02377795960639329,True,11.888979803196646,False,0.0,-11.888979803196646,9.99,289.8228901031745
2021-05-01,0,,0.016509151307519388,0.0010015693350740934,True,0.5007846675370466,False,0.0,-0.5007846675370466,64.42,289.8228901031745
2021-05-01,0,,0.01737100666549012,-0.016783633353088606,False,-0.0,False,-0.0,0.0,29.77,289.8228901031745
2021-05-01,0,,0.020641552283318994,0.0027439198323562577,True,1.3719599161781288,False,0.0,-1.3719599161781288,55.72,289.8228901031745
2021-05-01,0,,0.12105254568868715,-0.056512596596426545,False,-0.0,False,-0.0,0.0,5.95,289.8228901031745
2021-05-01,0,,0.024903619591777466,-0.0001245215891317364,False,-0.0,False,-0.0,0.0,39.96,289.8228901031745
2021-05-01,0,,0.04174612895251855,-0.040366456398593833,False,-0.0,False,-0.0,0.0,12.67,289.8228901031745
2021-05-01,0,,0.1551019146386008,0.04664259687718881,True,23.321298438594404,False,0.0,-23.321298438594404,8.79,289.8228901031745
2021-05-01,0,,0.024379446851385617,-0.002024357022731142,False,-0.0,False,-0.0,0.0,37.95,289.8228901031745
2021-05-01,0,,0.015612555208725376,-0.00887469466170434,False,-0.0,False,-0.0,0.0,41.2,289.8228901031745
2021-05-01,0,,0.05318378076672656,-0.027259398437459805,False,-0.0,False,-0.0,0.0,12.77,289.8228901031745
2021-05-01,0,,0.05980035062405814,-0.010732256230851226,False,-0.0,False,-0.0,0.0,14.33,289.8228901031745
2021-05-01,0,,0.01766531242792027,-0.019375965383998273,False,-0.0,False,-0.0,0.0,27.52,289.8228901031745
2021-05-01,0,,0.04289341170981267,-0.04887136185588123,False,-0.0,False,-0.0,0.0,11.43,289.8228901031745
2021-05-01,0,,0.032038249321499235,0.001742106890247257,True,0.8710534451236285,False,0.0,-0.8710534451236285,32.95,289.8228901031745
2021-05-01,0,,0.026255262506493973,-0.011442946455701384,False,-0.0,False,-0.0,0.0,26.83,289.8228901031745
2021-05-01,0,,0.037426226495814605,-0.012473917283562558,False,-0.0,False,-0.0,0.0,20.29,289.8228901031745
2021-05-01,0,,0.01991023500195616,-0.00506656838739256,False,-0.0,False,-0.0,0.0,40.24,289.8228901031745
2021-05-01,0,,0.20208062531850157,-0.3334357335281416,False,-0.0,False,-0.0,0.0,2.49,289.8228901031745
2021-05-01,0,,0.12650289546088242,-0.19113241528061486,False,-0.0,False,-0.0,0.0,3.75,289.8228901031745
2021-05-01,0,,0.11787638143462059,-0.06861909817751034,False,-0.0,False,-0.0,0.0,5.73,289.8228901031745
2021-05-01,0,,0.05032259654830475,0.009050219171003787,True,4.525109585501894,False,0.0,-4.525109585501894,24.01,289.8228901031745
2021-05-01,0,,0.039762305136041225,-0.00333633466934292,False,-0.0,False,-0.0,0.0,23.28,289.8228901031745
2021-05-01,0,,0.01960125764254487,-0.002665350178428447,False,-0.0,False,-0.0,0.0,45.03,289.8228901031745
2021-05-01,0,,0.06123528751832853,-0.04754393756645379,False,-0.0,False,-0.0,0.0,9.63,289.8228901031745
2021-05-01,0,,0.09321551227788746,0.009020109518174129,True,4.5100547590870645,False,0.0,-4.5100547590870645,11.77,289.8228901031745
2021-05-01,0,,0.14486108662545866,-0.046874095745514745,False,-0.0,False,-0.0,0.0,5.46,289.8228901031745
2021-05-01,0,,0.43890268606454963,-0.2993832533242008,False,-0.0,False,-0.0,0.0,1.76,289.8228901031745
2021-05-01,0,,0.02810461076305408,-0.011435478302728916,False,-0.0,False,-0.0,0.0,25.58,289.8228901031745
2021-05-01,0,,0.015936410184796693,-0.024229450623987115,False,-0.0,False,-0.0,0.0,25.5,289.8228901031745
2021-05-01,0,,0.02493755671776943,-0.006916819083675541,False,-0.0,False,-0.0,0.0,31.61,289.8228901031745
2021-05-01,0,,0.013776321781388337,-0.0011845956673163299,False,-0.0,False,-0.0,0.0,66.92,289.8228901031745
2021-05-01,0,,0.013062499710325283,0.0031644202770721,True,1.5822101385360499,False,0.0,-1.5822101385360499,100.71,289.8228901031745
2021-05-01,0,,0.3055651555632177,-0.012982938215122733,False,-0.0,False,-0.0,0.0,3.18,289.8228901031745
2021-05-01,0,,0.04269537156613897,0.010067401953532937,True,5.033700976766468,False,0.0,-5.033700976766468,30.34,289.8228901031745
2021-05-01,0,,0.10301038068330667,-0.02586743818403433,False,-0.0,False,-0.0,0.0,7.96,289.8228901031745
2021-05-01,0,,0.03870557571421679,-0.001000926734597055,False,-0.0,False,-0.0,0.0,25.21,289.8228901031745
2021-05-01,0,,0.6109895763748654,0.23330955343784132,True,116.65477671892066,False,0.0,-116.65477671892066,2.03,289.8228901031745
2021-05-01,0,,0.04714987548144762,0.031132895745045665,True,15.566447872522833,False,0.0,-15.566447872522833,60.49,289.8228901031745
2021-05-01,0,,0.0501646675493567,0.006832763696681376,True,3.4163818483406883,False,0.0,-3.4163818483406883,22.92,289.8228901031745
2021-05-01,0,,0.053913497455975366,0.0016146305381188309,True,0.8073152690594154,False,0.0,-0.8073152690594154,19.09,289.8228901031745
2021-05-01,0,,0.021286959526866527,0.008244408347853557,True,4.122204173926779,False,0.0,-4.122204173926779,76.04,289.8228901031745
2021-05-01,0,,0.059042632069917604,0.011734569328334783,True,5.867284664167392,False,0.0,-5.867284664167392,20.89,289.8228901031745
2021-05-01,0,,0.08875811439113063,0.0031954960241006455,True,1.5977480120503227,False,0.0,-1.5977480120503227,11.65,289.8228901031745
2021-05-01,0,,0.016517791488577648,0.010479713096439741,True,5.239856548219871,False,0.0,-5.239856548219871,163.88,289.8228901031745
2021-05-01,0,,0.030722543567152767,0.006196292139196107,True,3.0981460695980534,False,0.0,-3.0981460695980534,40.52,289.8228901031745
2021-05-01,0,,0.01793148840387524,0.00895790916779954,True,4.47895458389977,False,0.0,-4.47895458389977,110.44,289.8228901031745
2021-05-01,0,,0.038207824223971516,-8.008086265381857e-05,False,-0.0,False,-0.0,0.0,26.12,289.8228901031745
2021-05-01,0,,0.09492609912787865,-0.026723618731277446,False,-0.0,False,-0.0,0.0,8.44,289.8228901031745
2021-05-01,0,,0.022462259930331727,0.009316244060648184,True,4.658122030324092,False,0.0,-4.658122030324092,75.36,289.8228901031745
2021-05-01,0,,0.13510354947596392,-0.015052084295570124,False,-0.0,False,-0.0,0.0,6.76,289.8228901031745
2021-05-01,0,,0.4025032772614699,-0.16654122058474938,False,-0.0,False,-0.0,0.0,2.05,289.8228901031745
2021-05-01,0,,0.036652577731464867,0.012337902762546765,True,6.1689513812733825,False,0.0,-6.1689513812733825,40.62,289.8228901031745
2021-05-01,0,,0.07346727578260857,0.004580084390980963,True,2.2900421954904813,False,0.0,-2.2900421954904813,14.45,289.8228901031745
2021-05-01,0,,0.041163363972700866,0.008236281691543614,True,4.118140845771807,False,0.0,-4.118140845771807,30.12,289.8228901031745
2021-05-01,0,,0.0728714051439148,-0.04130699323737649,False,-0.0,False,-0.0,0.0,9.12,289.8228901031745
2021-05-01,0,,0.022979234554611826,0.01144143619082595,True,5.720718095412975,False,0.0,-5.720718095412975,85.68,289.8228901031745
2021-05-08,0,3.0,0.2939066338942175,-0.20334221547605189,False,-0.0,False,-0.0,0.0,2.42,-330.4155822993873
2021-05-08,0,2.0,0.24837345888725434,-0.060937874903999,False,-0.0,False,-0.0,0.0,3.43,-330.4155822993873
2021-05-08,1,1.0,0.1008034340957588,-0.17003890503202468,False,-0.0,False,-0.0,0.0,4.32,-330.4155822993873
2021-05-08,0,20.0,0.06375566629223471,-0.038231733893796374,False,-0.0,False,-0.0,0.0,10.18,-330.4155822993873
2021-05-08,0,15.0,0.01338173720141339,-0.008784478543331309,False,-0.0,False,-0.0,0.0,45.51,-330.4155822993873
2021-05-08,0,4.0,0.010374551547576322,-0.010459668419843126,False,-0.0,False,-0.0,0.0,48.5,-330.4155822993873
2021-05-08,0,15.0,0.007213960663131326,-0.005782322087711306,False,-0.0,False,-0.0,0.0,77.39,-330.4155822993873
2021-05-08,0,5.0,0.012393137080565398,0.003800768341054048,True,1.900384170527024,False,0.0,-1.900384170527024,115.94,-330.4155822993873
2021-05-08,0,15.0,0.008311544302227199,-0.013042642943633543,False,-0.0,False,-0.0,0.0,47.44,-330.4155822993873
2021-05-08,0,6.0,0.018748564605623033,-0.03372477418552012,False,-0.0,False,-0.0,0.0,19.7,-330.4155822993873
2021-05-08,0,15.0,0.007868755517111957,0.0035340331976306217,True,1.7670165988153108,False,0.0,-1.7670165988153108,229.88,-330.4155822993873
2021-05-08,0,20.0,0.008310025349867611,0.005199719319726686,True,2.599859659863343,False,0.0,-2.599859659863343,319.84,-330.4155822993873
2021-05-08,0,4.0,0.051821604954695864,-0.06241675589413595,False,-0.0,False,-0.0,0.0,9.3,-330.4155822993873
2021-05-08,1,1.0,0.09950713824404533,-0.23034372686802598,False,-0.0,False,-0.0,0.0,3.73,-330.4155822993873
2021-05-08,0,6.0,0.050852021336031276,-0.05055267723917906,False,-0.0,False,-0.0,0.0,10.36,-330.4155822993873
2021-05-08,0,15.0,0.1372752015397403,-0.06335847252078522,False,-0.0,False,-0.0,0.0,5.3,-330.4155822993873
2021-05-08,0,20.0,0.027106059746420448,-0.038763536750098145,False,-0.0,False,-0.0,0.0,15.77,-330.4155822993873
2021-05-08,0,2.0,0.04229984632059901,-0.07726321905760337,False,-0.0,False,-0.0,0.0,9.01,-330.4155822993873
2021-05-08,0,3.0,0.054664415070684126,-0.17875177873902348,False,-0.0,False,-0.0,0.0,5.05,-330.4155822993873
2021-05-08,0,7.0,0.006479737164700469,-0.013783780331430462,False,-0.0,False,-0.0,0.0,50.03,-330.4155822993873
2021-05-08,0,5.0,0.009543328082786484,-0.015671963972132396,False,-0.0,False,-0.0,0.0,40.28,-330.4155822993873
2021-05-08,0,8.0,0.010885295992819698,-0.09901633778575589,False,-0.0,False,-0.0,0.0,10.0,-330.4155822993873
2021-05-08,0,15.0,0.04286960304245431,-0.05342118135971327,False,-0.0,False,-0.0,0.0,10.94,-330.4155822993873
2021-05-08,0,3.0,0.029058233212352777,-0.03584429130553808,False,-0.0,False,-0.0,0.0,15.96,-330.4155822993873
2021-05-08,1,1.0,0.3611890034965244,-0.6067064457511662,False,-0.0,False,-0.0,0.0,1.66,-330.4155822993873
2021-05-08,0,15.0,0.017085345462859104,-0.004636525355641247,False,-0.0,False,-0.0,0.0,46.25,-330.4155822993873
2021-05-08,0,2.0,0.06035876608422579,-0.17752509060331198,False,-0.0,False,-0.0,0.0,4.95,-330.4155822993873
2021-05-08,0,4.0,0.009579928717282358,-0.024809657091145337,False,-0.0,False,-0.0,0.0,29.8,-330.4155822993873
2021-05-08,0,20.0,0.017068029003109185,-0.03945479854127787,False,-0.0,False,-0.0,0.0,18.39,-330.4155822993873
2021-05-08,0,5.0,0.023959006861933304,-0.05182057335064951,False,-0.0,False,-0.0,0.0,13.88,-330.4155822993873
2021-05-08,0,6.0,0.00785379631832891,-0.01933574064197997,False,-0.0,False,-0.0,0.0,37.49,-330.4155822993873
2021-05-08,0,15.0,0.005879154869257051,-0.003913209641487068,False,-0.0,False,-0.0,0.0,102.52,-330.4155822993873
2021-05-08,0,15.0,0.008524423376357473,0.0050994006576078445,True,2.5497003288039224,False,0.0,-2.5497003288039224,290.48,-330.4155822993873
2021-05-08,0,6.0,0.03891084687660191,-0.07362886660388968,False,-0.0,False,-0.0,0.0,9.54,-330.4155822993873
2021-05-08,0,4.0,0.03948381709190213,-0.041915859425733275,False,-0.0,False,-0.0,0.0,12.8,-330.4155822993873
2021-05-08,0,15.0,0.012526371268405126,0.003989381307900285,True,1.9946906539501426,False,0.0,-1.9946906539501426,116.67,-330.4155822993873
2021-05-08,0,2.0,0.28105080924095116,-0.2850509157661739,False,-0.0,False,-0.0,0.0,2.27,-330.4155822993873
2021-05-08,1,1.0,0.056323298691449336,-0.09539321277294788,False,-0.0,False,-0.0,0.0,7.22,-330.4155822993873
2021-05-08,0,4.0,0.033293826840060325,-0.0841674335681948,False,-0.0,False,-0.0,0.0,9.23,-330.4155822993873
2021-05-08,0,15.0,0.006795262921121426,0.0022271241248796882,True,1.1135620624398441,False,0.0,-1.1135620624398441,218.42,-330.4155822993873
2021-05-08,0,8.0,0.01261814814148073,-0.016794477770301196,False,-0.0,False,-0.0,0.0,34.57,-330.4155822993873
2021-05-08,0,15.0,0.008012923525840224,-0.04133966734352095,False,-0.0,False,-0.0,0.0,21.1,-330.4155822993873
2021-05-08,0,3.0,0.0982074368638055,-0.127805736854539,False,-0.0,False,-0.0,0.0,4.99,-330.4155822993873
2021-05-08,0,15.0,0.011203716381665953,0.001001526084324496,True,0.500763042162248,False,0.0,-0.500763042162248,97.92,-330.4155822993873
2021-05-08,0,7.0,0.008890641140105297,-0.0010214436569733593,False,-0.0,False,-0.0,0.0,100.99,-330.4155822993873
2021-05-08,0,3.0,0.02076102129654861,-0.01735649441787145,False,-0.0,False,-0.0,0.0,26.69,-330.4155822993873
2021-05-08,0,2.0,0.31899103272919355,0.01765963128193406,True,8.82981564096703,False,0.0,-8.82981564096703,3.26,-330.4155822993873
2021-05-08,0,20.0,0.016997819663799853,-0.01136346655478642,False,-0.0,False,-0.0,0.0,35.66,-330.4155822993873
2021-05-08,0,7.0,0.02122693789128864,-0.004852813297326102,False,-0.0,False,-0.0,0.0,38.53,-330.4155822993873
2021-05-08,0,5.0,0.02343937178674128,-0.06031368380616255,False,-0.0,False,-0.0,0.0,12.66,-330.4155822993873
2021-05-08,0,8.0,0.13474878410814217,-0.13230406030292505,False,-0.0,False,-0.0,0.0,4.24,-330.4155822993873
2021-05-08,0,15.0,0.019241654409030598,-0.0364199997107747,False,-0.0,False,-0.0,0.0,18.62,-330.4155822993873
2021-05-08,0,6.0,0.01082513274498311,-0.030442070728317554,False,-0.0,False,-0.0,0.0,24.97,-330.4155822993873
2021-05-08,0,4.0,0.020615345655739515,-0.0166519547378777,False,-0.0,False,-0.0,0.0,27.28,-330.4155822993873
2021-05-08,1,1.0,0.16441086826580983,-0.029012541857845287,False,-0.0,False,-0.0,0.0,5.32,-330.4155822993873
2021-05-08,0,20.0,0.012367612912543327,0.00031743737462901846,True,0.15871868731450922,False,0.0,-0.15871868731450922,82.96,-330.4155822993873
2021-05-08,0,20.0,0.0330760369134518,-0.11777013517493325,False,-0.0,False,-0.0,0.0,7.41,-330.4155822993873
2021-05-08,0,4.0,0.021786604561851986,-0.03140607599487166,False,-0.0,False,-0.0,0.0,19.39,-330.4155822993873
2021-05-08,0,3.0,0.05837151842684524,-0.06067127317532351,False,-0.0,False,-0.0,0.0,8.91,-330.4155822993873
2021-05-08,0,20.0,0.4539882825957095,0.21239017754956324,True,106.19508877478162,False,0.0,-106.19508877478162,3.26,-330.4155822993873
2021-05-08,1,1.0,0.2478276945553302,-0.4824366796627959,False,-0.0,False,-0.0,0.0,2.03,-330.4155822993873
2021-05-08,0,20.0,0.015768029869705758,-0.017116432881055826,False,-0.0,False,-0.0,0.0,30.93,-330.4155822993873
2021-05-08,0,20.0,0.009999223641748182,-0.001135640562033753,False,-0.0,False,-0.0,0.0,89.91,-330.4155822993873
2021-05-08,0,7.0,0.015937654301146662,0.0060585021507716654,True,3.0292510753858326,False,0.0,-3.0292510753858326,100.61,-330.4155822993873
2021-05-08,0,6.0,0.007660218439032176,-0.0018778417451370641,False,-0.0,False,-0.0,0.0,105.04,-330.4155822993873
2021-05-08,0,2.0,0.028927370460043306,-0.07191090882759496,False,-0.0,False,-0.0,0.0,10.63,-330.4155822993873
2021-05-08,0,20.0,0.01787640234021611,-0.027175138836838197,False,-0.0,False,-0.0,0.0,22.8,-330.4155822993873
2021-05-08,0,5.0,0.011830543542210921,-0.0025742590300600575,False,-0.0,False,-0.0,0.0,69.6,-330.4155822993873
2021-05-08,0,8.0,0.01280310333354851,-0.008160942040553239,False,-0.0,False,-0.0,0.0,48.09,-330.4155822993873
2021-05-08,0,4.0,0.04181754698081147,-0.02024090204892871,False,-0.0,False,-0.0,0.0,16.44,-330.4155822993873
2021-05-08,0,7.0,0.02831959671620253,-0.018621485568038894,False,-0.0,False,-0.0,0.0,21.7,-330.4155822993873
2021-05-08,1,1.0,0.22417536541934505,-0.019029849182741133,False,-0.0,False,-0.0,0.0,4.19,-330.4155822993873
2021-05-08,0,6.0,0.24926021202485457,0.027147848718598506,True,13.573924359299253,False,0.0,-13.573924359299253,4.38,-330.4155822993873
2021-05-08,0,3.0,0.13740713213716382,-0.01004464014708168,False,-0.0,False,-0.0,0.0,6.85,-330.4155822993873
2021-05-08,0,15.0,0.28709465718949706,-0.014983877899699127,False,-0.0,False,-0.0,0.0,3.36,-330.4155822993873
2021-05-08,0,5.0,0.009311811129117982,-0.004101243147498346,False,-0.0,False,-0.0,0.0,74.86,-330.4155822993873
2021-05-08,0,2.0,0.08190633131094058,-0.05095816488139797,False,-0.0,False,-0.0,0.0,7.91,-330.4155822993873
