datum,strategi,vinst_förlust,7_rätt,6_rätt,5_rätt
2017-09-03,arit100,-90.0,0,0,3
2017-09-03,cat2,-126.0,0,3,39
2017-09-03,xgb2,-320.0,0,0,2
2017-09-09,arit100,-42.0,0,0,2
2017-09-09,cat2,220.0,0,1,14
2017-09-09,xgb2,-310.5,0,0,1
2017-09-10,arit100,-72.0,0,0,0
2017-09-10,cat2,-337.5,0,0,0
2017-09-10,xgb2,-360.0,0,0,0
2017-09-16,arit100,-90.0,0,0,0
2017-09-16,cat2,-337.5,0,0,0
2017-09-16,xgb2,-324.0,0,0,0
2017-09-23,xgb2,-288.0,0,0,0
2017-09-23,cat2,-243.0,0,0,3
2017-09-23,arit100,-65.0,0,0,1
2017-09-30,cat2,-273.0,0,3,42
2017-09-30,arit100,-72.0,0,0,6
2017-09-30,xgb2,-360.0,0,0,0
2017-10-01,xgb2,-288.0,0,0,0
2017-10-01,arit100,-26.0,0,0,1
2017-10-01,cat2,216.0,0,0,9
2017-10-07,arit100,-96.0,0,0,0
2017-10-07,cat2,-360.0,0,0,0
2017-10-07,xgb2,-300.0,0,0,0
2017-10-14,xgb2,-300.0,0,0,25
2017-10-14,cat2,-222.0,0,3,39
2017-10-14,arit100,-90.0,0,0,0
2017-10-21,xgb2,-360.0,0,0,0
2017-10-21,cat2,-68.0,0,0,4
2017-10-21,arit100,-80.0,0,0,0
2017-10-28,arit100,-72.0,0,0,0
2017-10-28,cat2,-324.0,0,0,0
2017-10-28,xgb2,-320.0,0,0,0
2017-10-29,xgb2,-360.0,0,0,16
2017-10-29,arit100,-96.0,0,0,8
2017-10-29,cat2,-345.0,0,1,14
2017-11-04,arit100,-90.0,0,0,0
2017-11-04,cat2,-233.0,0,0,1
2017-11-04,xgb2,-324.0,0,0,0
2017-11-11,arit100,-100.0,0,0,0
2017-11-11,xgb2,-360.0,0,0,0
2017-11-11,cat2,-12.0,0,0,4
2017-11-12,arit100,-84.0,0,0,0
2017-11-12,cat2,-337.5,0,0,0
2017-11-12,xgb2,-315.0,0,0,0
2017-11-18,xgb2,-320.0,0,0,0
2017-11-18,cat2,-198.0,0,0,3
2017-11-18,arit100,-90.0,0,0,0
2017-11-25,xgb2,-360.0,0,0,0
2017-11-25,cat2,-288.0,0,0,0
2017-11-25,arit100,-96.0,0,0,0
2017-11-26,cat2,-320.0,0,0,4
2017-11-26,xgb2,-360.0,0,0,4
2017-11-26,arit100,-96.0,0,0,0
2017-12-02,arit100,-90.0,0,0,0
2017-12-02,cat2,-255.0,0,0,5
2017-12-02,xgb2,-324.0,0,0,0
2017-12-09,arit100,-72.0,0,0,0
2017-12-09,cat2,-360.0,0,0,15
2017-12-09,xgb2,-360.0,0,0,0
2017-12-16,arit100,-72.0,0,0,0
2017-12-16,cat2,1092.0,0,4,56
2017-12-16,xgb2,-219.0,0,0,3
2017-12-23,xgb2,-210.0,0,0,0
2017-12-23,arit100,115.5,0,0,3
2017-12-23,cat2,-55.0,0,0,5
2017-12-25,arit100,-80.0,0,0,0
2017-12-25,xgb2,-360.0,0,0,0
2017-12-25,cat2,-256.0,0,0,0
2017-12-26,cat2,-360.0,0,0,0
2017-12-26,xgb2,-300.0,0,0,0
2017-12-26,arit100,-96.0,0,0,0
2017-12-27,xgb2,-300.0,0,0,0
2017-12-27,cat2,-288.0,0,0,12
2017-12-27,arit100,-81.0,0,0,0
2017-12-28,xgb2,-336.0,0,0,0
2017-12-28,arit100,-90.0,0,0,1
2017-12-28,cat2,-335.0,0,1,14
2017-12-29,xgb2,-360.0,0,0,0
2017-12-29,cat2,-288.0,0,0,0
2017-12-29,arit100,-72.0,0,0,0
2017-12-30,xgb2,-360.0,0,0,0
2017-12-30,cat2,-360.0,0,0,0
2017-12-30,arit100,-96.0,0,0,0
2017-12-31,arit100,-67.5,0,0,0
2017-12-31,cat2,-288.0,0,0,0
2017-12-31,xgb2,-337.5,0,0,0
2018-01-06,arit100,-81.0,0,0,0
2018-01-06,cat2,-324.0,0,0,0
2018-01-06,xgb2,-360.0,0,0,0
2018-01-13,xgb2,-360.0,0,0,0
2018-01-13,arit100,-72.0,0,0,0
2018-01-13,cat2,-207.0,0,1,14
2018-01-20,xgb2,-272.0,0,4,56
2018-01-20,arit100,-24.0,0,3,33
2018-01-20,cat2,-204.0,0,3,42
2018-01-27,arit100,-63.0,0,1,12
2018-01-27,xgb2,-283.0,0,1,17
2018-01-27,cat2,3424.0,1,13,73
2018-01-28,arit100,-54.0,0,0,0
2018-01-28,xgb2,-360.0,0,0,1
2018-01-28,cat2,-81.0,0,3,42
2018-02-03,arit100,-84.0,0,0,4
2018-02-03,cat2,-360.0,0,0,16
2018-02-03,xgb2,-320.0,0,0,4
2018-02-10,xgb2,-360.0,0,0,0
2018-02-10,arit100,-96.0,0,0,0
2018-02-10,cat2,-288.0,0,0,3
2018-02-17,xgb2,-288.0,0,0,0
2018-02-17,cat2,-120.0,0,0,4
2018-02-17,arit100,-80.0,0,0,0
2018-02-24,cat2,-324.0,0,0,0
2018-02-24,xgb2,-360.0,0,0,0
2018-02-24,arit100,-96.0,0,0,0
2018-02-25,xgb2,-360.0,0,0,0
2018-02-25,arit100,-96.0,0,0,0
2018-02-25,cat2,-337.5,0,0,0
2018-03-03,cat2,-360.0,0,0,0
2018-03-03,arit100,-90.0,0,0,0
2018-03-03,xgb2,-360.0,0,0,0
2018-03-10,arit100,-72.0,0,0,0
2018-03-10,cat2,-360.0,0,0,4
2018-03-10,xgb2,-360.0,0,0,0
2018-03-17,arit100,-96.0,0,0,2
2018-03-17,cat2,-102.0,0,6,84
2018-03-17,xgb2,-360.0,0,0,4
2018-03-24,xgb2,-232.0,0,0,4
2018-03-24,arit100,-72.0,0,0,0
2018-03-24,cat2,-294.0,0,0,3
2018-03-29,arit100,-90.0,0,1,12
2018-03-29,cat2,278.0,1,14,76
2018-03-29,xgb2,-336.0,0,0,0
2018-03-30,cat2,751.0,0,1,14
2018-03-30,xgb2,-104.0,0,0,4
2018-03-30,arit100,-44.0,0,0,1
2018-03-31,xgb2,-360.0,0,0,0
2018-03-31,arit100,-90.0,0,0,0
2018-03-31,cat2,-204.0,0,0,4
2018-04-01,arit100,-90.0,0,0,0
2018-04-01,cat2,2360.0,1,14,77
2018-04-01,xgb2,-360.0,0,0,3
2018-04-07,arit100,-60.0,0,2,20
2018-04-07,cat2,1348.0,1,13,73
2018-04-07,xgb2,-270.0,0,1,13
2018-04-14,cat2,-360.0,0,0,0
2018-04-14,xgb2,-250.0,0,0,1
2018-04-14,arit100,-96.0,0,0,0
2018-04-21,cat2,-300.0,0,0,0
2018-04-21,xgb2,-324.0,0,0,0
2018-04-21,arit100,-90.0,0,0,0
2018-04-28,arit100,-90.0,0,0,0
2018-04-28,cat2,106.0,0,1,13
2018-04-28,xgb2,-336.0,0,0,0
2018-05-01,xgb2,-88.0,0,0,2
2018-05-01,arit100,-90.0,0,0,0
2018-05-01,cat2,-360.0,0,0,0
2018-05-05,xgb2,-336.0,0,0,0
2018-05-05,cat2,-301.0,0,0,1
2018-05-05,arit100,-90.0,0,0,0
2018-05-06,cat2,-294.0,0,3,42
2018-05-06,xgb2,-360.0,0,0,0
2018-05-06,arit100,-81.0,0,0,0
2018-05-12,arit100,-96.0,0,0,0
2018-05-12,cat2,1044.0,0,4,56
2018-05-12,xgb2,-168.0,0,0,12
2018-05-13,arit100,-96.0,0,0,0
2018-05-13,xgb2,-264.0,0,0,4
2018-05-13,cat2,-120.0,0,0,16
2018-05-19,arit100,-72.0,0,0,0
2018-05-19,cat2,-271.5,0,3,42
2018-05-19,xgb2,-360.0,0,0,4
2018-05-26,arit100,70.0,0,0,5
2018-05-26,cat2,-160.0,0,0,4
2018-05-26,xgb2,-300.0,0,0,0
2018-05-27,arit100,-12.0,0,1,9
2018-05-27,xgb2,-216.0,0,0,1
2018-05-27,cat2,-228.0,0,1,14
2018-06-02,xgb2,-360.0,0,0,0
2018-06-02,arit100,-90.0,0,0,0
2018-06-02,cat2,-300.0,0,0,0
2018-06-09,cat2,-132.0,0,2,28
2018-06-09,xgb2,-360.0,0,0,0
2018-06-09,arit100,-81.0,0,0,0
2018-06-10,arit100,-90.0,0,0,3
2018-06-10,xgb2,-337.5,0,0,0
2018-06-10,cat2,-265.5,0,3,42
2018-06-16,xgb2,-300.0,0,0,0
2018-06-16,cat2,-274.0,0,0,1
2018-06-16,arit100,-90.0,0,0,0
2018-06-24,xgb2,-159.0,0,0,3
2018-06-24,arit100,-56.0,0,0,2
2018-06-24,cat2,0.5,0,1,14
2018-06-30,cat2,-360.0,0,0,0
2018-06-30,arit100,-100.0,0,0,0
2018-06-30,xgb2,-324.0,0,0,0
2018-07-05,cat2,-340.0,0,1,15
2018-07-05,arit100,-72.0,0,0,1
2018-07-05,xgb2,-360.0,0,0,1
2018-07-07,arit100,-90.0,0,0,0
2018-07-07,cat2,-164.0,0,0,4
2018-07-07,xgb2,-360.0,0,0,0
2018-07-08,arit100,-72.0,0,0,4
2018-07-08,cat2,-321.0,0,1,14
2018-07-08,xgb2,-300.0,0,0,0
2018-07-14,cat2,-360.0,0,0,0
2018-07-14,arit100,-84.0,0,0,0
2018-07-14,xgb2,-225.0,0,0,0
2018-07-21,cat2,-360.0,0,0,0
2018-07-21,xgb2,-324.0,0,0,0
2018-07-21,arit100,-90.0,0,0,0
2018-07-22,xgb2,-360.0,0,0,0
2018-07-22,cat2,-288.0,0,0,0
2018-07-22,arit100,-72.0,0,0,0
2018-07-28,xgb2,-360.0,0,0,0
2018-07-28,arit100,-81.0,0,0,0
2018-07-28,cat2,-252.0,0,0,2
2018-07-31,arit100,-96.0,0,0,0
2018-07-31,cat2,-326.0,0,0,1
2018-07-31,xgb2,-283.5,0,0,0
2018-08-04,arit100,-96.0,0,0,0
2018-08-04,xgb2,-360.0,0,0,0
2018-08-04,cat2,-288.0,0,0,0
2018-08-11,cat2,-320.0,0,0,0
2018-08-11,xgb2,-360.0,0,0,0
2018-08-11,arit100,-96.0,0,0,0
2018-08-12,cat2,-288.0,0,0,0
2018-08-12,arit100,-72.0,0,0,0
2018-08-12,xgb2,-324.0,0,0,0
2018-08-14,cat2,-360.0,0,0,0
2018-08-14,arit100,-90.0,0,0,0
2018-08-14,xgb2,-324.0,0,0,0
2018-08-18,xgb2,-288.0,0,0,0
2018-08-18,cat2,-360.0,0,0,0
2018-08-18,arit100,-96.0,0,0,0
2018-08-22,cat2,-288.0,0,0,0
2018-08-22,xgb2,-288.0,0,0,0
2018-08-22,arit100,-80.0,0,0,0
2018-08-23,cat2,-360.0,0,0,0
2018-08-23,xgb2,-320.0,0,0,0
2018-08-23,arit100,-90.0,0,0,0
2018-08-24,arit100,-96.0,0,0,8
2018-08-24,cat2,525.0,1,13,66
2018-08-24,xgb2,-324.0,0,0,0
2018-08-25,xgb2,-48.0,0,0,12
2018-08-25,cat2,273.0,0,1,14
2018-08-25,arit100,-60.0,0,0,0
2018-08-26,xgb2,-296.0,0,4,56
2018-08-26,arit100,-60.0,0,0,0
2018-08-26,cat2,-224.0,0,4,52
2018-09-01,arit100,-96.0,0,0,0
2018-09-01,xgb2,-258.0,0,0,2
2018-09-01,cat2,-196.0,0,0,4
2018-09-02,xgb2,-360.0,0,0,4
2018-09-02,cat2,-277.0,0,1,15
2018-09-02,arit100,-96.0,0,0,4
2018-09-08,arit100,-90.0,0,0,0
2018-09-08,cat2,1075.0,0,1,14
2018-09-08,xgb2,-85.0,0,0,5
2018-09-09,cat2,-300.0,0,0,0
2018-09-09,arit100,124.0,0,0,2
2018-09-09,xgb2,-119.0,0,0,2
2018-09-15,xgb2,-360.0,0,0,0
2018-09-15,cat2,-228.0,0,1,14
2018-09-15,arit100,-80.0,0,0,0
2018-09-16,arit100,-90.0,0,0,0
2018-09-16,cat2,-288.0,0,0,0
2018-09-16,xgb2,-350.0,0,0,0
2018-09-22,xgb2,-360.0,0,0,12
2018-09-22,arit100,-90.0,0,0,9
2018-09-22,cat2,-360.0,0,0,12
2018-09-29,arit100,-59.0,0,1,10
2018-09-29,xgb2,-323.0,0,1,14
2018-09-29,cat2,-172.5,0,3,42
2018-09-30,xgb2,-360.0,0,0,0
2018-09-30,arit100,-72.0,0,0,0
2018-09-30,cat2,-288.0,0,0,0
2018-10-06,cat2,-317.5,0,1,14
2018-10-06,arit100,-96.0,0,0,1
2018-10-06,xgb2,-340.0,0,1,14
2018-10-13,cat2,-324.0,0,0,9
2018-10-13,arit100,-96.0,0,0,0
2018-10-13,xgb2,-336.0,0,0,0
2018-10-20,xgb2,119.0,0,0,7
2018-10-20,arit100,-96.0,0,0,0
2018-10-20,cat2,-360.0,0,0,0
2018-10-27,arit100,-100.0,0,0,2
2018-10-27,xgb2,-360.0,0,0,2
2018-10-27,cat2,-127.0,1,14,77
2018-10-28,arit100,-96.0,0,0,3
2018-10-28,xgb2,-337.5,0,0,3
2018-10-28,cat2,-360.0,0,1,14
2018-11-03,arit100,-75.0,0,0,0
2018-11-03,cat2,-320.0,0,0,0
2018-11-03,xgb2,-320.0,0,0,0
2018-11-10,arit100,-96.0,0,0,0
2018-11-10,xgb2,-288.0,0,0,0
2018-11-10,cat2,-324.0,0,0,0
2018-11-11,cat2,-279.0,0,0,3
2018-11-11,xgb2,-273.0,0,0,1
2018-11-11,arit100,-73.0,0,0,1
2018-11-17,xgb2,-360.0,0,0,0
2018-11-17,cat2,-300.0,0,0,0
2018-11-17,arit100,-72.0,0,0,0
2018-11-24,arit100,-90.0,0,0,0
2018-11-24,cat2,-360.0,0,0,0
2018-11-24,xgb2,-320.0,0,0,0
2018-11-25,arit100,-90.0,0,2,20
2018-11-25,xgb2,-336.0,0,4,60
2018-11-25,cat2,-360.0,0,1,14
2018-12-01,xgb2,-214.0,0,1,14
2018-12-01,cat2,-360.0,0,0,0
2018-12-01,arit100,-96.0,0,0,4
2018-12-08,xgb2,-300.0,0,0,20
2018-12-08,cat2,105.0,0,5,70
2018-12-08,arit100,-96.0,0,0,12
2018-12-15,arit100,-90.0,0,0,0
2018-12-15,xgb2,-315.0,0,0,0
2018-12-15,cat2,-360.0,0,0,4
2018-12-22,xgb2,-324.0,0,0,0
2018-12-22,arit100,-54.0,0,0,0
2018-12-22,cat2,-120.0,0,0,3
2018-12-23,cat2,-288.0,0,0,0
2018-12-23,arit100,-81.0,0,0,0
2018-12-23,xgb2,-360.0,0,0,0
2018-12-25,xgb2,-360.0,0,0,0
2018-12-25,cat2,-256.0,0,0,0
2018-12-25,arit100,-72.0,0,0,0
2018-12-26,arit100,-63.0,0,0,0
2018-12-26,xgb2,245.0,0,0,5
2018-12-26,cat2,-320.0,0,0,0
2018-12-27,arit100,-96.0,0,0,0
2018-12-27,xgb2,-360.0,0,0,0
2018-12-27,cat2,-360.0,0,0,0
2018-12-28,cat2,720.0,0,3,42
2018-12-28,arit100,738.0,0,3,30
2018-12-28,xgb2,-264.0,0,0,6
2018-12-29,cat2,-300.0,0,0,1
2018-12-29,xgb2,-224.0,0,0,0
2018-12-29,arit100,-90.0,0,0,0
2018-12-30,cat2,-320.0,0,0,0
2018-12-30,arit100,80.0,0,0,4
2018-12-30,xgb2,-250.0,0,0,0
2018-12-31,xgb2,-288.0,0,0,0
2018-12-31,cat2,-324.0,0,0,0
2018-12-31,arit100,-81.0,0,0,0
2019-01-05,cat2,-360.0,0,0,0
2019-01-05,xgb2,-300.0,0,0,0
2019-01-05,arit100,-80.0,0,0,0
2019-01-12,cat2,-337.0,0,0,1
2019-01-12,arit100,-90.0,0,0,0
2019-01-12,xgb2,-288.0,0,0,0
2019-01-19,xgb2,-324.0,0,0,0
2019-01-19,arit100,-90.0,0,0,0
2019-01-19,cat2,-288.0,0,0,0
2019-01-26,arit100,-96.0,0,0,0
2019-01-26,cat2,-360.0,0,0,0
2019-01-26,xgb2,-288.0,0,0,0
2019-01-27,arit100,-96.0,0,0,0
2019-01-27,cat2,-360.0,0,0,0
2019-01-27,xgb2,-360.0,0,0,0
2019-02-02,cat2,-360.0,0,0,0
2019-02-02,xgb2,-337.5,0,0,0
2019-02-02,arit100,-72.0,0,0,0
2019-02-09,xgb2,-288.0,0,0,0
2019-02-09,arit100,-90.0,0,0,0
2019-02-09,cat2,-360.0,0,0,0
2019-02-16,cat2,-205.0,0,0,5
2019-02-16,xgb2,-288.0,0,0,0
2019-02-16,arit100,-90.0,0,0,0
2019-02-23,arit100,-72.0,0,0,0
2019-02-23,xgb2,-256.0,0,0,0
2019-02-23,cat2,-320.0,0,0,0
2019-03-02,arit100,-54.0,0,0,0
2019-03-02,xgb2,-324.0,0,0,0
2019-03-02,cat2,-50.0,0,0,5
2019-03-03,arit100,-96.0,0,0,0
2019-03-03,cat2,139.5,0,1,14
2019-03-03,xgb2,-360.0,0,0,0
2019-03-09,xgb2,-324.0,0,0,0
2019-03-09,cat2,-313.0,0,1,14
2019-03-09,arit100,-96.0,0,0,1
2019-03-16,cat2,160.0,0,0,4
2019-03-16,xgb2,-315.0,0,0,0
2019-03-16,arit100,-90.0,0,0,0
2019-03-23,cat2,222.0,0,1,14
2019-03-23,xgb2,208.5,0,1,14
2019-03-23,arit100,-77.0,0,0,1
2019-03-30,arit100,-96.0,0,0,0
2019-03-30,xgb2,-324.0,0,0,0
2019-03-30,cat2,-288.0,0,0,0
2019-03-31,arit100,-52.0,0,0,2
2019-03-31,xgb2,-360.0,0,0,0
2019-03-31,cat2,-294.0,0,0,3
2019-04-06,cat2,-243.0,0,0,3
2019-04-06,arit100,-60.0,0,0,0
2019-04-06,xgb2,-70.5,0,0,3
2019-04-13,arit100,-81.0,0,0,0
2019-04-13,cat2,-324.0,0,0,0
2019-04-13,xgb2,-288.0,0,0,0
2019-04-18,cat2,-288.0,0,4,52
2019-04-18,arit100,-81.0,0,1,11
2019-04-18,xgb2,-288.0,0,2,30
2019-04-19,cat2,-90.0,0,0,5
2019-04-19,arit100,-72.0,0,0,0
2019-04-19,xgb2,-324.0,0,0,0
2019-04-20,xgb2,-324.0,0,0,1
2019-04-20,cat2,-320.0,0,0,8
2019-04-20,arit100,-90.0,0,0,0
2019-04-21,xgb2,-288.0,0,0,0
2019-04-21,arit100,-96.0,0,0,0
2019-04-21,cat2,-288.0,0,0,0
2019-04-27,arit100,-100.0,0,0,0
2019-04-27,cat2,-337.5,0,0,3
2019-04-27,xgb2,-360.0,0,0,0
2019-05-01,arit100,-81.0,0,0,0
2019-05-01,cat2,-360.0,0,0,0
2019-05-01,xgb2,-336.0,0,0,0
2019-05-04,cat2,-360.0,0,0,3
2019-05-04,xgb2,-320.0,0,0,8
2019-05-04,arit100,-90.0,0,0,2
2019-05-11,xgb2,-270.0,0,0,0
2019-05-11,arit100,-81.0,0,0,0
2019-05-11,cat2,-4.0,0,0,4
2019-05-12,xgb2,-300.0,0,0,3
2019-05-12,cat2,1002.0,0,3,42
2019-05-12,arit100,-100.0,0,0,0
2019-05-18,arit100,-90.0,0,0,0
2019-05-18,xgb2,-270.0,0,0,0
2019-05-18,cat2,-337.5,0,0,0
2019-05-25,cat2,-324.0,0,0,0
2019-05-25,arit100,-72.0,0,0,0
2019-05-25,xgb2,-360.0,0,0,0
2019-05-26,xgb2,-360.0,0,0,0
2019-05-26,arit100,-96.0,0,0,0
2019-05-26,cat2,-360.0,0,0,0
2019-06-01,cat2,-360.0,0,0,0
2019-06-01,arit100,-75.0,0,0,0
2019-06-01,xgb2,-150.0,0,0,3
2019-06-08,cat2,-300.0,0,0,0
2019-06-08,xgb2,-350.0,0,0,0
2019-06-08,arit100,-100.0,0,0,0
2019-06-09,xgb2,-300.0,0,0,0
2019-06-09,arit100,-96.0,0,0,0
2019-06-09,cat2,-360.0,0,0,0
2019-06-15,cat2,-310.5,0,0,1
2019-06-15,arit100,-54.0,0,0,0
2019-06-15,xgb2,-256.5,0,0,3
2019-06-23,arit100,-90.0,0,0,0
2019-06-23,xgb2,-360.0,0,0,0
2019-06-23,cat2,-288.0,0,0,0
2019-06-29,arit100,-47.0,0,1,11
2019-06-29,cat2,1289.0,1,14,77
2019-06-29,xgb2,-322.0,0,1,17
2019-07-04,cat2,-324.0,0,0,0
2019-07-04,xgb2,-315.0,0,0,0
2019-07-04,arit100,-60.0,0,0,0
2019-07-06,xgb2,-324.0,0,0,0
2019-07-06,arit100,-96.0,0,0,0
2019-07-06,cat2,-360.0,0,0,0
2019-07-07,arit100,-73.0,0,0,1
2019-07-07,cat2,-185.0,0,0,5
2019-07-07,xgb2,-336.0,0,0,0
2019-07-13,cat2,-360.0,0,0,0
2019-07-13,xgb2,-288.0,0,0,0
2019-07-13,arit100,-67.5,0,0,0
2019-07-20,xgb2,-330.0,0,0,1
2019-07-20,cat2,-187.5,0,0,5
2019-07-20,arit100,-21.0,0,0,2
2019-07-21,arit100,-54.0,0,0,0
2019-07-21,cat2,-360.0,0,0,0
2019-07-21,xgb2,-336.0,0,0,0
2019-07-27,cat2,621.0,1,14,86
2019-07-27,arit100,-80.0,0,0,0
2019-07-27,xgb2,-337.5,0,0,0
2019-07-30,xgb2,-86.0,0,2,28
2019-07-30,cat2,180.0,0,4,52
2019-07-30,arit100,-84.0,0,0,3
2019-08-03,cat2,6384.0,1,14,79
2019-08-03,arit100,-96.0,0,0,0
2019-08-03,xgb2,-360.0,0,0,0
2019-08-10,cat2,-360.0,0,1,14
2019-08-10,xgb2,-315.0,0,0,0
2019-08-10,arit100,-90.0,0,0,0
2019-08-11,arit100,-81.0,0,0,0
2019-08-11,cat2,-360.0,0,0,0
2019-08-11,xgb2,-360.0,0,0,0
2019-08-14,arit100,-75.0,0,0,0
2019-08-14,xgb2,-300.0,0,0,0
2019-08-14,cat2,218.0,1,14,81
2019-08-17,arit100,-90.0,0,0,1
2019-08-17,cat2,-288.0,0,0,12
2019-08-17,xgb2,-216.0,0,0,1
2019-08-21,arit100,-90.0,0,0,0
2019-08-21,cat2,-300.0,0,0,0
2019-08-21,xgb2,-360.0,0,0,0
2019-08-22,arit100,-96.0,0,0,0
2019-08-22,xgb2,-320.0,0,0,0
2019-08-22,cat2,-212.0,0,0,1
2019-08-23,arit100,-72.0,0,0,0
2019-08-23,cat2,-360.0,0,0,0
2019-08-23,xgb2,-320.0,0,0,0
2019-08-24,cat2,-288.0,0,0,0
2019-08-24,xgb2,1503.0,0,0,9
2019-08-24,arit100,-90.0,0,0,0
2019-08-25,cat2,-360.0,0,0,5
2019-08-25,xgb2,-300.0,0,0,0
2019-08-25,arit100,-80.0,0,0,2
2019-08-31,xgb2,-300.0,0,0,0
2019-08-31,cat2,-45.0,0,0,15
2019-08-31,arit100,-84.0,0,0,0
2019-09-01,xgb2,-35.0,0,0,1
2019-09-01,arit100,-90.0,0,0,0
2019-09-01,cat2,-360.0,0,0,0
2019-09-07,arit100,-67.5,0,0,0
2019-09-07,cat2,-272.0,0,0,4
2019-09-07,xgb2,-360.0,0,0,0
2019-09-08,cat2,-360.0,0,0,0
2019-09-08,xgb2,-350.0,0,0,0
2019-09-08,arit100,-96.0,0,0,0
2019-09-14,xgb2,-280.0,0,0,0
2019-09-14,arit100,-60.0,0,0,0
2019-09-14,cat2,98.0,0,1,15
2019-09-21,xgb2,-256.0,0,0,0
2019-09-21,cat2,-288.0,0,0,0
2019-09-21,arit100,-81.0,0,0,0
2019-09-28,arit100,-72.0,0,0,0
2019-09-28,xgb2,-196.0,0,0,2
2019-09-28,cat2,-264.0,0,0,2
2019-09-29,arit100,-90.0,0,0,0
2019-09-29,cat2,-360.0,0,0,0
2019-09-29,xgb2,-360.0,0,0,0
2019-10-05,arit100,-90.0,0,0,0
2019-10-05,xgb2,-300.0,0,0,0
2019-10-05,cat2,-102.0,0,0,6
2019-10-12,xgb2,-324.0,0,0,0
2019-10-12,cat2,-360.0,0,0,0
2019-10-12,arit100,-96.0,0,0,0
2019-10-19,cat2,2876.0,1,14,76
2019-10-19,xgb2,-288.0,0,0,3
2019-10-19,arit100,-72.0,0,0,0
2019-10-26,arit100,-96.0,0,0,0
2019-10-26,cat2,-126.0,0,0,3
2019-10-26,xgb2,-360.0,0,0,0
2019-10-27,arit100,-96.0,0,4,40
2019-10-27,xgb2,-324.0,0,4,56
2019-10-27,cat2,-84.0,1,14,77
2019-11-02,xgb2,-360.0,0,0,0
2019-11-02,arit100,-90.0,0,0,0
2019-11-02,cat2,-320.0,0,0,0
2019-11-09,cat2,-121.5,0,0,9
2019-11-09,arit100,-48.0,0,0,2
2019-11-09,xgb2,1034.0,0,2,30
2019-11-10,cat2,-360.0,0,0,0
2019-11-10,arit100,-90.0,0,0,0
2019-11-10,xgb2,-270.0,0,0,0
2019-11-16,cat2,936.0,1,14,75
2019-11-16,xgb2,-336.0,0,0,0
2019-11-16,arit100,-72.0,0,0,1
2019-11-23,xgb2,-245.0,0,0,0
2019-11-23,arit100,-72.0,0,0,0
2019-11-23,cat2,-360.0,0,0,0
2019-11-30,cat2,-320.0,0,0,0
2019-11-30,xgb2,-360.0,0,0,0
2019-11-30,arit100,-96.0,0,0,0
2019-12-01,cat2,-288.0,0,0,0
2019-12-01,arit100,-72.0,0,0,0
2019-12-01,xgb2,-320.0,0,0,0
2019-12-07,xgb2,-284.0,0,0,1
2019-12-07,cat2,-257.0,0,0,1
2019-12-07,arit100,-90.0,0,0,0
2019-12-14,cat2,-360.0,0,0,0
2019-12-14,xgb2,-288.0,0,0,0
2019-12-14,arit100,1158.0,0,0,3
2019-12-21,xgb2,-324.0,0,0,0
2019-12-21,cat2,-360.0,0,0,0
2019-12-21,arit100,-90.0,0,0,0
2019-12-23,xgb2,-360.0,0,0,0
2019-12-23,cat2,-315.0,0,0,0
2019-12-23,arit100,-72.0,0,0,0
2019-12-25,xgb2,-300.0,0,0,0
2019-12-25,arit100,-84.0,0,0,0
2019-12-25,cat2,-288.0,0,0,0
2019-12-26,cat2,-308.0,0,1,14
2019-12-26,arit100,-72.0,0,0,6
2019-12-26,xgb2,-337.5,0,0,3
2019-12-27,arit100,-96.0,0,0,0
2019-12-27,xgb2,-360.0,0,0,0
2019-12-27,cat2,-360.0,0,0,0
2019-12-28,cat2,-360.0,0,0,0
2019-12-28,xgb2,-360.0,0,0,0
2019-12-28,arit100,-90.0,0,0,0
2019-12-29,xgb2,-360.0,0,0,0
2019-12-29,cat2,-360.0,0,0,0
2019-12-29,arit100,-90.0,0,0,0
2019-12-30,arit100,-72.0,0,0,0
2019-12-30,xgb2,-270.0,0,0,0
2019-12-30,cat2,-360.0,0,0,0
2019-12-31,xgb2,220.0,0,1,17
2019-12-31,arit100,-96.0,0,0,0
2019-12-31,cat2,-336.0,0,0,1
2020-01-04,arit100,-84.0,0,0,0
2020-01-04,cat2,-360.0,0,0,0
2020-01-04,xgb2,-192.0,0,0,0
2020-01-11,cat2,-288.0,0,0,0
2020-01-11,xgb2,-337.5,0,0,0
2020-01-11,arit100,-96.0,0,0,0
2020-01-18,xgb2,594.0,0,0,2
2020-01-18,cat2,-360.0,0,0,0
2020-01-18,arit100,-96.0,0,0,0
2020-01-25,cat2,-360.0,0,0,0
2020-01-25,xgb2,-288.0,0,0,0
2020-01-25,arit100,-54.0,0,0,0
2020-02-01,xgb2,-360.0,0,0,2
2020-02-01,cat2,0.0,0,4,52
2020-02-01,arit100,44.0,0,2,22
2020-02-08,xgb2,-360.0,0,0,0
2020-02-08,arit100,-84.0,0,0,0
2020-02-08,cat2,-300.0,0,0,0
2020-02-15,xgb2,-360.0,0,0,0
2020-02-15,cat2,-360.0,0,0,0
2020-02-15,arit100,-60.0,0,0,0
2020-02-22,arit100,-60.0,0,0,0
2020-02-22,xgb2,-360.0,0,0,0
2020-02-22,cat2,-360.0,0,0,0
2020-02-29,xgb2,-300.0,0,0,3
2020-02-29,arit100,-72.0,0,0,4
2020-02-29,cat2,-360.0,0,0,4
2020-03-07,arit100,-96.0,0,0,0
2020-03-07,cat2,-288.0,0,0,0
2020-03-07,xgb2,-300.0,0,0,0
2020-03-14,cat2,-296.0,0,4,56
2020-03-14,arit100,-96.0,0,0,8
2020-03-14,xgb2,-320.0,0,0,0
2020-03-21,xgb2,-324.0,0,0,0
2020-03-21,cat2,98.0,0,1,14
2020-03-21,arit100,-96.0,0,0,0
2020-03-28,arit100,-81.0,0,0,0
2020-03-28,cat2,-288.0,0,0,0
2020-03-28,xgb2,-288.0,0,0,0
2020-04-04,xgb2,-360.0,0,0,0
2020-04-04,arit100,-96.0,0,0,0
2020-04-04,cat2,-274.0,0,1,14
2020-04-09,xgb2,-213.0,0,0,3
2020-04-09,arit100,-59.0,0,0,1
2020-04-09,cat2,-360.0,0,0,0
2020-04-10,cat2,-288.0,0,0,12
2020-04-10,arit100,-90.0,0,0,0
2020-04-10,xgb2,-360.0,0,0,0
2020-04-11,cat2,-288.0,0,0,0
2020-04-11,xgb2,-360.0,0,0,0
2020-04-11,arit100,-72.0,0,0,0
2020-04-12,cat2,-360.0,0,0,0
2020-04-12,arit100,-100.0,0,0,0
2020-04-12,xgb2,-80.0,0,0,1
2020-04-18,cat2,-360.0,0,0,4
2020-04-18,xgb2,-276.0,0,1,14
2020-04-18,arit100,-90.0,0,0,2
2020-04-25,arit100,-80.0,0,0,0
2020-04-25,cat2,-360.0,0,0,12
2020-04-25,xgb2,-256.0,0,0,0
2020-05-02,cat2,-267.0,0,1,14
2020-05-02,arit100,-96.0,0,0,0
2020-05-02,xgb2,-360.0,0,0,3
2020-05-09,xgb2,-280.0,0,0,0
2020-05-09,cat2,-288.0,0,0,0
2020-05-09,arit100,-100.0,0,0,0
2020-05-16,arit100,-90.0,0,0,0
2020-05-16,cat2,-172.0,0,4,56
2020-05-16,xgb2,-336.0,0,0,0
2020-05-17,cat2,-360.0,0,0,0
2020-05-17,xgb2,-337.5,0,0,0
2020-05-17,arit100,-90.0,0,0,0
2020-05-23,arit100,-84.0,0,0,0
2020-05-23,xgb2,-336.0,0,0,0
2020-05-23,cat2,-282.0,0,0,3
2020-05-30,xgb2,-300.0,0,0,20
2020-05-30,cat2,-360.0,0,0,15
2020-05-30,arit100,-90.0,0,0,6
2020-05-31,cat2,1129.5,1,14,84
2020-05-31,xgb2,-210.0,0,0,5
2020-05-31,arit100,-96.0,0,0,8
2020-06-06,xgb2,-324.0,0,0,0
2020-06-06,cat2,-288.0,0,0,0
2020-06-06,arit100,-94.5,0,0,0
2020-06-13,arit100,-36.0,0,4,40
2020-06-13,cat2,421.0,1,14,77
2020-06-13,xgb2,-288.0,0,0,4
2020-06-14,xgb2,-260.0,0,0,4
2020-06-14,arit100,-96.0,0,0,0
2020-06-14,cat2,-360.0,0,0,0
2020-06-21,xgb2,-286.0,0,1,15
2020-06-21,cat2,-360.0,0,0,3
2020-06-21,arit100,-72.0,0,0,0
2020-06-27,xgb2,-360.0,0,0,0
2020-06-27,cat2,-360.0,0,0,4
2020-06-27,arit100,-100.0,0,0,8
2020-07-02,arit100,-63.0,0,0,0
2020-07-02,cat2,-288.0,0,1,14
2020-07-02,xgb2,-320.0,0,0,0
2020-07-04,xgb2,38100.0,1,16,90
2020-07-04,arit100,37730.0,1,11,44
2020-07-04,cat2,-288.0,0,0,16
2020-07-05,xgb2,-360.0,0,0,0
2020-07-05,arit100,-96.0,0,0,0
2020-07-05,cat2,-309.0,0,0,1
2020-07-11,xgb2,-360.0,0,0,0
2020-07-11,arit100,-100.0,0,0,0
2020-07-11,cat2,-320.0,0,0,4
2020-07-18,cat2,-324.0,0,0,0
2020-07-18,arit100,-96.0,0,0,0
2020-07-18,xgb2,624.0,0,0,12
2020-07-19,arit100,-72.0,0,0,3
2020-07-19,cat2,-337.5,0,0,5
2020-07-19,xgb2,-310.0,0,1,14
2020-07-25,arit100,-90.0,0,0,0
2020-07-25,cat2,-288.0,0,0,0
2020-07-25,xgb2,-288.0,0,0,0
2020-07-28,cat2,-360.0,0,0,0
2020-07-28,arit100,-80.0,0,0,0
2020-07-28,xgb2,-324.0,0,0,0
2020-08-01,arit100,-81.0,0,0,0
2020-08-01,cat2,-288.0,0,0,0
2020-08-01,xgb2,-360.0,0,0,0
2020-08-08,cat2,-300.0,0,0,0
2020-08-08,xgb2,-300.0,0,0,0
2020-08-08,arit100,-81.0,0,0,0
2020-08-09,xgb2,-250.0,0,0,0
2020-08-09,cat2,-360.0,0,0,0
2020-08-09,arit100,-90.0,0,0,0
2020-08-15,arit100,-70.0,0,0,0
2020-08-15,cat2,-288.0,0,0,0
2020-08-15,xgb2,-360.0,0,0,0
2020-08-19,xgb2,36.0,0,1,14
2020-08-19,cat2,-272.0,0,0,1
2020-08-19,arit100,152.0,0,1,10
2020-08-22,cat2,-360.0,0,0,12
2020-08-22,arit100,-72.0,0,0,0
2020-08-22,xgb2,-337.5,0,0,9
2020-08-25,arit100,-90.0,0,0,2
2020-08-25,cat2,-330.0,0,1,14
2020-08-25,xgb2,-288.0,0,0,1
2020-08-29,cat2,-303.0,0,1,14
2020-08-29,xgb2,-300.0,0,0,8
2020-08-29,arit100,168.0,0,4,40
2020-08-30,arit100,-96.0,0,0,0
2020-08-30,cat2,-288.0,0,0,0
2020-08-30,xgb2,-278.0,0,0,1
2020-09-05,arit100,-100.0,0,0,0
2020-09-05,cat2,-288.0,0,0,0
2020-09-05,xgb2,-360.0,0,0,0
2020-09-06,arit100,-90.0,0,0,0
2020-09-06,cat2,-360.0,0,0,0
2020-09-06,xgb2,-312.5,0,0,0
2020-09-12,xgb2,-360.0,0,0,0
2020-09-12,arit100,-96.0,0,0,0
2020-09-12,cat2,-264.0,0,0,4
2020-09-13,arit100,-96.0,0,0,4
2020-09-13,xgb2,-360.0,0,0,5
2020-09-13,cat2,-360.0,0,0,3
2020-09-19,cat2,-360.0,0,0,0
2020-09-19,xgb2,-288.0,0,0,0
2020-09-19,arit100,-72.0,0,0,0
2020-09-26,arit100,-67.5,0,0,0
2020-09-26,cat2,-360.0,0,0,0
2020-09-26,xgb2,-300.0,0,0,0
2020-09-27,xgb2,-261.0,0,1,14
2020-09-27,arit100,-96.0,0,0,2
2020-09-27,cat2,-165.0,0,5,70
2020-10-03,xgb2,-360.0,0,0,0
2020-10-03,arit100,-100.0,0,0,0
2020-10-03,cat2,121.5,1,14,84
2020-10-10,arit100,-72.0,0,0,0
2020-10-10,cat2,-300.0,0,0,0
2020-10-10,xgb2,-336.0,0,0,0
2020-10-17,cat2,-219.0,0,0,3
2020-10-17,xgb2,-360.0,0,0,0
2020-10-17,arit100,-72.0,0,0,0
2020-10-24,xgb2,-270.0,0,0,2
2020-10-24,arit100,-90.0,0,3,30
2020-10-24,cat2,96.0,1,14,85
2020-10-25,arit100,-96.0,0,0,2
2020-10-25,cat2,-233.0,0,1,13
2020-10-25,xgb2,-305.0,0,1,14
2020-10-31,cat2,-280.0,0,0,4
2020-10-31,xgb2,-315.0,0,0,0
2020-10-31,arit100,-72.0,0,0,0
2020-11-07,xgb2,-300.0,0,0,0
2020-11-07,arit100,-90.0,0,0,0
2020-11-07,cat2,-360.0,0,0,0
2020-11-08,xgb2,-150.0,0,3,42
2020-11-08,arit100,-96.0,0,0,1
2020-11-08,cat2,-360.0,0,0,4
2020-11-14,xgb2,-360.0,0,0,0
2020-11-14,cat2,1224.0,1,15,89
2020-11-14,arit100,-81.0,0,0,0
2020-11-21,arit100,-72.0,0,0,0
2020-11-21,cat2,-173.0,0,0,1
2020-11-21,xgb2,-360.0,0,0,0
2020-11-28,cat2,-360.0,0,0,0
2020-11-28,arit100,-96.0,0,0,0
2020-11-28,xgb2,-324.0,0,0,0
2020-12-05,arit100,-75.0,0,0,0
2020-12-05,xgb2,-294.0,0,0,3
2020-12-05,cat2,-272.0,0,0,4
2020-12-12,xgb2,-350.0,0,0,0
2020-12-12,cat2,-360.0,0,0,0
2020-12-12,arit100,-90.0,0,0,0
2020-12-19,xgb2,-320.0,0,0,0
2020-12-19,arit100,-72.0,0,0,0
2020-12-19,cat2,-360.0,0,0,0
2020-12-23,arit100,-90.0,0,0,0
2020-12-23,xgb2,-300.0,0,0,0
2020-12-23,cat2,-288.0,0,0,0
2020-12-25,arit100,-72.0,0,0,0
2020-12-25,cat2,-270.0,0,0,1
2020-12-25,xgb2,-189.0,0,0,0
2020-12-26,cat2,-294.0,0,0,3
2020-12-26,xgb2,-360.0,0,0,0
2020-12-26,arit100,-90.0,0,0,0
2020-12-27,cat2,-360.0,0,0,0
2020-12-27,xgb2,-360.0,0,0,0
2020-12-27,arit100,-81.0,0,0,0
2020-12-28,cat2,-321.0,0,1,14
2020-12-28,arit100,-72.0,0,0,2
2020-12-28,xgb2,-360.0,0,0,3
2020-12-29,cat2,436.0,0,2,30
2020-12-29,xgb2,-360.0,0,0,0
2020-12-29,arit100,-81.0,0,0,0
2020-12-30,xgb2,-320.0,0,0,0
2020-12-30,arit100,-96.0,0,0,0
2020-12-30,cat2,-288.0,0,0,0
2020-12-31,cat2,-324.0,0,0,0
2020-12-31,arit100,-96.0,0,0,0
2020-12-31,xgb2,-300.0,0,0,0
2021-01-02,cat2,-288.0,0,0,0
2021-01-02,arit100,-90.0,0,0,0
2021-01-02,xgb2,-360.0,0,0,0
2021-01-09,xgb2,-360.0,0,0,0
2021-01-09,arit100,-75.0,0,0,2
2021-01-09,cat2,-336.0,0,1,14
2021-01-16,arit100,-90.0,0,0,0
2021-01-16,xgb2,-337.5,0,0,0
2021-01-16,cat2,-360.0,0,0,0
2021-01-23,arit100,-96.0,0,0,0
2021-01-23,xgb2,-229.0,0,0,2
2021-01-23,cat2,-214.0,0,0,2
2021-01-30,arit100,-90.0,0,0,0
2021-01-30,cat2,-360.0,0,0,0
2021-01-30,xgb2,-300.0,0,0,0
2021-02-06,xgb2,-320.0,0,0,0
2021-02-06,cat2,8.5,0,1,14
2021-02-06,arit100,-96.0,0,0,0
2021-02-13,arit100,-90.0,0,0,0
2021-02-13,cat2,-360.0,0,0,0
2021-02-13,xgb2,-240.0,0,0,0
2021-02-20,xgb2,-336.0,0,0,0
2021-02-20,arit100,-70.0,0,0,0
2021-02-20,cat2,-252.0,0,0,0
2021-02-27,cat2,-360.0,0,0,0
2021-02-27,xgb2,-360.0,0,0,0
2021-02-27,arit100,-81.0,0,0,0
2021-03-06,arit100,-90.0,0,0,0
2021-03-06,cat2,-360.0,0,0,0
2021-03-06,xgb2,-324.0,0,0,0
2021-03-13,arit100,-90.0,0,0,0
2021-03-13,cat2,-243.0,0,0,3
2021-03-13,xgb2,-315.0,0,0,0
2021-05-01,cat2,-273.0,0,0,3
2021-05-01,xgb2,-200.0,0,0,0
2021-05-01,arit100,-90.0,0,0,0
2021-05-08,cat2,-315.0,0,1,14
2021-05-08,xgb2,-324.0,0,0,0
2021-05-08,arit100,-96.0,0,0,0
2021-05-15,arit100,-96.0,0,0,0
2021-05-15,cat2,-360.0,0,0,15
2021-05-15,xgb2,-300.0,0,0,0
2021-05-22,cat2,1869.0,0,3,42
2021-05-22,xgb2,-360.0,0,0,0
2021-05-22,arit100,-96.0,0,0,0
2021-05-29,cat2,-360.0,0,0,0
2021-05-29,arit100,-100.0,0,0,0
2021-05-29,xgb2,-360.0,0,0,0
2021-05-30,cat2,-300.0,0,0,0
2021-05-30,arit100,-96.0,0,0,0
2021-05-30,xgb2,-240.0,0,0,0
2021-06-05,xgb2,-360.0,0,0,0
2021-06-05,arit100,-60.0,0,0,0
2021-06-05,cat2,-360.0,0,0,0
2021-06-12,xgb2,-300.0,0,0,0
2021-06-12,cat2,-288.0,0,0,0
2021-06-12,arit100,-96.0,0,0,0
2021-06-19,cat2,-360.0,0,0,0
2021-06-19,xgb2,-360.0,0,0,0
2021-06-19,arit100,-72.0,0,0,0
2021-06-27,cat2,-284.0,0,0,4
2021-06-27,xgb2,-212.0,0,0,4
2021-06-27,arit100,-96.0,0,0,0
2021-07-03,xgb2,-320.0,0,0,0
2021-07-03,arit100,-72.0,0,0,0
2021-07-03,cat2,-360.0,0,0,0
2021-07-10,cat2,1042.0,1,14,77
2021-07-10,arit100,-96.0,0,0,3
2021-07-10,xgb2,-324.0,0,0,0
2021-07-17,xgb2,-360.0,0,0,0
2021-07-17,arit100,-90.0,0,0,0
2021-07-17,cat2,-360.0,0,0,0
2021-07-31,arit100,-80.0,0,0,0
2021-07-31,xgb2,-360.0,0,0,0
2021-07-31,cat2,-265.0,0,1,13
2021-08-07,xgb2,-200.0,0,0,0
2021-08-07,cat2,-337.5,0,0,0
2021-08-07,arit100,-90.0,0,0,0
2021-08-14,arit100,-54.0,0,1,10
2021-08-14,cat2,1201.0,1,14,81
2021-08-14,xgb2,1241.0,1,14,79
2021-08-18,xgb2,-337.5,0,0,0
2021-08-18,cat2,-360.0,0,0,0
2021-08-18,arit100,-72.0,0,0,0
2021-08-21,arit100,78.0,0,0,2
2021-08-21,cat2,-288.0,0,0,0
2021-08-21,xgb2,-337.5,0,0,0
2021-08-24,xgb2,-360.0,0,4,60
2021-08-24,arit100,-90.0,0,3,36
2021-08-24,cat2,-139.0,1,13,67
2021-08-28,arit100,-72.0,0,0,4
2021-08-28,xgb2,-360.0,0,0,10
2021-08-28,cat2,-360.0,0,0,16
2021-09-04,arit100,-72.0,0,0,0
2021-09-04,cat2,-324.0,0,0,0
2021-09-04,xgb2,-360.0,0,0,0
2021-09-11,arit100,-24.0,0,0,2
2021-09-11,cat2,-288.0,0,0,0
2021-09-11,xgb2,-223.5,0,0,3
2021-09-18,arit100,-90.0,0,0,0
2021-09-18,xgb2,-300.0,0,0,0
2021-09-18,cat2,-360.0,0,0,0
2021-09-25,xgb2,-360.0,0,0,0
2021-09-25,arit100,-96.0,0,0,0
2021-09-25,cat2,-324.0,0,0,9
2021-10-09,arit100,-84.0,0,0,0
2021-10-09,cat2,-224.0,0,2,28
2021-10-09,xgb2,-324.0,0,0,0
2021-10-16,cat2,-288.0,0,0,0
2021-10-16,arit100,-60.0,0,0,0
2021-10-16,xgb2,-360.0,0,0,0
2021-10-23,xgb2,-360.0,0,0,3
2021-10-23,arit100,-31.0,0,1,12
2021-10-23,cat2,-301.0,0,1,14
2021-10-24,arit100,-96.0,0,0,4
2021-10-24,cat2,-288.0,0,0,3
2021-10-24,xgb2,-288.0,0,0,0
2021-10-30,xgb2,-360.0,0,0,0
2021-10-30,cat2,-300.0,0,0,0
2021-10-30,arit100,-96.0,0,0,0
2021-11-06,arit100,-72.0,0,0,0
2021-11-06,cat2,-288.0,0,0,0
2021-11-06,xgb2,-70.0,0,0,4
2021-11-13,xgb2,-360.0,0,0,0
2021-11-13,arit100,-96.0,0,0,0
2021-11-13,cat2,-360.0,0,0,0
2021-11-20,arit100,-96.0,0,0,0
2021-11-20,xgb2,-300.0,0,0,0
2021-11-20,cat2,-360.0,0,0,0
2021-11-27,arit100,-96.0,0,0,0
2021-11-27,cat2,-269.0,0,1,14
2021-11-27,xgb2,-360.0,0,0,0
2021-12-04,arit100,96.0,0,0,3
2021-12-04,cat2,-287.5,0,0,1
2021-12-04,xgb2,-88.0,0,0,4
2021-12-11,arit100,-96.0,0,0,0
2021-12-11,xgb2,-300.0,0,0,0
2021-12-11,cat2,-288.0,0,0,0
2021-12-18,cat2,-279.0,0,0,3
2021-12-18,arit100,-36.0,0,0,3
2021-12-18,xgb2,-336.0,0,0,0
2021-12-23,cat2,-360.0,0,0,0
2021-12-23,xgb2,-288.0,0,0,0
2021-12-23,arit100,-81.0,0,0,0
2021-12-31,xgb2,372.0,0,0,3
2021-12-31,cat2,-320.0,0,0,0
2021-12-31,arit100,-96.0,0,0,0
2022-01-01,xgb2,-288.0,0,0,0
2022-01-01,cat2,-192.0,0,0,3
2022-01-01,arit100,-90.0,0,0,0
2022-01-08,arit100,-90.0,0,0,0
2022-01-08,cat2,-360.0,0,0,0
2022-01-08,xgb2,-360.0,0,0,0
2022-01-15,arit100,-80.0,0,0,0
2022-01-15,cat2,-222.0,0,1,13
2022-01-15,xgb2,-300.0,0,0,0
2022-01-22,cat2,-360.0,0,0,0
2022-01-22,arit100,-80.0,0,0,0
2022-01-22,xgb2,-320.0,0,0,0
2022-01-29,cat2,-286.0,0,0,2
2022-01-29,xgb2,-360.0,0,0,0
2022-01-29,arit100,-47.0,0,0,2
2022-02-05,arit100,-72.0,0,0,0
2022-02-05,cat2,-360.0,0,0,0
2022-02-05,xgb2,36.0,0,1,15
2022-02-12,xgb2,-300.0,0,0,0
2022-02-12,cat2,43.0,0,1,14
2022-02-12,arit100,-90.0,0,0,0
2022-02-19,cat2,-320.0,0,0,16
2022-02-19,arit100,-60.0,0,0,1
2022-02-19,xgb2,-300.0,0,0,0
2022-02-26,xgb2,-360.0,0,0,0
2022-02-26,arit100,-72.0,0,0,0
2022-02-26,cat2,-360.0,0,0,0
2022-03-05,arit100,-72.0,0,0,0
2022-03-05,cat2,-337.5,0,0,0
2022-03-05,xgb2,-360.0,0,0,0
2022-03-12,xgb2,-360.0,0,0,0
2022-03-12,arit100,-96.0,0,0,0
2022-03-12,cat2,-288.0,0,0,0
2022-03-19,arit100,-96.0,0,0,0
2022-03-19,cat2,-360.0,0,0,0
2022-03-19,xgb2,-360.0,0,0,0
2022-03-26,xgb2,-285.0,0,0,1
2022-03-26,cat2,-10.0,0,1,14
2022-03-26,arit100,-57.0,0,0,1
2022-04-02,arit100,-72.0,0,0,4
2022-04-02,cat2,1281.0,1,14,77
2022-04-02,xgb2,-300.0,0,2,30
2022-04-14,arit100,-42.0,0,0,3
2022-04-14,cat2,55.0,0,1,14
2022-04-14,xgb2,-180.0,0,0,6
2022-04-15,arit100,-50.0,0,0,1
2022-04-15,xgb2,-271.5,0,0,3
2022-04-15,cat2,-324.0,0,0,0
2022-04-16,arit100,-98.0,0,0,0
2022-04-16,cat2,-300.0,0,0,0
2022-04-16,xgb2,-315.0,0,0,0
2022-04-17,arit100,-72.0,0,0,2
2022-04-17,cat2,-360.0,0,0,15
2022-04-17,xgb2,-360.0,0,0,4
2022-04-23,xgb2,4062.0,0,0,3
2022-04-23,arit100,-60.0,0,0,0
2022-04-23,cat2,-360.0,0,0,0
2022-04-30,cat2,-360.0,0,0,0
2022-04-30,xgb2,-360.0,0,0,0
2022-04-30,arit100,-60.0,0,0,0
2022-05-07,cat2,-337.5,0,0,3
2022-05-07,xgb2,-288.0,0,0,0
2022-05-07,arit100,-90.0,0,0,0
2022-05-14,arit100,-94.5,0,0,9
2022-05-14,cat2,-136.0,0,4,52
2022-05-14,xgb2,-315.0,0,0,0
2022-05-21,xgb2,-306.0,0,0,2
2022-05-21,arit100,-96.0,0,0,0
2022-05-21,cat2,-252.0,0,0,4
2022-05-28,cat2,-303.0,0,1,14
2022-05-28,xgb2,-360.0,0,0,0
2022-05-28,arit100,-54.0,0,0,0
2022-05-29,cat2,-108.0,0,0,4
2022-05-29,xgb2,-360.0,0,0,0
2022-05-29,arit100,-90.0,0,0,0
2022-06-04,cat2,-174.0,0,0,6
2022-06-04,arit100,-34.0,0,0,2
2022-06-04,xgb2,1282.0,0,2,28
2022-06-11,xgb2,-224.0,0,0,0
2022-06-11,arit100,-90.0,0,0,0
2022-06-11,cat2,-190.0,0,2,28
2022-06-12,arit100,-90.0,0,0,0
2022-06-12,cat2,-288.0,0,0,0
2022-06-12,xgb2,-84.0,0,0,4
2022-06-18,xgb2,-322.5,0,1,14
2022-06-18,cat2,-300.0,0,4,56
2022-06-18,arit100,-90.0,0,0,1
2022-06-26,cat2,-320.0,0,0,0
2022-06-26,arit100,-60.0,0,0,0
2022-06-26,xgb2,-252.0,0,0,0
2022-07-02,cat2,-288.0,0,0,0
2022-07-02,arit100,-72.0,0,0,0
2022-07-02,xgb2,-288.0,0,0,0
2022-07-09,xgb2,-360.0,0,0,0
2022-07-09,arit100,95.0,0,0,5
2022-07-09,cat2,-300.0,0,0,0
2022-07-10,cat2,106.0,1,14,75
2022-07-10,arit100,-96.0,0,2,20
2022-07-10,xgb2,-280.0,0,1,16
2022-07-16,cat2,-213.0,0,3,42
2022-07-16,arit100,-72.0,0,0,4
2022-07-16,xgb2,-288.0,0,0,0
2022-07-23,xgb2,-360.0,0,0,0
2022-07-23,cat2,-360.0,0,0,0
2022-07-23,arit100,-72.0,0,0,0
2022-07-24,arit100,-96.0,0,0,0
2022-07-24,cat2,-360.0,0,0,0
2022-07-24,xgb2,-320.0,0,0,0
2022-07-30,arit100,-96.0,0,0,0
2022-07-30,cat2,-288.0,0,0,0
2022-07-30,xgb2,-300.0,0,0,0
2022-08-06,xgb2,-270.0,0,0,0
2022-08-06,cat2,-288.0,0,0,0
2022-08-06,arit100,-72.0,0,0,0
2022-08-07,arit100,-72.0,0,0,6
2022-08-07,cat2,-288.0,0,1,13
2022-08-07,xgb2,-320.0,0,0,0
2022-08-13,arit100,-60.0,0,0,0
2022-08-13,cat2,-320.0,0,0,0
2022-08-13,xgb2,-252.0,0,0,0
2022-08-17,xgb2,-282.0,0,1,15
2022-08-17,cat2,-266.0,0,1,14
2022-08-17,arit100,-90.0,0,0,2
2022-08-20,arit100,-72.0,0,0,0
2022-08-20,cat2,-100.0,0,2,28
2022-08-20,xgb2,-320.0,0,0,0
2022-08-27,arit100,-96.0,0,0,2
2022-08-27,cat2,-360.0,0,0,3
2022-08-27,xgb2,-288.0,0,0,0
2022-09-03,xgb2,-300.0,0,0,0
2022-09-03,cat2,160.0,0,0,20
2022-09-03,arit100,-96.0,0,0,0
2022-09-04,arit100,-72.0,0,0,0
2022-09-04,cat2,26.0,1,14,77
2022-09-04,xgb2,-360.0,0,0,3
2022-09-11,arit100,18.0,0,0,6
2022-09-11,cat2,897.0,0,3,39
2022-09-11,xgb2,915.0,0,3,42
2022-09-17,xgb2,-324.0,0,0,0
2022-09-17,arit100,-72.0,0,0,0
2022-09-17,cat2,-245.0,0,1,13
2022-09-24,arit100,-72.0,0,0,0
2022-09-24,cat2,-269.0,0,0,1
2022-09-24,xgb2,-360.0,0,0,0
2022-10-01,arit100,-90.0,0,0,0
2022-10-01,cat2,-360.0,0,0,0
2022-10-01,xgb2,-300.0,0,0,0
2022-10-08,xgb2,-294.0,0,0,0
2022-10-08,cat2,-288.0,0,0,0
2022-10-08,arit100,-90.0,0,0,0
2022-10-15,arit100,-43.0,0,0,2
2022-10-15,cat2,-341.0,0,0,1
2022-10-15,xgb2,81.0,0,1,13
2022-10-22,arit100,-90.0,0,0,0
2022-10-22,cat2,-337.5,0,0,0
2022-10-22,xgb2,-324.0,0,0,0
2022-10-29,xgb2,-337.5,0,0,0
2022-10-29,cat2,-337.5,0,0,0
2022-10-29,arit100,-96.0,0,0,0
2022-10-30,arit100,-100.0,0,0,0
2022-10-30,cat2,-228.0,0,0,3
2022-10-30,xgb2,-360.0,0,0,0
2022-11-05,arit100,-96.0,0,0,0
2022-11-05,cat2,-288.0,0,0,0
2022-11-05,xgb2,-360.0,0,0,0
2022-11-12,xgb2,-300.0,0,0,0
2022-11-12,cat2,-360.0,0,0,0
2022-11-12,arit100,-96.0,0,0,0
2022-11-13,arit100,-81.0,0,0,0
2022-11-13,cat2,-337.5,0,0,0
2022-11-13,xgb2,-324.0,0,0,0
2022-11-19,arit100,-81.0,0,0,0
2022-11-19,cat2,-360.0,0,0,0
2022-11-19,xgb2,-360.0,0,0,0
2022-11-26,xgb2,-300.0,0,0,2
2022-11-26,arit100,-72.0,0,0,2
2022-11-26,cat2,2690.0,1,13,67
2022-12-03,arit100,-90.0,0,0,0
2022-12-03,cat2,-324.0,0,0,0
2022-12-03,xgb2,-360.0,0,0,0
2022-12-10,arit100,-96.0,0,0,0
2022-12-10,cat2,-360.0,0,0,0
2022-12-10,xgb2,-360.0,0,0,0
2022-12-17,arit100,-96.0,0,0,0
2022-12-17,cat2,-360.0,0,0,0
2022-12-17,xgb2,-300.0,0,0,0
2022-12-23,arit100,-84.0,0,0,0
2022-12-23,cat2,-360.0,0,0,0
2022-12-23,xgb2,-252.0,0,0,0
2022-12-25,xgb2,-360.0,0,0,0
2022-12-25,arit100,-96.0,0,0,0
2022-12-25,cat2,70.0,0,1,13
2022-12-26,arit100,-96.0,0,0,0
2022-12-26,cat2,-120.0,0,0,5
2022-12-26,xgb2,-360.0,0,0,0
2022-12-27,arit100,-81.0,0,0,0
2022-12-27,cat2,-288.0,0,0,0
2022-12-27,xgb2,-320.0,0,0,0
2022-12-28,arit100,-60.0,0,0,0
2022-12-28,cat2,-186.0,0,0,3
2022-12-28,xgb2,-320.0,0,0,0
2022-12-29,cat2,-360.0,0,0,0
2022-12-29,arit100,-54.0,0,0,0
2022-12-29,xgb2,-360.0,0,0,0
2022-12-30,cat2,-267.0,0,1,13
2022-12-30,arit100,-72.0,0,0,0
2022-12-30,xgb2,-300.0,0,0,0
2022-12-31,cat2,779.0,0,1,14
2022-12-31,arit100,32.0,0,0,2
2022-12-31,xgb2,707.0,0,1,14
2023-01-07,cat2,-360.0,0,0,0
2023-01-07,arit100,-90.0,0,0,0
2023-01-07,xgb2,-337.5,0,0,0
2023-01-14,cat2,-360.0,0,0,0
2023-01-14,arit100,-72.0,0,0,0
2023-01-14,xgb2,-324.0,0,0,0
2023-01-21,arit100,-96.0,0,0,0
2023-01-21,cat2,581.0,1,14,75
2023-01-21,xgb2,-320.0,0,0,0
2023-01-28,arit100,-72.0,0,0,3
2023-01-28,cat2,-184.0,0,4,56
2023-01-28,xgb2,-360.0,0,0,4
2023-02-04,arit100,-96.0,0,0,0
2023-02-04,cat2,-360.0,0,0,0
2023-02-04,xgb2,111.0,0,0,3
