datum,avd,bana,häst,kusk,streck,vodds,podds,kr,spår,dist,lopp_dist,start,ålder,kön,plac,pris,h1_dat,h1_kusk,h1_bana,h1_spår,h1_plac,h1_pris,h1_odds,h1_kmtid,h2_dat,h2_kusk,h2_bana,h2_spår,h2_plac,h2_pris,h2_odds,h2_kmtid,h3_dat,h3_kusk,h3_bana,h3_spår,h3_plac,h3_pris,h3_odds,h3_kmtid,h4_dat,h4_kusk,h4_bana,h4_spår,h4_plac,h4_pris,h4_odds,h4_kmtid,h5_dat,h5_kusk,h5_bana,h5_spår,h5_plac,h5_pris,h5_odds,h5_kmtid,h1_dist,h2_dist,h3_dist,h4_dist,h5_dist,bins,h1_auto,h2_auto,h3_auto,h4_auto,h5_auto,h1_perf,h2_perf,h3_perf,h4_perf,h5_perf,senast,delta1,delta2,delta3,delta4,startnr,proba,f,spela,insats,prob_order,poäng
2022-01-08,1,MANTORP,1586.0,Örjan Kihlström,32.0,3.57,1.64,44058.0,8.0,2640.0,2640.0,0,6,v,1,32.0,2021-12-26 00:00:00,Per Lennartsson,Solvalla-12,11.0,5.0,220.0,8.67,13.2,2021-12-04 00:00:00,Andreas Lövdal,Bergsåker-10,11.0,2.0,110.0,2.48,11.9,2021-10-31 00:00:00,Andreas Lövdal,Solvalla-4,11.0,1.0,60.0,2.26,12.9,2021-10-10 00:00:00,Erik Adielsson,Solvalla-10,11.0,1.0,200.0,9.05,30.0,2021-09-15 00:00:00,Örjan Kihlström,Solvalla-10,11.0,1.0,60.0,2.55,12.5,2140.0,1640.0,2140.0,2140.0,2140.0,2,1,1,1,0,1,2201.322892003233,6976.064300232707,8494.48391898452,15508.734855975692,8494.48391898452,13.0,22.0,34.0,21.0,25.0,8.0,0.35343155635723844,0.10184850435616385,True,20.36970087123277,1,1
2022-01-08,1,MANTORP,1640.0,Robert Bergh,28.0,2.95,1.58,22755.0,7.0,2640.0,2640.0,0,5,v,6,28.0,2021-12-31 00:00:00,Rikard N Skoglund,Axevalla-12,1.0,15.0,538.0,11.8,30.0,2021-12-15 00:00:00,Robert Bergh,Bergsåker-9,1.0,2.0,110.0,5.07,15.2,2021-12-04 00:00:00,Rikard N Skoglund,Bergsåker-4,1.0,1.0,100.0,3.17,14.7,2021-11-17 00:00:00,Rikard N Skoglund,Bergsåker-10,1.0,1.0,60.0,3.48,17.5,2021-11-11 00:00:00,Rikard N Skoglund,Bergsåker-4,1.0,1.0,30.0,3.92,15.5,2660.0,2640.0,2680.0,2660.0,2640.0,2,0,1,0,0,1,23.194827009486403,6976.064300232707,10966.331584284586,8494.48391898452,6006.507181794034,8.0,16.0,11.0,17.0,6.0,7.0,0.33859137571290454,-0.0005925341779136403,False,-0.0,2,1
2022-01-08,1,MANTORP,324.0,Hanna Lähdekorpi,12.0,9.04,2.38,20754.0,1.0,2640.0,2640.0,0,6,v,15,12.0,2021-12-22 00:00:00,Hanna Lähdekorpi,Åby-6,3.0,1.0,100.0,5.27,14.2,2021-11-19 00:00:00,Hanna Lähdekorpi,Jägersro-4,3.0,15.0,35.0,2.0,15.8,2021-10-28 00:00:00,Hanna Lähdekorpi,Åby-6,3.0,2.0,40.0,3.39,14.5,2021-10-09 00:00:00,Hanna Lähdekorpi,Åby-4,3.0,2.0,100.0,2.22,14.1,2021-09-25 00:00:00,Hanna Lähdekorpi,Solvalla-1,3.0,2.0,60.0,4.03,13.8,2160.0,2160.0,2160.0,2140.0,2160.0,10,0,0,0,1,0,10966.331584284586,5.916079783099616,4206.725054048198,6651.416330443618,5152.164935300037,17.0,33.0,22.0,19.0,14.0,1.0,0.1140983340915121,0.0039115597247847385,True,0.7823119449569477,3,4
2022-01-08,1,MANTORP,6849.0,Petter Karlsson,8.0,8.36,2.32,17335.0,5.0,2640.0,2640.0,0,7,s,3,8.0,2021-11-27 00:00:00,Petter Karlsson,Solvalla-8,1.0,3.0,220.0,10.56,13.5,2021-11-06 00:00:00,Petter Karlsson,Eskilstuna-8,1.0,2.0,110.0,18.71,12.8,2021-10-26 00:00:00,Petter Karlsson,Visby-1,1.0,2.0,30.0,4.98,11.5,2021-10-15 00:00:00,Petter Karlsson,Solvalla-7,1.0,2.0,40.0,6.41,15.3,2021-09-28 00:00:00,Petter Karlsson,Eskilstuna-8,1.0,2.0,35.0,6.89,13.6,2160.0,2160.0,1620.0,2140.0,2660.0,9,0,0,1,1,0,5983.816015903301,6976.064300232707,3643.130763542206,4206.725054048198,3935.030968151612,42.0,21.0,11.0,11.0,17.0,5.0,0.09545391716142268,-0.027446365832949255,False,-0.0,4,4
2022-01-08,1,MANTORP,4391.0,Kevin Oscarsson,8.0,11.63,3.0,15765.0,4.0,2640.0,2640.0,0,7,h,2,8.0,2021-12-18 00:00:00,Erica Sjöström,Kalmar-7,9.0,1.0,25.0,2.48,14.7,2021-12-10 00:00:00,Erica Sjöström,Kalmar-6,9.0,2.0,30.0,3.77,14.3,2021-11-16 00:00:00,Erica Sjöström,Kalmar-4,9.0,2.0,35.0,14.12,14.5,2021-06-27 00:00:00,Kevin Oscarsson,Kalmar-6,9.0,2.0,110.0,13.94,15.8,2021-06-12 00:00:00,Erica Sjöström,Mantorp-8,9.0,2.0,25.0,15.8,13.0,2140.0,1640.0,2140.0,3160.0,2140.0,12,1,1,0,0,1,5483.165792142293,3643.130763542206,3935.030968151612,6976.064300232707,3325.708165221809,21.0,8.0,24.0,142.0,15.0,4.0,0.09422686610805114,0.009017728394791613,True,1.8035456789583226,5,4
2022-01-08,1,MANTORP,8107.0,Jörgen S Eriksson,6.0,11.84,2.92,22167.0,9.0,2640.0,2640.0,0,6,v,15,6.0,2021-12-26 00:00:00,Jörgen S Eriksson,Solvalla-11,5.0,3.0,300.0,43.13,15.4,2021-12-15 00:00:00,Tomas Pettersson,Bergsåker-9,5.0,15.0,110.0,13.67,16.0,2021-11-19 00:00:00,Jörgen Westholm,Romme-3,5.0,1.0,60.0,1.31,17.2,2021-10-20 00:00:00,William Ekberg,Solvalla-9,5.0,1.0,60.0,2.87,15.6,2021-10-01 00:00:00,William Ekberg,Rättvik-2,5.0,1.0,40.0,2.41,16.5,3180.0,2640.0,3140.0,2660.0,3160.0,12,0,1,0,0,0,6987.5916756562965,10.488088481701515,8494.48391898452,8494.48391898452,6935.717076596412,13.0,11.0,26.0,30.0,19.0,9.0,0.06931163049683707,-0.01654523015843627,False,-0.0,6,15
2022-01-08,1,MANTORP,8482.0,Stefan Persson,2.0,31.43,5.99,17115.0,6.0,2640.0,2640.0,0,7,v,7,2.0,2021-11-29 00:00:00,Stefan Persson,Halmstad-6,7.0,6.0,25.0,3.57,14.0,2021-11-18 00:00:00,Ulf Ohlsson,Örebro-5,7.0,3.0,40.0,3.66,13.9,2021-11-04 00:00:00,Carl Johan Jepson,Romme-3,7.0,2.0,30.0,1.73,15.3,2021-10-23 00:00:00,Erik Adielsson,Örebro-10,7.0,2.0,110.0,16.17,13.3,2021-10-09 00:00:00,Linda Sedström,Åby-4,7.0,2.0,100.0,9.53,13.9,2140.0,2100.0,2660.0,2609.0,2140.0,21,1,1,0,1,1,450.0856565026091,2551.5077222615173,3643.130763542206,6976.064300232707,6651.416330443618,40.0,11.0,14.0,12.0,14.0,6.0,0.019682849087099556,-0.012532634018812387,False,-0.0,7,15
2022-01-08,1,MANTORP,7915.0,Håkan E Johansson,2.0,21.56,5.11,18980.0,11.0,2640.0,2640.0,0,7,v,8,2.0,2021-12-22 00:00:00,Stefan Persson,Åby-6,3.0,4.0,100.0,3.78,13.8,2021-12-05 00:00:00,Håkan E Johansson,Mantorp-7,3.0,2.0,50.0,8.03,15.2,2021-10-12 00:00:00,Håkan E Johansson,Axevalla-6,3.0,8.0,25.0,2.69,14.5,2021-09-13 00:00:00,Håkan E Johansson,Mantorp-9,3.0,8.0,50.0,4.37,12.2,2021-08-31 00:00:00,Håkan E Johansson,Örebro-9,3.0,8.0,110.0,14.36,13.4,2180.0,2140.0,2160.0,1640.0,2100.0,18,0,1,0,1,1,2446.919322642204,4703.261591751624,165.57725979346156,234.16160642048672,347.31779025430075,17.0,17.0,54.0,29.0,13.0,11.0,0.019682849087099556,-0.027997946190765257,False,-0.0,8,15
2022-01-08,1,MANTORP,8411.0,Anders Svanstedt,1.0,32.49,7.31,15172.0,10.0,2640.0,2640.0,0,6,h,15,1.0,2021-12-17 00:00:00,Marcus Lilius,Solvalla-10,5.0,11.0,100.0,4.08,14.7,2021-11-22 00:00:00,Anders Svanstedt,Mantorp-9,5.0,1.0,35.0,3.9,13.3,2021-11-09 00:00:00,Anders Svanstedt,Axevalla-4,5.0,2.0,25.0,4.42,14.1,2021-09-30 00:00:00,Anders Svanstedt,Örebro-6,5.0,2.0,25.0,2.55,15.4,2021-09-18 00:00:00,Carl Johan Jepson,Färjestad-11,5.0,2.0,110.0,35.24,13.7,2140.0,2140.0,2140.0,2660.0,2640.0,22,1,1,1,0,1,73.89056098930651,6487.769258055282,3325.708165221809,3325.708165221809,6976.064300232707,22.0,25.0,13.0,40.0,12.0,10.0,0.01473824354175496,-0.016549840181911125,False,-0.0,9,15
2022-01-08,1,MANTORP,1160.0,Hans Crebas,1.0,43.0,8.38,11370.0,12.0,2640.0,2640.0,0,9,v,5,1.0,2021-11-06 00:00:00,Hans Crebas,Eskilstuna-4,1.0,5.0,100.0,15.7,30.0,2021-10-19 00:00:00,Hans Crebas,Axevalla-8,1.0,1.0,30.0,5.61,14.9,2021-09-30 00:00:00,Hans Crebas,Örebro-6,1.0,2.0,25.0,4.13,15.5,2021-09-18 00:00:00,Hans Crebas,Färjestad-8,1.0,2.0,110.0,11.68,14.8,2021-08-18 00:00:00,Hans Crebas,Solvalla-5,1.0,2.0,100.0,57.87,14.5,3160.0,2140.0,2660.0,3160.0,3140.0,24,0,1,0,0,0,1484.131591025766,6006.507181794034,3325.708165221809,6976.064300232707,6651.416330443618,63.0,18.0,19.0,12.0,31.0,12.0,0.014565679185930836,-0.008897042738213668,False,-0.0,10,15
2022-01-08,1,MANTORP,9107.0,Mikael J Andersson,0.0,84.09,16.27,9844.0,2.0,2640.0,2640.0,0,9,v,15,0.0,2021-12-17 00:00:00,Carl Philip Lindblom,Solvalla-10,4.0,8.0,100.0,37.55,14.4,2021-12-07 00:00:00,Mikael J Andersson,Axevalla-9,4.0,2.0,35.0,6.62,14.4,2021-11-27 00:00:00,Mikael J Andersson,Axevalla-2,4.0,1.0,15.0,4.66,14.4,2021-11-16 00:00:00,Dwight Pieters,Axevalla-5,4.0,1.0,25.0,55.47,14.9,2021-11-02 00:00:00,Thomas Uhrberg,Jägersro-8,4.0,1.0,35.0,84.59,30.0,2140.0,1640.0,1660.0,2160.0,2140.0,29,1,1,0,0,0,331.1545195869232,3935.030968151612,4247.24195949226,5483.165792142293,6487.769258055282,22.0,10.0,10.0,11.0,14.0,2.0,0.012987232870736201,0.0011083934540884251,True,0.22167869081768501,11,15
2022-01-08,1,MANTORP,9964.0,Mats Gunnarsson,0.0,67.81,10.53,10058.0,3.0,2640.0,2640.0,0,10,v,4,0.0,2021-12-18 00:00:00,Mats Gunnarsson,Romme-3,3.0,15.0,75.0,38.42,17.3,2021-12-03 00:00:00,Per Lennartsson,Solvalla-2,3.0,5.0,40.0,12.56,14.8,2021-11-12 00:00:00,Ailin Berg-Almaas,Solvalla-4,3.0,20.0,40.0,23.08,30.0,2021-10-22 00:00:00,Per Lennartsson,Romme-2,3.0,20.0,30.0,30.71,15.0,2021-10-10 00:00:00,Mats Gunnarsson,Solvalla-7,3.0,20.0,60.0,29.96,15.1,3180.0,2140.0,1640.0,2140.0,2640.0,28,0,1,1,1,1,8.660254037844387,938.6472350101868,0.5191511147666147,0.4495980537908989,0.6358276652876376,21.0,15.0,21.0,21.0,12.0,3.0,0.012987232870736201,-0.001786195764636704,False,-0.0,12,15
2022-01-08,2,MANTORP,6831.0,Ulf Ohlsson,35.0,3.52,1.68,28250.0,9.0,2140.0,2140.0,1,5,v,2,35.0,2021-12-23 00:00:00,Ulf Ohlsson,Romme-1,11.0,3.0,35.0,3.23,16.3,2021-08-26 00:00:00,Ulf Ohlsson,Bollnäs-6,11.0,1.0,30.0,1.45,15.1,2021-08-09 00:00:00,Ulf Ohlsson,Färjestad-1,11.0,1.0,25.0,1.27,15.9,2021-04-30 00:00:00,Ulf Ohlsson,Solvalla-3,11.0,1.0,40.0,1.79,14.2,2021-04-11 00:00:00,Ulf Ohlsson,Solvalla-8,11.0,1.0,40.0,2.41,15.7,2640.0,2140.0,2640.0,2140.0,2140.0,2,1,1,1,1,0,2386.7169291026403,6006.507181794034,5483.165792142293,6935.717076596412,6935.717076596412,16.0,119.0,17.0,101.0,19.0,9.0,0.3749436981332583,0.12690548310677346,True,25.381096621354693,1,1
2022-01-08,2,MANTORP,6787.0,Kenneth Haugstad,18.0,6.12,2.13,16590.0,1.0,2140.0,2140.0,1,5,v,20,18.0,2021-12-18 00:00:00,Kenneth Haugstad,Romme-7,4.0,4.0,110.0,4.72,13.5,2021-12-01 00:00:00,Kenneth Haugstad,Solvalla-8,4.0,1.0,40.0,3.96,14.5,2021-11-17 00:00:00,Kenneth Haugstad,Solvalla-6,4.0,1.0,40.0,11.84,14.1,2021-11-07 00:00:00,Kenneth Haugstad,Eskilstuna-3,4.0,1.0,30.0,14.41,14.8,2021-09-27 00:00:00,Kenneth Haugstad,Mantorp-2,4.0,1.0,25.0,9.87,14.1,2140.0,2160.0,2140.0,2140.0,1640.0,6,1,0,1,1,1,2566.350636345657,6935.717076596412,6935.717076596412,6006.507181794034,5483.165792142293,21.0,17.0,14.0,10.0,41.0,1.0,0.16013552849924104,-0.003900501090750943,False,-0.0,2,3
2022-01-08,2,MANTORP,2005.0,Johan Untersteiner,15.0,4.95,1.94,10566.0,7.0,2140.0,2140.0,1,6,v,1,15.0,2021-12-22 00:00:00,Johan Untersteiner,Åby-7,2.0,1.0,60.0,4.95,16.4,2021-12-11 00:00:00,Johan Untersteiner,Åby-2,2.0,4.0,35.0,5.63,16.1,2021-12-01 00:00:00,Johan Untersteiner,Åby-8,2.0,3.0,60.0,20.72,17.2,2021-11-08 00:00:00,Iivari Nurminen,Halmstad-1,2.0,3.0,25.0,,15.6,2021-09-15 00:00:00,Johan Untersteiner,Åby-2,2.0,3.0,30.0,45.65,15.1,2640.0,2140.0,2140.0,2640.0,2640.0,5,1,0,0,1,0,8494.48391898452,1447.6169935559349,3124.9459971558285,2017.143967463676,2209.670505430644,17.0,11.0,10.0,23.0,54.0,7.0,0.145336360850322,-0.0710341807065585,False,-0.0,3,3
2022-01-08,2,MANTORP,7123.0,Micael Lindblom,8.0,10.46,2.86,9830.0,8.0,2140.0,2140.0,1,6,v,6,8.0,2021-12-18 00:00:00,Micael Lindblom,Romme-7,2.0,2.0,110.0,21.48,13.3,2021-11-30 00:00:00,Zeb Jonasson,Eskilstuna-6,2.0,1.0,40.0,2.2,15.7,2021-11-15 00:00:00,Micael Lindblom,Eskilstuna-10,2.0,1.0,10.0,4.06,13.2,2021-10-30 00:00:00,Micael Lindblom,Färjestad-6,2.0,1.0,30.0,25.31,14.2,2021-09-23 00:00:00,Micael Lindblom,Örebro-1,2.0,1.0,10.0,,17.1,2140.0,2140.0,1640.0,1640.0,2100.0,11,1,1,1,0,1,6976.064300232707,6935.717076596412,3467.858538298206,6006.507181794034,3467.858538298206,21.0,18.0,15.0,16.0,37.0,8.0,0.0953568840267284,-0.0002713523340825427,False,-0.0,4,4
2022-01-08,2,MANTORP,4399.0,Jörgen S Eriksson,7.0,10.26,3.28,13977.0,10.0,2140.0,2140.0,1,4,v,3,7.0,2021-12-29 00:00:00,Jörgen S Eriksson,Örebro-7,10.0,15.0,180.0,14.67,15.0,2021-12-18 00:00:00,Jörgen S Eriksson,Romme-7,10.0,15.0,110.0,45.25,14.2,2021-11-24 00:00:00,Kim Eriksson,Solvalla-9,10.0,4.0,200.0,13.99,16.3,2021-11-06 00:00:00,Peter Ingves,Eskilstuna-2,10.0,4.0,30.0,3.79,13.2,2021-10-27 00:00:00,Magnus A Djuse,Solvalla-2,10.0,4.0,60.0,34.64,15.1,2100.0,2140.0,2640.0,2140.0,2140.0,11,1,1,1,1,1,13.41640786499874,10.488088481701515,3460.466492113392,1340.2329094063966,1895.3755572212776,10.0,11.0,24.0,18.0,10.0,10.0,0.08018893610272501,-0.01914271226631117,False,-0.0,5,15
2022-01-08,2,MANTORP,6832.0,Rikard N Skoglund,6.0,6.78,2.49,10795.0,12.0,2140.0,2140.0,1,5,h,15,6.0,2021-12-17 00:00:00,Marcus Lilius,Solvalla-6,9.0,1.0,50.0,2.27,15.8,2021-11-27 00:00:00,Hans Crebas,Axevalla-8,9.0,2.0,40.0,8.72,16.9,2021-11-06 00:00:00,Rikard N Skoglund,Eskilstuna-6,9.0,7.0,110.0,60.97,14.8,2021-10-25 00:00:00,Rikard N Skoglund,Mantorp-5,9.0,7.0,40.0,3.5,15.1,2021-10-11 00:00:00,Rikard N Skoglund,Mantorp-5,9.0,7.0,25.0,9.73,13.0,2140.0,3140.0,2640.0,2160.0,1640.0,7,1,0,1,0,1,7754.367427987846,4206.725054048198,572.6302284848314,345.309020272667,272.9907501657212,22.0,20.0,21.0,12.0,14.0,12.0,0.0655739222603759,-0.0960914891132615,False,-0.0,6,15
2022-01-08,2,MANTORP,401.0,Claes Svensson,3.0,20.06,4.98,16142.0,5.0,2140.0,2140.0,1,4,v,15,3.0,2021-12-29 00:00:00,Claes Svensson,Örebro-7,5.0,4.0,180.0,16.89,14.9,2021-12-13 00:00:00,Claes Svensson,Mantorp-3,5.0,1.0,25.0,2.61,16.1,2021-12-02 00:00:00,Claes Svensson,Örebro-6,5.0,1.0,25.0,10.08,17.1,2021-11-18 00:00:00,Claes Svensson,Åby-3,5.0,1.0,30.0,4.06,30.0,2021-10-11 00:00:00,Jonathan Bardun,Mantorp-11,5.0,1.0,25.0,2.04,17.7,2100.0,2140.0,2140.0,2140.0,2140.0,17,1,1,0,1,0,3282.886764531425,5483.165792142293,5483.165792142293,6006.507181794034,5483.165792142293,10.0,16.0,11.0,14.0,38.0,5.0,0.027573936856793775,-0.023445268974434257,False,-0.0,7,15
2022-01-08,2,MANTORP,8500.0,Claes Sjöström,2.0,28.65,5.56,12263.0,2.0,2140.0,2140.0,1,6,v,5,2.0,2021-12-03 00:00:00,Stefan Persson,Kalmar-6,9.0,2.0,25.0,5.42,13.2,2021-11-12 00:00:00,Magnus A Djuse,Solvalla-6,9.0,2.0,40.0,6.68,14.8,2021-10-26 00:00:00,Patrik Franzén,Visby-4,9.0,7.0,20.0,8.35,16.2,2021-10-12 00:00:00,Claes Sjöström,Visby-3,9.0,7.0,30.0,3.73,14.4,2021-09-14 00:00:00,Rikard N Skoglund,Visby-4,9.0,7.0,25.0,2.36,16.6,1640.0,2140.0,2120.0,1620.0,2620.0,21,1,1,1,1,1,3325.708165221809,4206.725054048198,244.17034983968583,299.0463837120453,272.9907501657212,36.0,21.0,17.0,14.0,28.0,2.0,0.019682849087099556,-0.015771659083348925,False,-0.0,8,15
2022-01-08,2,MANTORP,3887.0,Kajsa Frick,2.0,24.0,5.38,7245.0,4.0,2140.0,2140.0,1,6,v,7,2.0,2021-12-29 00:00:00,Kajsa Frick,Örebro-2,2.0,1.0,30.0,3.01,15.2,2021-12-15 00:00:00,Kajsa Frick,Solvalla-8,2.0,3.0,40.0,27.76,14.7,2021-11-30 00:00:00,Kajsa Frick,Bollnäs-8,2.0,1.0,10.0,3.27,17.0,2021-09-26 00:00:00,Carl Philip Lindblom,Solvalla-7,2.0,1.0,100.0,292.5,16.6,2021-08-30 00:00:00,Stefan Persson,Axevalla-6,2.0,1.0,60.0,16.5,30.0,2160.0,1640.0,2140.0,2660.0,2140.0,19,0,1,0,0,0,6006.507181794034,2551.5077222615173,3467.858538298206,10966.331584284586,8494.48391898452,10.0,14.0,15.0,65.0,27.0,4.0,0.019682849087099556,-0.022939635735200463,False,-0.0,9,15
2022-01-08,2,MANTORP,6637.0,Ralf Karlstedt,2.0,30.35,5.95,6850.0,6.0,2140.0,2140.0,1,6,v,4,2.0,2021-12-03 00:00:00,Ralf Karlstedt,Solvalla-6,6.0,1.0,40.0,6.06,14.8,2021-11-18 00:00:00,Ralf Karlstedt,Åby-8,6.0,3.0,40.0,129.01,14.7,2021-11-01 00:00:00,Ralf Karlstedt,Mantorp-10,6.0,2.0,12.0,2.58,17.2,2021-10-11 00:00:00,Ralf Karlstedt,Mantorp-5,6.0,2.0,25.0,69.34,13.7,2021-09-19 00:00:00,Ralf Karlstedt,Vaggeryd-7,6.0,2.0,20.0,26.08,13.6,2140.0,2140.0,2640.0,1640.0,1640.0,21,1,1,1,1,1,6935.717076596412,2551.5077222615173,2304.1182053243374,3325.708165221809,2974.603812304827,36.0,15.0,17.0,21.0,22.0,6.0,0.019543411185277786,-0.013862264753895032,False,-0.0,10,15
2022-01-08,2,MANTORP,8780.0,Tobias J Gustafsson,1.0,57.54,10.21,10705.0,3.0,2140.0,2140.0,1,6,v,20,1.0,2021-12-31 00:00:00,Ulf Ohlsson,Axevalla-8,2.0,2.0,100.0,21.23,16.7,2021-12-01 00:00:00,Ulf Ohlsson,Solvalla-8,2.0,20.0,40.0,6.85,30.0,2021-11-22 00:00:00,Christel Berntsson,Mantorp-2,2.0,2.0,25.0,3.94,15.9,2021-11-01 00:00:00,Christel Berntsson,Mantorp-7,2.0,2.0,25.0,5.56,16.4,2021-09-16 00:00:00,William Ekberg,Örebro-5,2.0,2.0,25.0,12.91,16.3,2640.0,2160.0,2140.0,2160.0,2100.0,27,1,0,1,0,1,6651.416330443618,0.5191511147666147,3325.708165221809,3325.708165221809,3325.708165221809,8.0,30.0,9.0,21.0,46.0,3.0,0.014565679185930836,-0.0028632971284319017,False,-0.0,11,15
2022-01-08,2,MANTORP,5580.0,Hans Crebas,0.0,84.07,14.11,7181.0,11.0,2140.0,2140.0,1,5,v,8,0.0,2021-12-29 00:00:00,Hans Crebas,Örebro-6,13.0,3.0,100.0,41.85,15.2,2021-12-21 00:00:00,Hans Crebas,Axevalla-8,13.0,1.0,15.0,3.37,16.9,2021-12-13 00:00:00,Adam Ivarsson,Färjestad-3,13.0,15.0,30.0,44.2,20.2,2021-12-05 00:00:00,Hans Crebas,Mantorp-9,13.0,15.0,40.0,48.5,15.7,2021-11-29 00:00:00,Adam Ivarsson,Färjestad-7,13.0,15.0,25.0,27.15,17.8,2100.0,2140.0,2140.0,2140.0,2140.0,29,1,0,1,1,1,4034.287934927351,4247.24195949226,5.477225575051661,6.324555320336759,5.0,10.0,8.0,8.0,8.0,6.0,11.0,0.012987232870736201,0.0011055334951582088,True,0.22110669903164176,12,15
2022-01-08,3,MANTORP,5505.0,Johan A Nilsson,32.0,3.08,1.44,60227.0,6.0,2140.0,2140.0,0,8,h,2,32.0,2021-12-26 00:00:00,Johan A Nilsson,Solvalla-8,4.0,3.0,300.0,3.85,12.6,2021-12-11 00:00:00,Johan A Nilsson,Åby-10,4.0,2.0,200.0,5.96,12.6,2021-11-27 00:00:00,Johan A Nilsson,Solvalla-7,4.0,6.0,300.0,37.34,12.4,2021-11-17 00:00:00,Johan A Nilsson,Solvalla-10,4.0,6.0,100.0,17.0,13.5,2021-11-06 00:00:00,Johan A Nilsson,Eskilstuna-7,4.0,6.0,150.0,20.96,10.8,2140.0,2140.0,2140.0,2640.0,1640.0,2,1,1,1,1,1,6987.5916756562965,9406.523183503248,1559.1424496410248,900.1713130052182,1102.4801989769735,13.0,15.0,14.0,10.0,11.0,6.0,0.3407613284065985,0.023819659371309292,True,4.763931874261859,1,1
2022-01-08,3,MANTORP,2279.0,Ulf Ohlsson,26.0,3.74,1.92,63840.0,7.0,2140.0,2140.0,0,9,v,15,26.0,2021-11-28 00:00:00,Ulf Ohlsson,Bergsåker-7,2.0,20.0,60.0,1.23,30.0,2021-11-06 00:00:00,Ulf Ohlsson,Eskilstuna-7,2.0,15.0,150.0,3.55,13.5,2021-10-27 00:00:00,Magnus A Djuse,Solvalla-5,2.0,2.0,60.0,6.48,10.7,2021-10-19 00:00:00,Ulf Ohlsson,Axevalla-9,2.0,2.0,100.0,5.48,13.0,2021-09-18 00:00:00,Ulf Ohlsson,Färjestad-7,2.0,2.0,150.0,5.27,11.9,1640.0,1640.0,1640.0,1640.0,2140.0,3,1,1,1,1,1,0.6358276652876376,12.24744871391589,5152.164935300037,6651.416330443618,8146.288038201084,41.0,22.0,10.0,8.0,31.0,7.0,0.2595492912644758,-0.010688193675496543,False,-0.0,2,1
2022-01-08,3,MANTORP,8215.0,Mats E Djuse,18.0,5.23,1.77,65436.0,4.0,2140.0,2140.0,0,8,h,15,18.0,2021-12-26 00:00:00,Mats E Djuse,Solvalla-8,1.0,2.0,300.0,25.56,12.4,2021-12-18 00:00:00,Magnus A Djuse,Romme-9,1.0,3.0,150.0,16.76,13.5,2021-11-30 00:00:00,Magnus A Djuse,Eskilstuna-7,1.0,2.0,30.0,18.76,13.9,2021-11-06 00:00:00,Per Lennartsson,Eskilstuna-7,1.0,2.0,150.0,56.82,11.2,2021-10-27 00:00:00,Claes Sjöström,Solvalla-5,1.0,2.0,60.0,23.62,11.3,2140.0,2640.0,2140.0,1640.0,1640.0,5,1,1,1,1,1,11520.591026621689,4940.973458019238,3643.130763542206,8146.288038201084,5152.164935300037,13.0,8.0,18.0,24.0,10.0,4.0,0.18324904438098943,-0.009836287916648966,False,-0.0,3,2
2022-01-08,3,MANTORP,7544.0,Örjan Kihlström,13.0,6.35,1.78,37182.0,1.0,2140.0,2140.0,0,7,h,1,13.0,2021-12-26 00:00:00,Per Lennartsson,Solvalla-8,5.0,6.0,300.0,95.07,13.1,2021-12-18 00:00:00,Jörgen Westholm,Romme-9,5.0,6.0,150.0,25.75,14.0,2021-12-04 00:00:00,Magnus A Djuse,Bergsåker-7,5.0,4.0,150.0,11.93,14.5,2021-11-17 00:00:00,Jörgen Westholm,Solvalla-10,5.0,4.0,100.0,31.87,14.2,2021-10-30 00:00:00,Magnus A Djuse,Jägersro-11,5.0,4.0,400.0,47.86,13.5,2140.0,2640.0,2640.0,2640.0,2640.0,7,1,1,1,1,1,1559.1424496410248,1102.4801989769735,2996.85189111502,2446.919322642204,4893.838645284408,13.0,8.0,14.0,17.0,18.0,1.0,0.12271538895823814,-0.04126304301218466,False,-0.0,4,3
2022-01-08,3,MANTORP,9514.0,Stefan Persson,7.0,9.4,2.32,52724.0,9.0,2140.0,2140.0,0,11,h,5,7.0,2021-12-26 00:00:00,Stefan Persson,Solvalla-8,7.0,8.0,300.0,75.23,13.2,2021-12-11 00:00:00,Stefan Persson,Åby-10,7.0,6.0,200.0,14.93,13.1,2021-11-30 00:00:00,Carl Johan Jepson,Eskilstuna-7,7.0,1.0,30.0,8.02,13.8,2021-11-17 00:00:00,Stefan Persson,Solvalla-10,7.0,1.0,100.0,45.15,13.9,2021-10-23 00:00:00,Stefan Persson,Örebro-7,7.0,1.0,150.0,43.89,13.1,2140.0,2140.0,2140.0,2640.0,2100.0,10,1,1,1,1,1,573.5764530806138,1273.034479311176,6006.507181794034,10966.331584284586,13430.958365832146,13.0,15.0,11.0,13.0,25.0,9.0,0.08282882218334905,-0.026358222794823676,False,-0.0,5,4
2022-01-08,3,MANTORP,7390.0,Jorma Kontio,2.0,20.23,4.02,33978.0,11.0,2140.0,2140.0,0,9,v,8,2.0,2021-12-15 00:00:00,Jorma Kontio,Solvalla-7,4.0,3.0,100.0,28.49,13.1,2021-11-17 00:00:00,Claes Sjöström,Solvalla-10,4.0,5.0,100.0,27.01,13.8,2021-10-23 00:00:00,Jorma Kontio,Örebro-7,4.0,6.0,150.0,61.21,12.7,2021-09-18 00:00:00,Stefan Persson,Färjestad-7,4.0,6.0,150.0,46.21,11.9,2021-09-04 00:00:00,Stefan Persson,Jägersro-4,4.0,6.0,150.0,60.8,11.3,2140.0,2640.0,2100.0,2140.0,1640.0,18,1,1,1,1,1,4034.287934927351,1484.131591025766,1102.4801989769735,1102.4801989769735,1102.4801989769735,24.0,28.0,25.0,35.0,14.0,11.0,0.019163978375857073,-0.031841534969132154,False,-0.0,6,15
2022-01-08,3,MANTORP,9834.0,Johnny Takter,1.0,59.22,9.23,47062.0,2.0,2140.0,2140.0,0,14,v,3,1.0,2021-12-26 00:00:00,Carl Johan Jepson,Solvalla-8,3.0,15.0,300.0,111.71,13.8,2021-12-11 00:00:00,Thomas Uhrberg,Åby-10,3.0,15.0,200.0,76.55,15.0,2021-11-20 00:00:00,Johnny Takter,Jägersro-7,3.0,4.0,150.0,65.52,12.6,2021-11-08 00:00:00,Johnny Takter,Halmstad-8,3.0,4.0,40.0,7.53,11.8,2021-10-26 00:00:00,Kim Eriksson,Visby-1,3.0,4.0,30.0,4.57,11.2,2140.0,2140.0,2140.0,1640.0,1620.0,27,1,1,1,1,1,17.320508075688775,14.142135623730953,2996.85189111502,1547.5676620451568,1340.2329094063966,13.0,15.0,21.0,12.0,13.0,2.0,0.01524401998777014,-0.001670373348063421,False,-0.0,7,15
2022-01-08,3,MANTORP,6494.0,Johan Untersteiner,1.0,31.8,4.67,27830.0,3.0,2140.0,2140.0,0,9,v,4,1.0,2021-12-29 00:00:00,Stefan Persson,Örebro-5,2.0,3.0,100.0,3.77,13.9,2021-12-15 00:00:00,Erik Adielsson,Solvalla-7,2.0,5.0,100.0,35.13,13.5,2021-09-15 00:00:00,Johan Untersteiner,Åby-6,2.0,6.0,60.0,4.09,13.8,2021-08-30 00:00:00,Johan Untersteiner,Axevalla-8,2.0,6.0,60.0,10.54,13.3,2021-03-03 00:00:00,Pierre Vercruysse,Vincennes-1,2.0,6.0,,33.1,30.0,2100.0,2140.0,2640.0,2140.0,2100.0,22,1,1,1,1,1,4034.287934927351,1484.131591025766,697.2697008005748,697.2697008005748,,10.0,14.0,91.0,16.0,180.0,3.0,0.014716803522608075,-0.017272910648735817,False,-0.0,8,15
2022-01-08,3,MANTORP,10159.0,Andreas Lövdal,1.0,52.03,9.1,60522.0,5.0,2140.0,2140.0,0,11,v,6,1.0,2021-03-17 00:00:00,Erik Adielsson,Solvalla-9,8.0,15.0,100.0,44.09,15.6,2021-02-27 00:00:00,Erik Adielsson,Romme-7,8.0,20.0,150.0,11.39,30.0,2021-02-20 00:00:00,Erik Adielsson,Mantorp-7,8.0,15.0,150.0,7.45,30.0,2021-01-30 00:00:00,Erik Adielsson,Eskilstuna-8,8.0,15.0,150.0,29.17,13.7,2021-01-09 00:00:00,Jorma Kontio,Bergsåker-9,8.0,15.0,150.0,7.1,13.3,2140.0,1640.0,2140.0,2140.0,2140.0,26,1,1,1,1,1,10.0,1.005331810828057,12.24744871391589,12.24744871391589,12.24744871391589,297.0,18.0,7.0,21.0,21.0,5.0,0.014565679185930836,-0.0047452030561634054,False,-0.0,9,15
2022-01-08,3,MANTORP,566.0,Jonathan Carre,0.0,231.66,29.07,26915.0,10.0,2140.0,2140.0,0,12,v,15,0.0,2021-12-26 00:00:00,Jonathan Carre,Solvalla-11,1.0,15.0,300.0,132.44,16.3,2021-12-09 00:00:00,Jonathan Carre,Åby-14,1.0,15.0,,,20.5,2021-10-30 00:00:00,Jonathan Carre,Jägersro-1,1.0,15.0,50.0,5.91,30.0,2021-09-18 00:00:00,Anna Erixon,Färjestad-1,1.0,15.0,60.0,2.31,30.0,2021-08-22 00:00:00,Jonathan Carre,Vaggeryd-10,1.0,15.0,100.0,85.24,30.0,3220.0,2140.0,2140.0,2140.0,2140.0,29,0,0,1,1,1,17.320508075688775,,7.071067811865476,7.745966692414834,10.0,13.0,17.0,40.0,42.0,27.0,10.0,0.012987232870736201,0.008708152114951653,True,1.7416304229903306,10,2
2022-01-08,3,MANTORP,3155.0,Magnus Jakobsson,0.0,100.63,16.48,22768.0,8.0,2140.0,2140.0,0,10,v,7,0.0,2021-12-29 00:00:00,Ulf Ohlsson,Örebro-5,7.0,7.0,100.0,25.1,14.4,2021-12-07 00:00:00,Carl Johan Jepson,Axevalla-8,7.0,5.0,35.0,5.18,15.3,2021-11-30 00:00:00,Ulf Ohlsson,Eskilstuna-7,7.0,4.0,30.0,42.32,14.2,2021-11-16 00:00:00,Ulf Ohlsson,Axevalla-5,7.0,4.0,25.0,9.75,14.1,2021-10-27 00:00:00,Rikard N Skoglund,Solvalla-5,7.0,4.0,60.0,53.8,11.6,2100.0,2180.0,2140.0,2180.0,1640.0,29,1,0,1,0,1,545.9815003314424,878.0240901127003,1340.2329094063966,1223.459661321102,1895.3755572212776,10.0,22.0,7.0,14.0,20.0,8.0,0.012987232870736201,0.0030804501032036936,True,0.6160900206407387,11,15
2022-01-08,4,MANTORP,3194.0,Kevin Oscarsson,24.0,4.33,1.99,33068.0,2.0,2180.0,2140.0,1,5,s,15,24.0,2021-12-31 00:00:00,Kevin Oscarsson,Axevalla-10,5.0,15.0,100.0,6.04,15.2,2021-12-21 00:00:00,Kevin Oscarsson,Jägersro-10,5.0,1.0,35.0,9.2,11.3,2021-12-11 00:00:00,Kevin Oscarsson,Åby-11,5.0,15.0,110.0,71.85,12.6,2021-12-03 00:00:00,Joakim Lövgren,Kalmar-2,5.0,15.0,50.0,12.55,15.6,2021-11-20 00:00:00,Kevin Oscarsson,Jägersro-6,5.0,15.0,110.0,104.64,13.4,2140.0,1640.0,1640.0,2180.0,2180.0,4,1,1,1,0,0,10.0,6487.769258055282,10.488088481701515,7.071067811865476,10.488088481701515,8.0,10.0,10.0,8.0,13.0,15.0,0.23424078512771093,0.004283062943840351,True,0.8566125887680702,1,1
2022-01-08,4,MANTORP,6489.0,Rikard N Skoglund,19.0,5.15,2.09,11240.0,5.0,2140.0,2140.0,1,5,s,4,19.0,2021-12-22 00:00:00,Carl Johan Jepson,Åby-9,1.0,2.0,60.0,4.69,14.9,2021-12-14 00:00:00,Rikard N Skoglund,Axevalla-4,1.0,2.0,30.0,6.54,15.2,2021-11-25 00:00:00,Stefan Persson,Åby-3,1.0,5.0,30.0,18.16,18.3,2021-09-27 00:00:00,Carl Johan Jepson,Mantorp-6,1.0,5.0,30.0,4.56,14.4,2021-08-22 00:00:00,Magnus Teien Gundersen,Vaggeryd-6,1.0,5.0,35.0,2.49,14.3,2140.0,2100.0,2660.0,2140.0,2140.0,5,0,1,0,1,1,5152.164935300037,3643.130763542206,812.8923507108439,812.8923507108439,878.0240901127003,17.0,8.0,19.0,59.0,36.0,5.0,0.16536783205297584,-0.035748352994499834,False,-0.0,2,2
2022-01-08,4,MANTORP,2440.0,Hans Crebas,15.0,5.26,1.97,17904.0,8.0,2140.0,2140.0,1,5,s,15,15.0,2021-12-29 00:00:00,Hans Crebas,Örebro-10,8.0,6.0,100.0,15.98,15.0,2021-12-07 00:00:00,Hans Crebas,Axevalla-4,8.0,5.0,30.0,4.37,17.3,2021-07-24 00:00:00,Hans Crebas,Axevalla-7,8.0,1.0,110.0,35.27,15.0,2021-07-15 00:00:00,Hans Crebas,Örebro-5,8.0,1.0,40.0,9.01,15.5,2021-07-03 00:00:00,Hans Crebas,Vaggeryd-5,8.0,1.0,20.0,6.72,14.0,2140.0,2160.0,2140.0,2140.0,1640.0,5,0,0,0,0,1,900.1713130052182,812.8923507108439,11501.58559756547,6935.717076596412,4904.29257725266,10.0,22.0,136.0,9.0,12.0,8.0,0.1472365362383721,-0.05294268060708046,False,-0.0,3,3
2022-01-08,4,MANTORP,1594.0,Magnus Jakobsson,13.0,5.89,2.29,17208.0,2.0,2140.0,2140.0,1,4,s,1,13.0,2021-12-20 00:00:00,Magnus A Djuse,Mantorp-4,8.0,2.0,40.0,4.98,13.2,2021-11-22 00:00:00,Magnus A Djuse,Mantorp-3,8.0,3.0,40.0,7.72,14.8,2021-11-16 00:00:00,Peter Ingves,Kalmar-6,8.0,5.0,150.0,58.03,14.1,2021-11-03 00:00:00,Magnus Jakobsson,Åby-9,8.0,5.0,60.0,23.4,14.2,2021-10-05 00:00:00,Magnus Jakobsson,Färjestad-5,8.0,5.0,110.0,48.85,13.6,1640.0,2140.0,2140.0,2140.0,2140.0,6,1,1,1,1,1,4206.725054048198,2551.5077222615173,1817.6825545790464,1149.6033871246218,1556.570344516668,19.0,28.0,6.0,13.0,29.0,2.0,0.11666674966435799,-0.06397399682554837,False,-0.0,4,4
2022-01-08,4,MANTORP,1647.0,Örjan Kihlström,13.0,6.98,2.51,7504.0,3.0,2140.0,2140.0,1,5,s,20,13.0,2021-11-27 00:00:00,Joakim Wallin,Axevalla-4,4.0,1.0,25.0,3.91,14.3,2021-11-08 00:00:00,Jorma Kontio,Mantorp-3,4.0,4.0,25.0,14.38,16.7,2021-10-25 00:00:00,Joakim Wallin,Mantorp-6,4.0,3.0,25.0,10.17,15.3,2021-10-11 00:00:00,Per Lennartsson,Mantorp-5,4.0,3.0,25.0,14.6,13.8,2021-10-01 00:00:00,Erik Adielsson,Solvalla-1,4.0,3.0,40.0,5.91,13.2,1640.0,2640.0,2140.0,1640.0,1640.0,7,1,1,1,1,1,5483.165792142293,1223.459661321102,2017.143967463676,2017.143967463676,2551.5077222615173,42.0,19.0,14.0,14.0,10.0,3.0,0.11510347111032507,-0.03287253706520584,False,-0.0,5,4
2022-01-08,4,MANTORP,6951.0,Mikael J Andersson,7.0,11.66,3.17,18619.0,5.0,2160.0,2140.0,1,8,s,2,7.0,2021-12-29 00:00:00,Mikael J Andersson,Örebro-10,4.0,4.0,100.0,19.26,14.2,2021-12-10 00:00:00,Mikael J Andersson,Solvalla-3,4.0,2.0,40.0,2.55,17.5,2021-12-01 00:00:00,Carl Johan Jepson,Solvalla-9,4.0,6.0,60.0,7.99,14.1,2021-11-18 00:00:00,Mikael J Andersson,Örebro-5,4.0,6.0,40.0,7.73,13.8,2021-11-04 00:00:00,Mikael J Andersson,Örebro-9,4.0,6.0,40.0,7.51,15.3,2160.0,2140.0,2140.0,2100.0,2680.0,12,0,1,1,1,0,2446.919322642204,4206.725054048198,697.2697008005748,569.3183266881678,569.3183266881678,10.0,19.0,9.0,13.0,14.0,13.0,0.08247366264473213,-0.003598226412985304,False,-0.0,6,4
2022-01-08,4,MANTORP,473.0,Ulf Ohlsson,3.0,29.61,6.23,13700.0,4.0,2140.0,2140.0,1,5,s,15,3.0,2021-12-31 00:00:00,Ulf Ohlsson,Axevalla-1,1.0,1.0,50.0,13.21,16.2,2021-12-17 00:00:00,Magnus A Djuse,Solvalla-3,1.0,15.0,60.0,11.92,16.3,2021-12-02 00:00:00,Carl Johan Jepson,Örebro-7,1.0,2.0,25.0,2.87,17.7,2021-10-30 00:00:00,Emilia Leo,Jägersro-8,1.0,2.0,110.0,55.0,15.6,2021-10-05 00:00:00,Victor Rosleff,Färjestad-10,1.0,2.0,30.0,2.25,30.0,2140.0,2640.0,2140.0,2140.0,2140.0,21,1,0,0,0,1,7754.367427987846,7.745966692414834,3325.708165221809,6976.064300232707,3643.130763542206,8.0,14.0,15.0,33.0,25.0,4.0,0.027533712146600792,-0.006456720843731234,False,-0.0,7,15
2022-01-08,4,MANTORP,5124.0,Johan Untersteiner,3.0,23.7,5.6,10172.0,4.0,2160.0,2140.0,1,7,s,5,3.0,2021-12-18 00:00:00,Kevin Oscarsson,Kalmar-8,3.0,1.0,35.0,9.43,15.0,2021-12-10 00:00:00,Peter Untersteiner,Kalmar-6,3.0,15.0,30.0,7.84,14.9,2021-11-26 00:00:00,Moa Jakobsson,Kalmar-7,3.0,2.0,10.0,16.81,14.6,2021-11-05 00:00:00,Kevin Oscarsson,Kalmar-4,3.0,2.0,25.0,13.12,12.7,2021-09-13 00:00:00,Matilda Engström,Halmstad-6,3.0,2.0,30.0,43.79,15.2,2180.0,1640.0,2140.0,1640.0,2140.0,19,0,1,1,1,1,6487.769258055282,5.477225575051661,2103.362527024099,3325.708165221809,3643.130763542206,21.0,8.0,14.0,21.0,53.0,12.0,0.025493249776074197,-0.017436563009120772,False,-0.0,8,15
2022-01-08,4,MANTORP,3124.0,Mika Forss,1.0,47.2,7.96,15545.0,7.0,2140.0,2140.0,1,5,s,15,1.0,2021-12-31 00:00:00,Tova Bengtsson,Axevalla-11,2.0,20.0,100.0,67.77,30.0,2021-12-23 00:00:00,Victor Rosleff,Halmstad-10,2.0,6.0,100.0,44.03,15.3,2021-12-08 00:00:00,Tova Bengtsson,Jägersro-3,2.0,1.0,40.0,5.27,17.1,2021-05-10 00:00:00,Ulf Ohlsson,Mantorp-9,2.0,1.0,50.0,19.55,15.0,2021-03-23 00:00:00,Ola Samuelsson,Axevalla-2,2.0,1.0,25.0,5.13,16.6,2140.0,2140.0,2160.0,2140.0,2640.0,25,0,1,0,1,1,0.820849986238988,900.1713130052182,6935.717076596412,7754.367427987846,5483.165792142293,8.0,8.0,15.0,212.0,48.0,7.0,0.01520386901997771,-0.006112064551018441,False,-0.0,9,15
2022-01-08,4,MANTORP,7342.0,Kajsa Frick,1.0,52.02,9.14,6512.0,6.0,2140.0,2140.0,1,6,s,2,1.0,2021-12-28 00:00:00,Kajsa Frick,Romme-1,3.0,3.0,35.0,10.45,17.2,2021-12-17 00:00:00,Kajsa Frick,Bollnäs-6,3.0,6.0,40.0,11.79,17.7,2021-12-07 00:00:00,Kajsa Frick,Gävle-7,3.0,4.0,25.0,35.13,15.9,2021-11-24 00:00:00,Kajsa Frick,Bollnäs-3,3.0,4.0,30.0,51.15,16.4,2021-08-15 00:00:00,Ida Riesterer,Solvalla-6,3.0,4.0,10.0,26.4,16.6,2160.0,2140.0,2140.0,2140.0,2140.0,26,0,1,1,1,1,2386.7169291026403,569.3183266881678,1223.459661321102,1340.2329094063966,773.7838310225784,11.0,11.0,10.0,13.0,101.0,6.0,0.014565679185930836,-0.004748988019362561,False,-0.0,10,15
2022-01-08,4,MANTORP,412.0,Jim Oscarsson,0.0,113.51,17.17,26970.0,1.0,2180.0,2140.0,1,5,s,7,0.0,2021-12-21 00:00:00,Jim Oscarsson,Jägersro-10,5.0,15.0,35.0,75.64,12.3,2021-12-10 00:00:00,Jim Oscarsson,Kalmar-8,5.0,6.0,35.0,13.91,17.3,2021-12-03 00:00:00,Markus Niklasson,Kalmar-2,5.0,2.0,50.0,52.01,15.4,2021-11-14 00:00:00,Jim Oscarsson,Åby-9,5.0,2.0,50.0,98.47,15.1,2021-11-05 00:00:00,Jim Oscarsson,Kalmar-4,5.0,2.0,25.0,53.09,14.7,1640.0,2180.0,2180.0,3160.0,1640.0,29,1,0,0,0,1,5.916079783099616,532.5485306196407,4703.261591751624,4703.261591751624,3325.708165221809,18.0,11.0,7.0,19.0,9.0,14.0,0.013114044621548214,0.004342504710620725,True,0.868500942124145,11,15
2022-01-08,4,MANTORP,2470.0,Niclas Stenquist,0.0,132.8,21.72,4585.0,1.0,2160.0,2140.0,1,8,s,15,0.0,2021-12-17 00:00:00,Örjan Kihlström,Solvalla-3,3.0,5.0,60.0,8.17,15.8,2021-12-07 00:00:00,Magnus Jakobsson,Axevalla-8,3.0,20.0,35.0,9.01,30.0,2021-11-27 00:00:00,Marc Elias,Axevalla-2,3.0,2.0,15.0,16.33,14.6,2021-11-23 00:00:00,Magnus Jakobsson,Eskilstuna-3,3.0,2.0,25.0,35.54,15.0,2021-10-26 00:00:00,Malin Kullberg,Axevalla-6,3.0,2.0,10.0,27.93,17.1,2660.0,2140.0,1660.0,2140.0,1640.0,29,0,0,0,0,1,1149.6033871246218,0.4856214008546075,2576.0824676500183,3325.708165221809,2103.362527024099,22.0,10.0,10.0,4.0,28.0,9.0,0.012987232870736201,0.0054985168834125004,True,1.0997033766825002,12,15
2022-01-08,4,MANTORP,5919.0,Anders Källberg,0.0,109.76,17.0,8852.0,3.0,2160.0,2140.0,1,9,s,6,0.0,2021-12-18 00:00:00,Anders Källberg,Kalmar-7,3.0,5.0,25.0,19.55,15.4,2021-12-04 00:00:00,Anders Källberg,Färjestad-4,3.0,2.0,10.0,2.88,16.1,2021-10-24 00:00:00,Anders Källberg,Åby-6,3.0,7.0,10.0,10.23,14.5,2021-10-13 00:00:00,Anders Källberg,Solvalla-9,3.0,7.0,60.0,70.2,15.9,2021-09-28 00:00:00,Anders Källberg,Eskilstuna-8,3.0,7.0,35.0,69.64,14.2,2140.0,2160.0,2140.0,2640.0,2660.0,29,1,0,1,1,0,742.065795512883,2103.362527024099,172.6545101363335,422.9154516242031,323.00701160572424,21.0,14.0,41.0,11.0,15.0,11.0,0.012987232870736201,0.003912087898970261,True,0.7824175797940522,13,15
2022-01-08,4,MANTORP,6432.0,Ralf Karlstedt,0.0,108.6,17.24,6455.0,2.0,2160.0,2140.0,1,7,s,8,0.0,2021-12-20 00:00:00,Ralf Karlstedt,Mantorp-9,4.0,15.0,50.0,33.8,14.1,2021-12-05 00:00:00,Jesper Ljungeskog,Mantorp-4,4.0,4.0,40.0,31.74,15.9,2021-11-22 00:00:00,Jesper Ljungeskog,Mantorp-4,4.0,2.0,30.0,59.71,14.9,2021-09-27 00:00:00,Ralf Karlstedt,Mantorp-4,4.0,2.0,30.0,61.45,15.2,2021-08-29 00:00:00,Oscar Ginman,Tingsryd-3,4.0,2.0,22.0,13.05,13.2,1640.0,2640.0,2140.0,2140.0,1609.0,29,1,1,1,0,1,7.071067811865476,1547.5676620451568,3643.130763542206,3643.130763542206,3119.790798145967,19.0,15.0,13.0,56.0,29.0,10.0,0.012987232870736201,0.003814251763586909,True,0.7628503527173818,14,15
2022-01-08,4,MANTORP,5560.0,Claes Sjöström,0.0,75.79,9.25,5254.0,1.0,2140.0,2140.0,1,7,s,15,0.0,2021-12-29 00:00:00,Claes Sjöström,Örebro-10,2.0,15.0,100.0,96.06,15.4,2021-12-17 00:00:00,Zeb Jonasson,Solvalla-4,2.0,6.0,50.0,55.25,16.5,2021-12-06 00:00:00,Mats L Andersson,Eskilstuna-9,2.0,3.0,10.0,10.75,15.0,2021-11-27 00:00:00,Emma Smedeby,Solvalla-12,2.0,3.0,60.0,74.68,16.1,2021-11-14 00:00:00,Emma Smedeby,Solvalla-1,2.0,3.0,10.0,,16.2,2140.0,2140.0,1640.0,2140.0,2140.0,29,0,1,1,1,1,10.0,636.517239655588,1275.7538611307589,3124.9459971558285,1275.7538611307589,10.0,12.0,11.0,9.0,13.0,1.0,0.012987232870736201,-0.0002098892997312899,False,-0.0,15,15
2022-01-08,5,MANTORP,6151.0,Örjan Kihlström,27.0,4.53,1.77,13640.0,4.0,1640.0,1640.0,0,5,v,2,27.0,2021-12-22 00:00:00,Örjan Kihlström,Solvalla-10,4.0,1.0,60.0,3.59,13.0,2021-12-10 00:00:00,Kim Eriksson,Solvalla-7,4.0,15.0,40.0,5.68,18.3,2021-12-01 00:00:00,Magnus A Djuse,Solvalla-10,4.0,5.0,110.0,13.36,12.6,2021-11-17 00:00:00,Magnus A Djuse,Solvalla-7,4.0,5.0,60.0,10.93,12.1,2021-11-07 00:00:00,Magnus A Djuse,Eskilstuna-8,4.0,5.0,100.0,39.17,13.2,1640.0,1640.0,1640.0,1640.0,1640.0,4,1,1,1,1,1,8494.48391898452,6.324555320336759,1556.570344516668,1149.6033871246218,1484.131591025766,17.0,12.0,9.0,14.0,10.0,4.0,0.2678877153100346,0.06049046752250897,True,12.098093504501794,1,1
2022-01-08,5,MANTORP,3656.0,Magnus Jakobsson,23.0,4.47,1.9,18933.0,2.0,1640.0,1640.0,0,7,s,5,23.0,2021-12-20 00:00:00,Magnus Jakobsson,Mantorp-6,4.0,1.0,50.0,2.64,14.3,2021-12-11 00:00:00,Johan Untersteiner,Åby-8,4.0,15.0,110.0,28.66,22.1,2021-11-18 00:00:00,Johnny Takter,Åby-5,4.0,1.0,40.0,3.4,14.8,2021-11-06 00:00:00,Magnus Jakobsson,Eskilstuna-9,4.0,1.0,110.0,32.61,13.4,2021-09-25 00:00:00,Robert Bergh,Solvalla-6,4.0,1.0,220.0,45.15,12.9,2140.0,2160.0,2160.0,2140.0,2140.0,4,1,0,0,1,1,7754.367427987846,10.488088481701515,6935.717076596412,11501.58559756547,16265.698340872146,19.0,9.0,23.0,12.0,42.0,2.0,0.23403492731856948,0.013295713289338778,True,2.6591426578677555,2,2
2022-01-08,5,MANTORP,1730.0,Kim Eriksson,17.0,6.51,2.14,15583.0,3.0,1640.0,1640.0,0,6,v,20,17.0,2021-12-20 00:00:00,Kim Eriksson,Mantorp-9,3.0,1.0,50.0,2.22,13.2,2021-12-11 00:00:00,Kim Eriksson,Åby-9,3.0,6.0,110.0,35.24,13.3,2021-12-03 00:00:00,Kim Eriksson,Solvalla-4,3.0,2.0,40.0,6.79,14.0,2021-11-19 00:00:00,Kim Eriksson,Solvalla-6,3.0,2.0,40.0,1.88,30.0,2021-10-18 00:00:00,Kim Eriksson,Åby-4,3.0,2.0,30.0,3.38,14.1,1640.0,1640.0,2140.0,2140.0,2140.0,7,1,1,1,1,1,7754.367427987846,944.107637948816,4206.725054048198,4206.725054048198,3643.130763542206,19.0,9.0,8.0,14.0,32.0,3.0,0.15174887915743293,-0.0021986926833233427,False,-0.0,3,3
2022-01-08,5,MANTORP,718.0,Ulf Ohlsson,16.0,3.79,1.89,17047.0,5.0,1640.0,1640.0,0,6,v,3,16.0,2021-12-26 00:00:00,Kim Eriksson,Solvalla-10,8.0,8.0,220.0,42.63,14.4,2021-12-11 00:00:00,Magnus A Djuse,Åby-9,8.0,2.0,110.0,22.19,12.9,2021-12-01 00:00:00,Kim Eriksson,Solvalla-10,8.0,4.0,110.0,23.36,12.4,2021-11-08 00:00:00,Ulf Ohlsson,Mantorp-2,8.0,4.0,25.0,3.25,12.1,2021-10-25 00:00:00,Magnus A Djuse,Mantorp-1,8.0,4.0,25.0,,15.3,2140.0,1640.0,1640.0,1640.0,2140.0,3,1,1,1,1,1,491.18152943108606,6976.064300232707,2566.350636345657,1223.459661321102,1223.459661321102,13.0,15.0,10.0,23.0,14.0,5.0,0.15139910748128474,-0.15275891851108633,False,-0.0,4,3
2022-01-08,5,MANTORP,10004.0,Johan Untersteiner,4.0,15.79,4.08,20705.0,10.0,1640.0,1640.0,0,5,s,6,4.0,2021-12-23 00:00:00,Stefan Persson,Halmstad-9,7.0,20.0,100.0,16.82,30.0,2021-11-07 00:00:00,Johan Untersteiner,Eskilstuna-9,7.0,15.0,800.0,54.89,13.6,2021-10-24 00:00:00,Johan Untersteiner,Solvalla-2,7.0,2.0,200.0,64.71,13.2,2021-09-06 00:00:00,Ulf Ohlsson,Halmstad-6,7.0,2.0,30.0,7.18,12.1,2021-08-24 00:00:00,Stefan Persson,Jägersro-8,7.0,2.0,100.0,116.97,12.7,2140.0,2140.0,2140.0,1640.0,2140.0,15,0,1,1,1,1,0.820849986238988,28.284271247461906,9406.523183503248,3643.130763542206,6651.416330443618,16.0,46.0,14.0,48.0,13.0,10.0,0.052400811507125354,-0.011669451406524051,False,-0.0,5,15
2022-01-08,5,MANTORP,3018.0,Tyler Mifsud,4.0,13.81,3.46,16020.0,9.0,1640.0,1640.0,0,5,v,1,4.0,2021-12-21 00:00:00,Tyler Mifsud,Jägersro-9,3.0,1.0,35.0,6.34,14.5,2021-11-30 00:00:00,Tyler Mifsud,Jägersro-6,3.0,15.0,50.0,8.55,16.9,2021-11-14 00:00:00,Tyler Mifsud,Åby-7,3.0,1.0,35.0,1.83,12.9,2021-10-20 00:00:00,Tyler Mifsud,Jägersro-6,3.0,1.0,60.0,17.9,13.3,2021-10-04 00:00:00,Tyler Mifsud,Halmstad-9,3.0,1.0,30.0,7.1,14.8,2140.0,2160.0,1640.0,1640.0,2160.0,14,1,0,1,1,0,6487.769258055282,7.071067811865476,6487.769258055282,8494.48391898452,6006.507181794034,18.0,21.0,16.0,25.0,16.0,9.0,0.05142042724885652,-0.022629500366377158,False,-0.0,6,15
2022-01-08,5,MANTORP,6472.0,Gustav Johansson,3.0,21.44,3.97,13885.0,1.0,1640.0,1640.0,0,6,v,4,3.0,2021-12-10 00:00:00,Gustav Johansson,Kalmar-7,1.0,2.0,30.0,2.76,15.5,2021-11-20 00:00:00,Gustav Johansson,Jägersro-9,1.0,3.0,110.0,24.86,12.7,2021-11-02 00:00:00,Axel Ritzman,Jägersro-9,1.0,1.0,30.0,4.37,14.8,2021-10-20 00:00:00,Axel Ritzman,Jägersro-5,1.0,1.0,30.0,29.59,15.5,2021-08-31 00:00:00,Gustav Johansson,Vaggeryd-1,1.0,1.0,22.0,5.42,30.0,1640.0,1640.0,2140.0,2160.0,1640.0,18,1,1,1,0,1,3643.130763542206,4231.196882217894,6006.507181794034,6006.507181794034,5143.665449037786,29.0,20.0,18.0,13.0,50.0,1.0,0.026157997331895652,-0.0214859362624343,False,-0.0,7,15
2022-01-08,5,MANTORP,7818.0,Torbjörn Jansson,3.0,16.02,4.19,14962.0,7.0,1640.0,1640.0,0,5,v,15,3.0,2021-12-10 00:00:00,Anders Eriksson,Solvalla-7,7.0,3.0,40.0,3.27,17.4,2021-11-27 00:00:00,Magnus A Djuse,Solvalla-11,7.0,20.0,220.0,17.44,30.0,2021-11-06 00:00:00,Örjan Kihlström,Eskilstuna-9,7.0,2.0,110.0,40.17,12.6,2021-10-23 00:00:00,Örjan Kihlström,Örebro-11,7.0,2.0,110.0,21.5,30.0,2021-10-15 00:00:00,Per Lennartsson,Solvalla-6,7.0,2.0,40.0,5.16,14.3,1640.0,2140.0,2140.0,1609.0,2140.0,15,1,1,1,1,1,2551.5077222615173,1.2175172852156155,6976.064300232707,6976.064300232707,4206.725054048198,29.0,13.0,21.0,14.0,8.0,7.0,0.025467546462107363,-0.03941477401311851,False,-0.0,8,15
2022-01-08,5,MANTORP,9513.0,Jorma Kontio,1.0,60.19,10.6,11852.0,8.0,1640.0,1640.0,0,8,v,15,1.0,2021-12-29 00:00:00,Jorma Kontio,Örebro-3,1.0,2.0,30.0,7.0,14.9,2021-12-13 00:00:00,Juhani Partanen,Eskilstuna-3,1.0,2.0,25.0,15.61,16.5,2021-12-02 00:00:00,Juhani Partanen,Örebro-8,1.0,1.0,10.0,7.55,15.6,2021-11-25 00:00:00,Jorma Kontio,Örebro-8,1.0,1.0,25.0,6.21,17.0,2021-10-08 00:00:00,Jorma Kontio,Eskilstuna-5,1.0,1.0,25.0,3.7,14.1,1609.0,2640.0,1660.0,2180.0,2140.0,27,1,0,0,0,1,3643.130763542206,3325.708165221809,3467.858538298206,5483.165792142293,5483.165792142293,10.0,16.0,11.0,7.0,48.0,8.0,0.014565679185930836,-0.002082983101855431,False,-0.0,9,15
2022-01-08,5,MANTORP,3753.0,Stefan Persson,1.0,51.89,8.23,12713.0,6.0,1640.0,1640.0,0,5,v,15,1.0,2021-12-23 00:00:00,Carl Johan Jepson,Halmstad-6,5.0,15.0,100.0,9.09,13.3,2021-11-29 00:00:00,Carl Johan Jepson,Färjestad-9,5.0,2.0,30.0,5.97,14.5,2021-11-08 00:00:00,Carl Johan Jepson,Mantorp-2,5.0,3.0,25.0,1.5,12.4,2021-10-25 00:00:00,Carl Johan Jepson,Årjäng-4,5.0,3.0,22.0,2.82,12.9,2021-10-07 00:00:00,Carl Johan Jepson,Örebro-5,5.0,3.0,25.0,2.51,13.5,1640.0,2140.0,1640.0,1640.0,1640.0,26,1,0,1,1,0,10.0,3643.130763542206,2017.143967463676,1892.2487709648767,2017.143967463676,16.0,24.0,21.0,14.0,18.0,6.0,0.014565679185930836,-0.004798327904147159,False,-0.0,10,15
2022-01-08,5,MANTORP,4503.0,Hans Crebas,1.0,52.13,8.96,10485.0,11.0,1640.0,1640.0,0,6,s,6,1.0,2021-12-29 00:00:00,Hans Crebas,Örebro-3,2.0,1.0,30.0,2.63,14.8,2021-12-20 00:00:00,Hans Crebas,Mantorp-9,2.0,3.0,50.0,20.15,13.4,2021-12-05 00:00:00,Hans Crebas,Mantorp-10,2.0,15.0,40.0,8.18,15.2,2021-11-08 00:00:00,Hans Crebas,Mantorp-1,2.0,15.0,25.0,4.31,15.4,2021-11-03 00:00:00,Julian Cordeau,Åby-4,2.0,15.0,40.0,10.02,12.7,1609.0,1640.0,2140.0,2140.0,1640.0,26,1,1,1,0,1,6006.507181794034,2852.672356046204,6.324555320336759,5.0,6.324555320336759,10.0,9.0,15.0,27.0,5.0,11.0,0.014565679185930836,-0.004707434853069146,False,-0.0,11,15
2022-01-08,5,MANTORP,7659.0,Rikard N Skoglund,0.0,60.35,9.62,11643.0,12.0,1640.0,1640.0,0,6,v,8,0.0,2021-12-22 00:00:00,Gustav Johansson,Åby-5,5.0,5.0,40.0,2.66,13.5,2021-10-23 00:00:00,André Eklundh,Örebro-11,5.0,15.0,110.0,49.4,12.6,2021-08-30 00:00:00,Mats E Djuse,Romme-7,5.0,1.0,60.0,5.21,12.4,2021-08-12 00:00:00,André Eklundh,Åby-9,5.0,1.0,40.0,7.63,12.0,2021-07-17 00:00:00,André Eklundh,Årjäng-4,5.0,1.0,30.0,2.27,12.3,1640.0,1609.0,1640.0,1640.0,1640.0,27,1,1,1,1,1,938.6472350101868,10.488088481701515,8494.48391898452,6935.717076596412,6006.507181794034,17.0,60.0,54.0,18.0,26.0,12.0,0.012987232870736201,-0.0036431423125706857,False,-0.0,12,15
2022-01-08,6,MANTORP,4995.0,Örjan Kihlström,27.0,3.77,1.78,19630.0,1.0,2160.0,2140.0,1,5,s,4,27.0,2021-12-23 00:00:00,Peter Untersteiner,Halmstad-9,4.0,1.0,100.0,21.17,14.7,2021-11-24 00:00:00,Stefan Persson,Solvalla-2,4.0,3.0,40.0,20.0,14.0,2021-11-03 00:00:00,Johan Untersteiner,Åby-7,4.0,20.0,50.0,10.07,30.0,2021-10-06 00:00:00,Johan Untersteiner,Åby-9,4.0,20.0,60.0,3.64,13.2,2021-09-15 00:00:00,Johan Untersteiner,Åby-8,4.0,20.0,40.0,1.71,13.4,2140.0,2140.0,1640.0,1640.0,1640.0,3,0,1,1,1,1,10966.331584284586,2551.5077222615173,0.5804285916064725,0.6358276652876376,0.5191511147666147,16.0,29.0,21.0,28.0,21.0,7.0,0.2889522104880268,0.032256257595617704,True,6.451251519123541,1,1
2022-01-08,6,MANTORP,2378.0,Ulf Ohlsson,15.0,7.36,2.63,15223.0,5.0,2160.0,2140.0,1,4,s,5,15.0,2021-12-29 00:00:00,Victor Rosleff,Örebro-10,1.0,1.0,100.0,2.16,14.3,2021-12-17 00:00:00,Victor Rosleff,Solvalla-3,1.0,1.0,60.0,2.66,15.9,2021-12-11 00:00:00,Victor Rosleff,Åby-8,1.0,7.0,110.0,12.96,15.2,2021-11-27 00:00:00,Victor Rosleff,Axevalla-6,1.0,7.0,60.0,16.15,15.3,2021-10-19 00:00:00,Victor Rosleff,Axevalla-7,1.0,7.0,30.0,19.94,16.4,2140.0,2640.0,2140.0,2140.0,2140.0,8,0,0,0,1,0,10966.331584284586,8494.48391898452,572.6302284848314,422.9154516242031,299.0463837120453,10.0,12.0,6.0,14.0,39.0,11.0,0.14247722122071718,0.007646595626490344,True,1.5293191252980687,2,3
2022-01-08,6,MANTORP,4519.0,Dante Kolgjini,14.0,6.29,2.32,16500.0,3.0,2140.0,2140.0,1,4,s,1,14.0,2021-12-23 00:00:00,Adrian Kolgjini,Halmstad-10,11.0,3.0,100.0,25.95,14.9,2021-11-27 00:00:00,Adrian Kolgjini,Solvalla-2,11.0,3.0,125.0,3.42,15.3,2021-11-14 00:00:00,Adrian Kolgjini,Åby-6,11.0,2.0,50.0,8.34,16.1,2021-10-28 00:00:00,Adrian Kolgjini,Åby-3,11.0,2.0,50.0,8.42,16.1,2021-10-20 00:00:00,Adrian Kolgjini,Jägersro-3,11.0,2.0,30.0,2.34,30.0,2140.0,2140.0,2140.0,2140.0,2140.0,6,1,1,0,0,0,4034.287934927351,4510.471031652402,4703.261591751624,4703.261591751624,3643.130763542206,16.0,26.0,13.0,17.0,8.0,3.0,0.12348579439439658,-0.04220687207169102,False,-0.0,3,3
2022-01-08,6,MANTORP,581.0,Mika Forss,13.0,6.56,2.42,14169.0,4.0,2160.0,2140.0,1,6,s,7,13.0,2021-12-31 00:00:00,Mika Forss,Axevalla-11,9.0,2.0,100.0,10.39,15.7,2021-12-23 00:00:00,Mika Forss,Halmstad-9,9.0,20.0,100.0,6.0,30.0,2021-11-05 00:00:00,Markus Niklasson,Kalmar-6,9.0,2.0,25.0,2.77,12.9,2021-10-11 00:00:00,Per Lennartsson,Mantorp-8,9.0,2.0,30.0,3.34,14.3,2021-09-04 00:00:00,Ulf Ohlsson,Jägersro-10,9.0,2.0,110.0,24.56,14.7,2160.0,2140.0,1640.0,2140.0,2160.0,7,0,0,1,1,0,6651.416330443618,0.820849986238988,3325.708165221809,3643.130763542206,6976.064300232707,8.0,8.0,48.0,25.0,37.0,10.0,0.119862594368186,-0.03843550016991006,False,-0.0,4,4
2022-01-08,6,MANTORP,5636.0,Johan Untersteiner,12.0,8.36,2.64,15187.0,5.0,2140.0,2140.0,1,5,s,15,12.0,2021-12-22 00:00:00,Johan Untersteiner,Åby-4,6.0,2.0,30.0,4.59,15.7,2021-12-03 00:00:00,Johan Untersteiner,Kalmar-2,6.0,4.0,50.0,1.76,17.1,2021-11-25 00:00:00,Peter Untersteiner,Åby-4,6.0,1.0,30.0,2.32,17.0,2021-10-20 00:00:00,Johan Untersteiner,Jägersro-2,6.0,1.0,40.0,3.56,14.8,2021-10-06 00:00:00,Johan Untersteiner,Åby-3,6.0,1.0,30.0,2.04,15.6,2160.0,2140.0,2140.0,2140.0,2160.0,9,0,0,1,1,0,3643.130763542206,1730.233246056696,6006.507181794034,6935.717076596412,6006.507181794034,17.0,19.0,8.0,36.0,14.0,5.0,0.11415037069887043,-0.006209633282261308,False,-0.0,5,4
2022-01-08,6,MANTORP,1982.0,Kevin Oscarsson,5.0,10.95,3.28,8472.0,2.0,2140.0,2140.0,1,4,s,2,5.0,2021-12-05 00:00:00,Ulf Ohlsson,Mantorp-6,4.0,1.0,35.0,4.58,16.4,2021-11-22 00:00:00,Giuseppe Lubrano,Mantorp-7,4.0,2.0,25.0,18.01,15.6,2021-11-10 00:00:00,Giuliano Gallucci,Jägersro-5,4.0,15.0,30.0,13.2,18.7,2021-10-25 00:00:00,Giuseppe Lubrano,Halmstad-10,4.0,15.0,25.0,15.57,15.4,2021-08-14 00:00:00,Giuseppe Lubrano,Åby-12,4.0,15.0,50.0,54.72,15.1,2160.0,2160.0,1640.0,2160.0,2140.0,12,0,0,1,0,1,6487.769258055282,3325.708165221809,5.477225575051661,5.0,7.071067811865476,34.0,13.0,12.0,16.0,72.0,2.0,0.05385249527410771,-0.04123770620588147,False,-0.0,6,15
2022-01-08,6,MANTORP,8256.0,Rikard N Skoglund,4.0,18.23,4.98,8882.0,2.0,2160.0,2140.0,1,6,s,20,4.0,2021-12-31 00:00:00,Carl Johan Jepson,Axevalla-11,4.0,5.0,100.0,26.28,16.1,2021-12-21 00:00:00,Carl Johan Jepson,Axevalla-1,4.0,1.0,25.0,3.7,18.4,2021-12-10 00:00:00,Mats E Djuse,Solvalla-5,4.0,3.0,40.0,17.38,18.8,2021-11-26 00:00:00,Felicia Jansson,Romme-3,4.0,3.0,35.0,7.23,15.4,2021-11-15 00:00:00,Rikard N Skoglund,Eskilstuna-9,4.0,3.0,25.0,3.97,15.0,2160.0,2680.0,2140.0,2140.0,2140.0,17,0,0,1,1,1,1484.131591025766,5483.165792142293,2551.5077222615173,2386.7169291026403,2017.143967463676,8.0,10.0,11.0,14.0,11.0,8.0,0.052643251189742016,-0.00233972900818358,False,-0.0,7,15
2022-01-08,6,MANTORP,10126.0,Kajsa Frick,4.0,15.85,3.99,13636.0,6.0,2140.0,2140.0,1,4,s,3,4.0,2021-12-14 00:00:00,Kajsa Frick,Romme-3,8.0,3.0,30.0,9.89,17.0,2021-11-09 00:00:00,Kajsa Frick,Romme-11,8.0,3.0,40.0,3.66,15.8,2021-11-01 00:00:00,Kajsa Frick,Rättvik-6,8.0,3.0,40.0,6.99,16.3,2021-09-26 00:00:00,Kajsa Frick,Solvalla-2,8.0,3.0,60.0,22.25,14.3,2021-09-10 00:00:00,Kajsa Frick,Solvalla-10,8.0,3.0,150.0,94.74,13.5,2140.0,2140.0,2160.0,2140.0,2140.0,15,1,1,0,1,1,2209.670505430644,2551.5077222615173,2551.5077222615173,3124.9459971558285,4940.973458019238,25.0,35.0,8.0,36.0,16.0,6.0,0.05254988365778953,-0.011251470978049558,False,-0.0,8,15
2022-01-08,6,MANTORP,9549.0,Stefan Persson,1.0,34.68,8.47,11139.0,7.0,2160.0,2140.0,1,5,s,20,1.0,2021-12-18 00:00:00,Stefan Persson,Romme-8,8.0,8.0,110.0,31.03,15.8,2021-12-02 00:00:00,Lovisa Gustafsson Dahlbäck,Gävle-5,8.0,15.0,35.0,7.98,17.0,2021-11-13 00:00:00,Viktor Malmrot,Gävle-9,8.0,2.0,35.0,2.46,14.6,2021-11-07 00:00:00,Stefan Persson,Eskilstuna-4,8.0,2.0,30.0,2.58,15.3,2021-10-26 00:00:00,Lovisa Gustafsson Dahlbäck,Eskilstuna-7,8.0,2.0,35.0,45.07,14.3,2140.0,2140.0,2140.0,2160.0,2140.0,22,0,1,1,0,1,347.31779025430075,5.916079783099616,3935.030968151612,3643.130763542206,3935.030968151612,21.0,16.0,19.0,6.0,12.0,13.0,0.014565679185930836,-0.014693059555579532,False,-0.0,9,15
2022-01-08,6,MANTORP,4782.0,Kim Eriksson,1.0,42.68,9.42,12266.0,3.0,2160.0,2140.0,1,6,s,6,1.0,2021-12-02 00:00:00,Lucas H Vikström,Gävle-5,5.0,5.0,35.0,5.28,16.4,2021-11-24 00:00:00,Kim Eriksson,Solvalla-10,5.0,7.0,110.0,26.03,16.0,2021-10-21 00:00:00,Ulf Ohlsson,Gävle-8,5.0,3.0,75.0,36.34,14.1,2021-10-05 00:00:00,Emilia Leo,Gävle-7,5.0,3.0,30.0,11.26,14.5,2021-09-23 00:00:00,Josefine Frank,Bollnäs-6,5.0,3.0,30.0,14.25,15.7,2140.0,2160.0,2140.0,2640.0,2140.0,24,1,0,1,1,1,878.0240901127003,572.6302284848314,3493.7958378281483,2209.670505430644,2209.670505430644,37.0,8.0,34.0,16.0,12.0,9.0,0.014565679185930836,-0.00907717879905163,False,-0.0,10,15
2022-01-08,6,MANTORP,2332.0,Gustav Johansson,1.0,36.72,8.41,18812.0,8.0,2160.0,2140.0,1,5,s,8,1.0,2021-12-23 00:00:00,Victor Rosleff,Halmstad-9,9.0,6.0,100.0,112.37,15.2,2021-07-16 00:00:00,Gustav Johansson,Axevalla-5,9.0,15.0,75.0,66.69,30.0,2021-06-30 00:00:00,Kevin Oscarsson,Solvalla-9,9.0,15.0,300.0,41.39,17.0,2021-06-09 00:00:00,Kevin Oscarsson,Vaggeryd-6,9.0,15.0,60.0,6.01,15.2,2021-05-29 00:00:00,Kevin Oscarsson,Solvalla-5,9.0,15.0,220.0,47.86,30.0,2140.0,2640.0,2140.0,2660.0,2140.0,23,0,1,1,0,0,900.1713130052182,8.660254037844387,17.320508075688775,7.745966692414834,14.832396974191326,16.0,160.0,16.0,21.0,11.0,14.0,0.014565679185930836,-0.013022067757352176,False,-0.0,11,15
2022-01-08,6,MANTORP,4101.0,Claes Sjöström,1.0,40.37,9.56,6968.0,6.0,2160.0,2140.0,1,6,s,20,1.0,2021-12-13 00:00:00,David Grundmann,Eskilstuna-3,5.0,6.0,25.0,5.04,16.9,2021-12-02 00:00:00,David Grundmann,Gävle-5,5.0,2.0,35.0,35.23,16.3,2021-11-19 00:00:00,Claes Sjöström,Solvalla-5,5.0,2.0,40.0,76.78,14.7,2021-10-28 00:00:00,Andre Schiller,Örebro-7,5.0,2.0,10.0,5.77,17.3,2021-10-13 00:00:00,Andre Schiller,Solvalla-10,5.0,2.0,60.0,285.8,14.8,2640.0,2140.0,2140.0,2100.0,2160.0,24,0,1,1,1,0,450.0856565026091,3935.030968151612,4206.725054048198,2103.362527024099,5152.164935300037,26.0,11.0,13.0,22.0,15.0,12.0,0.014565679185930836,-0.01046440262291014,False,-0.0,12,15
2022-01-08,6,MANTORP,6296.0,Anna Sedström,1.0,62.59,12.01,5846.0,4.0,2140.0,2140.0,1,6,s,15,1.0,2021-12-29 00:00:00,Anna Sedström,Örebro-9,10.0,5.0,100.0,13.3,16.3,2021-12-06 00:00:00,Anna Sedström,Eskilstuna-2,10.0,2.0,25.0,6.17,15.8,2021-11-23 00:00:00,Sofia Adolfsson,Eskilstuna-4,10.0,1.0,25.0,5.72,15.8,2021-11-01 00:00:00,Sofia Adolfsson,Mantorp-7,10.0,1.0,25.0,4.63,17.2,2021-10-05 00:00:00,Anna Sedström,Axevalla-5,10.0,1.0,10.0,7.9,16.4,2100.0,2140.0,2140.0,2160.0,2140.0,27,1,1,1,0,1,1484.131591025766,3325.708165221809,5483.165792142293,5483.165792142293,3467.858538298206,10.0,23.0,13.0,22.0,27.0,4.0,0.014565679185930836,-0.0014342286045232807,False,-0.0,13,15
2022-01-08,6,MANTORP,4966.0,Elias Strandberg,0.0,61.36,11.48,9250.0,1.0,2140.0,2140.0,1,5,s,20,0.0,2021-12-21 00:00:00,Marcus Schön,Eskilstuna-6,5.0,20.0,30.0,14.16,30.0,2021-12-10 00:00:00,Elias Strandberg,Solvalla-1,5.0,2.0,40.0,3.79,18.8,2021-12-02 00:00:00,Elias Strandberg,Gävle-10,5.0,1.0,30.0,23.25,17.6,2021-11-22 00:00:00,Elias Strandberg,Mantorp-7,5.0,1.0,25.0,43.76,16.9,2021-11-11 00:00:00,Elias Strandberg,Bergsåker-6,5.0,1.0,30.0,35.0,17.3,2640.0,2140.0,2640.0,2140.0,2140.0,27,0,1,0,0,0,0.4495980537908989,4206.725054048198,6006.507181794034,5483.165792142293,6006.507181794034,18.0,11.0,8.0,10.0,11.0,1.0,0.012987232870736201,-0.0033648673136452397,False,-0.0,14,15
2022-01-08,7,MANTORP,8653.0,Johnny Takter,55.0,2.2,1.33,28648.0,4.0,2140.0,2140.0,0,6,v,1,55.0,2021-12-26 00:00:00,Stefan Persson,Solvalla-6,9.0,15.0,250.0,9.75,14.3,2021-12-11 00:00:00,Stefan Persson,Åby-7,9.0,1.0,125.0,8.16,14.2,2021-11-20 00:00:00,Stefan Persson,Jägersro-11,9.0,2.0,125.0,2.57,11.7,2021-11-10 00:00:00,Stefan Persson,Jägersro-6,9.0,2.0,60.0,3.18,9.8,2021-10-30 00:00:00,Stefan Persson,Jägersro-5,9.0,2.0,125.0,88.11,11.5,2140.0,2640.0,2140.0,1640.0,1640.0,1,1,1,1,1,1,15.811388300841896,12260.73144313165,7436.509530762067,5152.164935300037,7436.509530762067,13.0,15.0,21.0,10.0,11.0,4.0,0.531078543823025,0.14031066367554595,True,28.06213273510919,1,1
2022-01-08,7,MANTORP,3253.0,Stefan Persson,23.0,3.75,1.45,29275.0,2.0,2140.0,2140.0,0,6,v,2,23.0,2021-12-26 00:00:00,Stefan Persson,Solvalla-12,9.0,1.0,220.0,5.89,12.6,2021-12-18 00:00:00,Stefan Persson,Romme-5,9.0,2.0,110.0,1.96,13.3,2021-12-05 00:00:00,Stefan Persson,Mantorp-7,9.0,1.0,50.0,1.74,14.8,2021-11-20 00:00:00,Stefan Persson,Jägersro-10,9.0,1.0,110.0,9.86,14.1,2021-11-09 00:00:00,Stefan Persson,Axevalla-4,9.0,1.0,25.0,1.99,13.6,2140.0,2140.0,2140.0,2640.0,2140.0,3,1,1,1,1,1,16265.698340872146,6976.064300232707,7754.367427987846,11501.58559756547,5483.165792142293,13.0,8.0,13.0,15.0,11.0,2.0,0.2248258989790798,-0.05705559230125479,False,-0.0,2,2
2022-01-08,7,MANTORP,4467.0,Robert Bergh,7.0,12.61,2.94,18899.0,1.0,2140.0,2140.0,0,7,v,3,7.0,2021-12-11 00:00:00,Robert Bergh,Åby-7,11.0,15.0,125.0,4.99,15.0,2021-12-01 00:00:00,Robert Bergh,Åby-9,11.0,1.0,125.0,4.58,12.1,2021-11-18 00:00:00,Stefan Persson,Åby-10,11.0,1.0,15.0,4.19,13.6,2021-11-06 00:00:00,Hannah Gustavsson,Åby-7,11.0,1.0,10.0,9.34,30.0,2021-07-30 00:00:00,Josefine Eilertsen,Biri-9,11.0,1.0,,19.5,15.0,2640.0,1640.0,2160.0,2140.0,1609.0,13,1,1,0,1,1,11.180339887498947,12260.73144313165,4247.24195949226,3467.858538298206,,28.0,10.0,13.0,12.0,99.0,1.0,0.07832029609202146,-0.0010664139775718728,False,-0.0,3,15
2022-01-08,7,MANTORP,7375.0,Johan Untersteiner,5.0,11.89,2.48,18519.0,5.0,2140.0,2140.0,0,8,v,5,5.0,2021-12-23 00:00:00,Johan Untersteiner,Halmstad-12,11.0,2.0,100.0,16.87,12.1,2021-10-30 00:00:00,Johan Untersteiner,Jägersro-5,11.0,4.0,125.0,54.86,11.2,2021-10-13 00:00:00,Johan Untersteiner,Solvalla-7,11.0,4.0,60.0,2.48,11.6,2021-10-03 00:00:00,Håkan B Johansson,Årjäng-10,11.0,4.0,50.0,9.18,13.6,2021-09-14 00:00:00,Johan Untersteiner,Jägersro-2,11.0,4.0,30.0,3.37,12.1,1640.0,1640.0,1640.0,2140.0,2140.0,12,1,1,1,1,1,6651.416330443618,2735.738970442854,1895.3755572212776,1730.233246056696,1340.2329094063966,16.0,54.0,17.0,10.0,19.0,5.0,0.055276272073961984,-0.03147521809371827,False,-0.0,4,15
2022-01-08,7,MANTORP,9420.0,Dante Kolgjini,5.0,7.08,2.15,26253.0,10.0,2140.0,2140.0,0,6,v,4,5.0,2021-12-23 00:00:00,Adrian Kolgjini,Halmstad-12,9.0,1.0,100.0,5.46,12.1,2021-12-08 00:00:00,Adrian Kolgjini,Jägersro-8,9.0,6.0,60.0,3.16,14.3,2021-11-18 00:00:00,Pierre Yves Verva,Vincennes-5,9.0,7.0,,24.6,12.6,2021-11-02 00:00:00,David Thomain,Vincennes-6,9.0,7.0,,5.3,15.3,2021-10-10 00:00:00,Per Lennartsson,Solvalla-10,9.0,7.0,200.0,34.85,12.2,1640.0,2140.0,2175.0,2700.0,2140.0,7,1,1,0,0,0,10966.331584284586,697.2697008005748,,,772.1344425735364,16.0,15.0,20.0,16.0,23.0,10.0,0.054698928821303734,-0.10077822104361342,False,-0.0,5,15
2022-01-08,7,MANTORP,5877.0,Mikael J Andersson,3.0,15.56,3.19,17547.0,3.0,2140.0,2140.0,0,7,v,8,3.0,2021-12-22 00:00:00,Mikael J Andersson,Solvalla-7,9.0,1.0,60.0,3.26,13.6,2021-12-11 00:00:00,Jonathan Carre,Åby-1,9.0,1.0,40.0,1.47,14.7,2021-11-22 00:00:00,Mikael J Andersson,Mantorp-8,9.0,2.0,50.0,3.08,15.8,2021-11-08 00:00:00,Julia Andersson,Färjestad-5,9.0,2.0,40.0,3.42,14.5,2021-10-13 00:00:00,Mikael J Andersson,Solvalla-7,9.0,2.0,60.0,19.85,11.5,2140.0,2140.0,3180.0,2180.0,1640.0,15,1,1,0,0,1,8494.48391898452,6935.717076596412,4703.261591751624,4206.725054048198,5152.164935300037,17.0,11.0,19.0,14.0,26.0,3.0,0.029168496682683596,-0.03750949118251671,False,-0.0,6,15
2022-01-08,7,MANTORP,7431.0,Ulf Ohlsson,1.0,29.08,5.04,22177.0,8.0,2140.0,2140.0,0,8,v,15,1.0,2021-12-29 00:00:00,Carl Johan Jepson,Örebro-5,10.0,2.0,100.0,14.53,13.8,2021-12-11 00:00:00,Peter Ingves,Åby-7,10.0,15.0,125.0,50.75,15.0,2021-11-06 00:00:00,Maria Törnqvist,Eskilstuna-10,10.0,20.0,125.0,84.68,30.0,2021-10-25 00:00:00,Maria Törnqvist,Årjäng-1,10.0,20.0,22.0,10.77,15.3,2021-10-03 00:00:00,Örjan Kihlström,Årjäng-10,10.0,20.0,50.0,8.86,13.6,2100.0,2640.0,2140.0,2660.0,2140.0,21,1,1,0,0,1,6651.416330443618,11.180339887498947,0.917738184280072,0.3850127711906194,0.5804285916064725,10.0,18.0,35.0,12.0,22.0,8.0,0.014565679185930836,-0.02052813565787505,False,-0.0,7,15
2022-01-08,7,MANTORP,5.0,Kevin Oscarsson,1.0,42.37,6.16,45314.0,9.0,2140.0,2140.0,0,5,h,20,1.0,2021-12-23 00:00:00,Stefan Persson,Halmstad-12,8.0,8.0,100.0,56.3,12.7,2021-12-11 00:00:00,Erik Adielsson,Åby-7,8.0,15.0,125.0,114.16,15.1,2021-11-20 00:00:00,Erik Adielsson,Jägersro-3,8.0,5.0,150.0,32.06,13.8,2021-11-07 00:00:00,Stefan Persson,Eskilstuna-12,8.0,5.0,800.0,200.46,12.9,2021-10-24 00:00:00,Stefan Persson,Solvalla-11,8.0,5.0,200.0,89.29,12.3,1640.0,2640.0,2160.0,2140.0,2140.0,24,1,1,0,1,1,331.1545195869232,11.180339887498947,1817.6825545790464,4197.758048749996,2098.879024374998,16.0,12.0,21.0,13.0,14.0,9.0,0.014565679185930836,-0.00925434307208389,False,-0.0,8,15
2022-01-08,7,MANTORP,3034.0,Hans Crebas,0.0,173.3,24.06,11039.0,12.0,2140.0,2140.0,0,13,v,7,0.0,2021-12-22 00:00:00,Markus Niklasson,Åby-6,2.0,6.0,100.0,36.74,14.1,2021-12-03 00:00:00,Markus Niklasson,Kalmar-8,2.0,4.0,35.0,31.9,13.7,2021-11-16 00:00:00,Henrik Johansson,Kalmar-4,2.0,3.0,35.0,42.27,13.8,2021-10-28 00:00:00,Henrik Johansson,Åby-6,2.0,3.0,40.0,32.67,14.0,2021-10-08 00:00:00,Henrik Johansson,Kalmar-7,2.0,3.0,10.0,4.34,14.7,2180.0,1640.0,2160.0,2180.0,2140.0,29,0,1,0,0,1,900.1713130052182,1447.6169935559349,2386.7169291026403,2551.5077222615173,1275.7538611307589,17.0,19.0,17.0,19.0,20.0,12.0,0.012987232870736201,0.007258778041198978,True,1.4517556082397955,9,15
2022-01-08,7,MANTORP,7442.0,Rikard N Skoglund,0.0,126.03,18.0,10966.0,6.0,2140.0,2140.0,0,13,v,15,0.0,2021-12-29 00:00:00,Mikael J Andersson,Örebro-5,11.0,15.0,100.0,97.11,14.7,2021-11-28 00:00:00,Paw Mahony,Momarken-1,11.0,4.0,,10.53,14.3,2021-10-28 00:00:00,Carl-Erik Lindblom,Örebro-3,11.0,3.0,10.0,10.42,14.2,2021-10-17 00:00:00,Gunnar Austevoll,Biri-6,11.0,3.0,,10.11,14.1,2021-10-05 00:00:00,Mikael J Andersson,Färjestad-4,11.0,3.0,60.0,145.15,11.3,2100.0,1640.0,2100.0,1609.0,1640.0,29,1,1,1,1,1,10.0,,1275.7538611307589,,3124.9459971558285,10.0,31.0,31.0,11.0,12.0,6.0,0.012987232870736201,0.005093025343508626,True,1.0186050687017252,10,15
2022-01-08,7,MANTORP,2112.0,Bengt A Nilsson,0.0,114.92,17.52,10630.0,11.0,2140.0,2140.0,0,11,v,6,0.0,2021-12-23 00:00:00,Bengt A Nilsson,Halmstad-12,4.0,4.0,100.0,62.33,12.4,2021-12-16 00:00:00,Peter Untersteiner,Halmstad-4,4.0,6.0,25.0,17.29,15.3,2021-11-11 00:00:00,Bengt A Nilsson,Åby-6,4.0,15.0,40.0,57.5,13.5,2021-11-06 00:00:00,Bengt A Nilsson,Åby-7,4.0,15.0,10.0,10.77,13.4,2021-10-12 00:00:00,Bengt A Nilsson,Jägersro-8,4.0,15.0,35.0,51.85,14.3,1640.0,2140.0,2140.0,2140.0,2140.0,29,1,1,1,1,1,2446.919322642204,450.0856565026091,6.324555320336759,3.1622776601683795,5.916079783099616,16.0,7.0,35.0,5.0,25.0,11.0,0.012987232870736201,0.004323146080626793,True,0.8646292161253587,11,15
2022-01-08,7,MANTORP,6256.0,Jim Oscarsson,0.0,108.11,15.93,14536.0,7.0,2140.0,2140.0,0,9,v,15,0.0,2021-11-16 00:00:00,Jim Oscarsson,Kalmar-4,1.0,4.0,35.0,37.87,13.9,2021-11-02 00:00:00,Kevin Oscarsson,Jägersro-8,1.0,15.0,35.0,42.48,13.0,2021-10-10 00:00:00,Leif Millerud,Solvalla-7,1.0,15.0,60.0,21.41,15.7,2021-09-29 00:00:00,Jim Oscarsson,Solvalla-2,1.0,15.0,60.0,37.72,13.6,2021-09-08 00:00:00,Jim Oscarsson,Solvalla-7,1.0,15.0,60.0,43.71,14.2,2160.0,2160.0,2640.0,2180.0,2640.0,29,0,0,1,0,1,1447.6169935559349,5.916079783099616,7.745966692414834,7.745966692414834,7.745966692414834,53.0,14.0,23.0,11.0,21.0,7.0,0.012987232870736201,0.003772287794372988,True,0.7544575588745976,12,15
