datum,bana,avd,startnr,häst,ålder,kön,kusk,lopp_dist,start,dist,pris,spår,streck,vodds,podds,kr,plac,h1_dat,h1_bana,h1_kusk,h1_plac,h1_dist,h1_spår,h1_odds,h1_pris,h1_kmtid,h2_dat,h2_bana,h2_kusk,h2_plac,h2_dist,h2_spår,h2_odds,h2_pris,h2_kmtid,h3_dat,h3_bana,h3_kusk,h3_plac,h3_dist,h3_spår,h3_odds,h3_pris,h3_kmtid,h4_dat,h4_bana,h4_kusk,h4_plac,h4_dist,h4_spår,h4_odds,h4_pris,h4_kmtid,h5_dat,h5_bana,h5_kusk,h5_plac,h5_dist,h5_spår,h5_odds,h5_pris,h5_kmtid,bins,h1_auto,h2_auto,h3_auto,h4_auto,h5_auto,h1_perf,h2_perf,h3_perf,h4_perf,h5_perf,senast,delta1,delta2,delta3,delta4
2022-07-10,jarlsberg,1,1,stumne fyr,8,v,eirik høitomt,1609.0,0,1609.0,200000.0,1.0,1.0,42.69,6.225,16023.0,15,2022-06-25,orkla-7,eirik høitomt,15.0,2300.0,5.0,24.7,144.0,22.6,2022-06-16,momarken-5,eirik høitomt,3.0,1640.0,5.0,6.4,17.0,22.6,2022-05-31,jarlsberg-7,eirik høitomt,15.0,2120.0,5.0,18.3,29.0,23.0,2022-05-07,åby-1,erlend rennesvik,15.0,2160.0,5.0,21.59,125.0,23.0,2022-04-16,klosterskogen-9,eirik høitomt,15.0,2100.0,5.0,62.0,192.0,23.4,24,1,1,0,0,1,12.0,1663.3795279860417,5.385164807134504,11.180339887498949,13.856406460551018,15.0,9.0,16.0,24.0,21.0
2022-07-10,jarlsberg,1,2,nordsjö odin,7,h,øystein tjomsland,1609.0,0,1609.0,200000.0,2.0,1.0,46.97,4.29,65434.0,2,2022-07-02,momarken-9,erlend rennesvik,4.0,2140.0,,1.65,,23.7,2022-05-31,jarlsberg-7,öystein tjomsland,4.0,2120.0,,10.5,,22.5,2022-05-11,forus-6,öystein tjomsland,2.0,1620.0,,2.3,,22.0,2022-04-30,forus-2,öystein tjomsland,2.0,1600.0,,4.4,,22.0,2021-11-17,bergsåker-8,rikard n skoglund,2.0,1640.0,,52.2,60.0,26.8,25,1,0,0,1,0,,,,,5152.164935300037,8.0,32.0,20.0,11.0,164.0
2022-07-10,jarlsberg,1,3,g. jerken,9,h,ole gaute gudmestad,1609.0,0,1609.0,200000.0,3.0,0.0,47.64,4.425,17780.0,4,2022-06-13,bergen-2,ole gaute gudmestad,1.0,1620.0,1.0,1.2,17.0,22.5,2022-05-31,jarlsberg-7,ole gaute gudmestad,15.0,2120.0,1.0,9.5,29.0,22.7,2022-05-11,forus-6,ole gaute gudmestad,3.0,1620.0,1.0,9.3,17.0,22.5,2022-04-30,forus-2,ole gaute gudmestad,3.0,1600.0,1.0,2.8,72.0,22.6,2022-04-02,bjerke-8,ole gaute gudmestad,3.0,2140.0,1.0,51.0,144.0,30.0,25,0,0,0,1,0,4521.53434475524,5.385164807134504,1663.3795279860417,3423.206827255444,4841.145521912821,27.0,13.0,20.0,11.0,28.0
2022-07-10,jarlsberg,1,4,ramstad balder,10,h,adrian solberg akselsen,1609.0,0,1609.0,200000.0,4.0,1.0,60.07,5.345000000000001,12730.0,15,2022-06-22,norge-6,adrian solberg akselsen,1.0,1620.0,6.0,1.8,15.0,25.0,2022-06-03,rättvik-8,adrian solberg akselsen,2.0,1660.0,6.0,2.6,50.0,21.6,2022-05-01,norge-6,adrian solberg akselsen,1.0,1620.0,6.0,1.9,15.0,23.8,2022-04-15,färjestad-8,adrian solberg akselsen,1.0,1660.0,6.0,4.47,100.0,22.4,2022-02-12,forus-9,adrian solberg akselsen,1.0,2040.0,6.0,10.8,58.0,29.1,27,0,0,0,0,0,4247.24195949226,4703.261591751624,4247.24195949226,10966.331584284586,8351.70931495805,18.0,19.0,33.0,16.0,62.0
2022-07-10,jarlsberg,1,5,todin,8,h,vidar hop,1609.0,0,1609.0,200000.0,5.0,4.0,12.66,2.38,18090.0,15,2022-06-25,orkla-7,vidar hop,1.0,2300.0,1.0,5.4,144.0,22.3,2022-06-12,bjerke-10,vidar hop,15.0,1609.0,1.0,68.23,240.0,21.7,2022-05-29,solvalla-5,vidar hop,15.0,1640.0,1.0,42.1,1000.0,20.4,2022-05-14,jarlsberg-9,vidar hop,15.0,2100.0,1.0,1.5,58.0,22.9,2022-05-07,åby-1,vidar hop,15.0,2160.0,1.0,1.81,125.0,22.9,13,1,1,1,1,0,13159.597901141504,15.491933384829668,31.622776601683793,7.615773105863909,11.180339887498949,15.0,13.0,14.0,15.0,7.0
2022-07-10,jarlsberg,1,6,odd herakles,12,h,tom erik solberg,1609.0,0,1609.0,200000.0,6.0,90.0,1.06,1.085,84172.0,1,2022-06-25,finland-11,tom erik solberg,2.0,1609.0,4.0,1.9,,19.6,2022-05-29,solvalla-5,tom erik solberg,1.0,1640.0,4.0,3.15,1000.0,20.0,2022-04-16,klosterskogen-9,tom erik solberg,1.0,2100.0,4.0,1.1,192.0,22.3,2022-03-19,momarken-7,tom erik solberg,1.0,2160.0,4.0,1.4,144.0,22.5,2022-03-09,bjerke-5,tom erik solberg,1.0,2100.0,4.0,1.0,38.0,25.6,0,1,1,1,0,1,,34678.585382982055,15195.394781302562,13159.597901141504,6760.100797936486,15.0,27.0,43.0,28.0,10.0
2022-07-10,jarlsberg,1,7,ulsrud tea,15,s,svein ove wassberg,1609.0,0,1609.0,200000.0,7.0,3.0,22.53,2.135,39500.0,5,2022-06-12,bjerke-10,svein ove wassberg,6.0,1609.0,10.0,25.81,240.0,21.1,2022-05-30,forus-9,svein ove wassberg,1.0,2080.0,10.0,1.1,15.0,23.1,2022-05-11,forus-6,svein ove wassberg,1.0,1620.0,10.0,1.9,17.0,21.7,2022-04-30,forus-2,svein ove wassberg,1.0,1600.0,10.0,2.2,72.0,21.9,2022-04-16,klosterskogen-9,svein ove wassberg,1.0,2100.0,10.0,13.8,192.0,23.3,19,1,0,0,1,1,1394.5394016011496,4247.24195949226,4521.53434475524,9305.240913585416,15195.394781302562,28.0,13.0,19.0,11.0,14.0
2022-07-10,jarlsberg,1,8,brenne banker,8,h,åsbjørn tengsareid,1609.0,0,1609.0,200000.0,8.0,1.0,91.59,5.37,19932.0,3,2022-06-25,orkla-7,åsbjørn tengsareid,20.0,2300.0,4.0,7.8,144.0,30.0,2022-06-16,momarken-5,åsbjørn tengsareid,20.0,1640.0,4.0,1.6,17.0,30.0,2022-05-31,jarlsberg-7,åsbjørn tengsareid,6.0,2120.0,4.0,7.0,29.0,22.7,2022-05-10,bjerke-1,åsbjørn tengsareid,6.0,2100.0,4.0,1.5,34.0,23.8,2022-04-16,klosterskogen-9,åsbjørn tengsareid,6.0,2100.0,4.0,59.8,192.0,23.0,29,1,1,0,1,1,0.9850199834867855,0.33844511960501505,484.7570875187759,524.8855623253158,1247.3139597128197,15.0,9.0,16.0,21.0,24.0
2022-07-10,jarlsberg,1,9,alsaker pumbaa,11,h,dag-sveinung dalen,1609.0,0,1609.0,200000.0,9.0,0.0,125.5,8.325,6481.0,15,2022-06-14,sörlandet-7,åsbjørn tengsareid,5.0,2160.0,7.0,9.2,29.0,23.6,2022-05-27,solvalla-8,jorma kontio,15.0,640.0,7.0,10.75,100.0,30.0,2022-05-14,jarlsberg-9,åsbjørn tengsareid,4.0,2100.0,7.0,20.0,58.0,23.2,2022-04-26,bjerke-7,åsbjørn tengsareid,4.0,2100.0,7.0,6.6,34.0,26.0,2022-04-16,klosterskogen-6,åsbjørn tengsareid,4.0,2100.0,7.0,22.5,96.0,25.5,29,0,1,1,1,1,799.2293213148495,10.0,1863.5182369597228,1426.7868860894137,2397.481512892016,26.0,18.0,13.0,18.0,10.0
2022-07-10,jarlsberg,1,10,vetle petter,10,h,arnt-sverre røren,1609.0,0,1609.0,200000.0,10.0,0.0,81.91,16.225,10321.0,6,2022-06-16,momarken-5,arnt-sverre røren,2.0,1640.0,4.0,13.3,17.0,22.4,2022-05-31,jarlsberg-7,arnt-sverre røren,15.0,2120.0,4.0,78.1,29.0,23.3,2022-05-22,jarlsberg-3,arnt-sverre røren,3.0,2100.0,4.0,3.99,17.0,23.9,2022-05-14,jarlsberg-9,arnt-sverre røren,3.0,2100.0,4.0,58.8,58.0,23.3,2022-04-16,klosterskogen-6,arnt-sverre røren,3.0,2100.0,4.0,56.6,96.0,25.3,29,1,0,1,1,1,2742.4492090377257,5.385164807134504,1663.3795279860417,3072.4221556130965,3952.7787664153902,24.0,16.0,9.0,8.0,28.0
2022-07-10,jarlsberg,2,1,oh u. sexylady,6,s,alexander heisholt,2600.0,1,2600.0,100000.0,1.0,2.0,47.8,12.085,4190.0,7,2022-06-30,klosterskogen-6,alexander heisholt,15.0,2100.0,2.0,8.7,15.0,16.4,2022-06-18,klosterskogen-7,alexander heisholt,15.0,2100.0,2.0,12.8,48.0,17.6,2022-06-07,bjerke-4,alexander heisholt,15.0,2100.0,2.0,4.24,34.0,16.4,2022-03-08,sörlandet-4,alexander heisholt,15.0,2160.0,2.0,5.8,23.0,23.3,2022-02-12,forus-8,alexander heisholt,15.0,2040.0,2.0,6.3,48.0,19.0,25,1,1,1,0,1,3.872983346207417,6.928203230275509,5.830951894845301,4.795831523312719,6.928203230275509,10.0,12.0,11.0,91.0,24.0
2022-07-10,jarlsberg,2,2,fat rabbit,4,v,örjan kihlström,2600.0,1,2600.0,100000.0,2.0,31.0,2.33,1.6400000000000001,24560.0,1,2022-06-10,bollnäs-8,örjan kihlström,1.0,2640.0,1.0,1.28,40.0,15.6,2022-05-25,romme-2,örjan kihlström,4.0,2140.0,1.0,1.19,30.0,16.7,2022-05-04,solvalla-6,örjan kihlström,1.0,2140.0,1.0,1.34,40.0,15.3,2022-04-13,solvalla-3,örjan kihlström,1.0,2140.0,1.0,2.57,40.0,14.9,2022-03-31,gävle-5,mats e djuse,1.0,2140.0,1.0,1.71,25.0,18.2,1,0,0,1,0,0,6935.717076596412,1340.2329094063966,6935.717076596412,6935.717076596412,5483.165792142293,30.0,16.0,21.0,21.0,13.0
2022-07-10,jarlsberg,2,3,frostythetiger d.c.,5,v,åsbjørn tengsareid,2600.0,1,2600.0,100000.0,3.0,2.0,50.99,12.33,11463.0,15,2022-06-18,klosterskogen-4,alexander heisholt,15.0,2100.0,6.0,7.3,38.0,20.0,2022-06-02,sörlandet-5,alexander heisholt,4.0,2160.0,6.0,4.3,15.0,16.9,2022-03-12,forus-6,åsbjørn tengsareid,2.0,2040.0,6.0,2.1,48.0,16.6,2022-03-03,klosterskogen-2,adrian solberg akselsen,2.0,2100.0,6.0,1.13,15.0,17.8,2022-02-10,sörlandet-5,alexander heisholt,2.0,2140.0,6.0,1.39,15.0,16.8,26,1,0,0,1,0,6.164414002968976,947.6877786106388,4608.236410648675,2576.0824676500183,2576.0824676500183,22.0,16.0,82.0,9.0,21.0
2022-07-10,jarlsberg,2,4,mc burney,5,v,erlend rennesvik,2600.0,1,2600.0,100000.0,4.0,12.0,5.67,3.0549999999999997,7472.0,20,2022-05-21,biri-4,erlend rennesvik,20.0,2100.0,5.0,2.2,38.0,30.0,2022-04-23,sörlandet-5,erlend rennesvik,3.0,2140.0,5.0,4.1,48.0,14.3,2022-04-06,bjerke-8,erlend rennesvik,2.0,2100.0,5.0,3.1,29.0,14.6,2022-03-14,bjerke-3,erlend rennesvik,2.0,2100.0,5.0,3.1,15.0,15.4,2022-03-01,bjerke-6,vidar hop,2.0,2100.0,5.0,3.0,21.0,30.0,6,1,1,1,1,1,0.5060059149508509,2795.036670262519,3581.8973140304697,2576.0824676500183,3048.061881292329,50.0,28.0,17.0,23.0,13.0
2022-07-10,jarlsberg,2,5,yarrah classic,6,h,kristian malmin,2600.0,1,2600.0,100000.0,5.0,15.0,7.2,2.0,9012.0,2,2022-06-28,bjerke-3,patrick larsen,4.0,2100.0,2.0,1.7,29.0,15.5,2022-06-12,bjerke-3,kristian malmin,2.0,2100.0,2.0,4.29,29.0,14.5,2022-05-18,momarken-3,patrick larsen,1.0,2140.0,2.0,1.7,15.0,15.9,2022-04-22,jarlsberg-5,kristian malmin,1.0,2100.0,2.0,3.8,15.0,15.2,2022-04-06,bjerke-4,kristian malmin,1.0,2100.0,2.0,22.0,19.0,15.6,8,1,1,1,1,1,1317.7063822190196,3581.8973140304697,4247.24195949226,4247.24195949226,4780.11311572548,12.0,16.0,25.0,26.0,16.0
2022-07-10,jarlsberg,2,6,kadans transs r.,5,h,magnus teien gundersen,2600.0,1,2600.0,100000.0,6.0,4.0,23.63,4.515,3630.0,15,2022-06-28,bjerke-6,åsbjørn tengsareid,3.0,2100.0,11.0,39.7,21.0,14.4,2022-04-27,momarken-5,magnus teien gundersen,15.0,1640.0,11.0,2.4,15.0,16.0,2022-03-22,bjerke-6,magnus teien gundersen,15.0,2100.0,11.0,7.9,21.0,15.8,2022-03-08,sörlandet-4,magnus teien gundersen,15.0,2140.0,11.0,1.8,23.0,17.0,2022-02-23,jarlsberg-3,magnus teien gundersen,15.0,2100.0,11.0,4.1,15.0,15.7,19,1,1,1,0,1,1848.7429837051666,3.872983346207417,4.58257569495584,4.795831523312719,3.872983346207417,12.0,62.0,36.0,14.0,13.0
2022-07-10,jarlsberg,2,7,badlands,6,v,eirik høitomt,2600.0,1,2620.0,100000.0,1.0,1.0,74.42,14.0,4379.0,5,2022-06-23,forus-9,pål buer,3.0,2040.0,11.0,27.0,15.0,15.4,2022-06-08,forus-5,kenneth handeland,3.0,2040.0,11.0,42.1,17.0,16.5,2022-05-11,forus-7,kenneth handeland,6.0,2040.0,11.0,10.6,15.0,16.7,2022-03-12,forus-4,kenneth handeland,6.0,2040.0,11.0,21.3,48.0,16.4,2022-01-31,forus-7,kenneth handeland,6.0,2040.0,11.0,10.27,17.0,15.8,28,1,1,1,0,1,1562.4729985779143,1663.3795279860417,348.6348504002874,623.6569798564099,371.1501404671451,17.0,15.0,28.0,60.0,40.0
2022-07-10,jarlsberg,2,8,apollo creed,5,v,per oleg midtfjeld,2600.0,1,2620.0,100000.0,2.0,6.0,28.46,4.355,10822.0,15,2022-06-11,bjerke-9,per oleg midtfjeld,5.0,2100.0,11.0,28.3,96.0,13.7,2022-06-01,bjerke-6,per oleg midtfjeld,2.0,2100.0,11.0,14.38,29.0,14.6,2022-05-15,bjerke-6,per oleg midtfjeld,2.0,2100.0,11.0,7.93,17.0,14.0,2022-04-19,bjerke-6,per oleg midtfjeld,2.0,2100.0,11.0,13.2,29.0,14.6,2022-03-30,momarken-3,per oleg midtfjeld,2.0,1640.0,11.0,2.34,15.0,14.8,21,1,1,1,1,1,1454.1460436632372,3581.8973140304697,2742.4492090377257,3581.8973140304697,2576.0824676500183,29.0,10.0,17.0,26.0,20.0
2022-07-10,jarlsberg,2,9,glide for the win,4,s,nicklas korfitsen,2600.0,1,2620.0,100000.0,3.0,17.0,7.82,2.3600000000000003,26697.0,4,2022-06-12,bjerke-9,bo westergaard,1.0,2140.0,,13.06,,14.8,2022-05-15,charlottenlund-10,nicklas korfitsen,6.0,2000.0,,33.26,,13.2,2022-04-18,ålborg-7,nicklas korfitsen,1.0,2160.0,,8.89,,15.8,2022-04-03,skive-2,nicklas korfitsen,1.0,2060.0,,2.16,,15.9,2022-03-19,ålborg-6,bo westergaard,1.0,1640.0,,2.74,,15.0,8,0,1,0,1,1,,,,,,28.0,28.0,27.0,15.0,15.0
2022-07-10,jarlsberg,2,10,emotion u.m.,6,s,simen bjørbæk jessen,2600.0,1,2620.0,100000.0,4.0,0.0,227.0,25.905,4749.0,15,2022-03-26,jarlsberg-3,vidar hop,15.0,3120.0,1.0,73.91,58.0,17.1,2022-03-19,momarken-8,ole johan østre,20.0,2140.0,1.0,85.1,106.0,30.0,2022-03-06,momarken-8,vidar hop,3.0,1640.0,1.0,3.66,17.0,15.2,2022-02-21,sörlandet-3,vidar hop,3.0,2140.0,1.0,6.69,17.0,16.4,2022-02-16,jarlsberg-2,dag-sveinung dalen,3.0,2100.0,1.0,3.62,15.0,16.4,29,0,0,1,0,1,7.615773105863909,0.8451167859550889,1663.3795279860417,1663.3795279860417,1562.4729985779143,106.0,7.0,13.0,13.0,5.0
2022-07-10,jarlsberg,2,11,ivo baldwin,7,v,bo westergaard,2600.0,1,2620.0,100000.0,5.0,4.0,21.22,3.9699999999999998,5227.0,15,2022-04-06,bjerke-6,dag-sveinung dalen,15.0,1609.0,11.0,44.6,38.0,15.0,2022-03-26,jarlsberg-3,eirik høitomt,15.0,3120.0,11.0,57.54,58.0,17.0,2022-03-19,momarken-4,dag-sveinung dalen,5.0,1640.0,11.0,72.5,29.0,15.2,2022-03-11,biri-3,silje hogner,5.0,2120.0,11.0,20.83,13.0,18.4,2022-02-09,momarken-4,åsbjørn tengsareid,5.0,2140.0,11.0,9.63,15.0,20.2,18,1,0,1,0,1,6.164414002968976,7.615773105863909,799.2293213148495,535.1112550979351,574.8016935623109,95.0,11.0,7.0,8.0,30.0
2022-07-10,jarlsberg,2,12,jonathan bank a.b.,5,v,adrian solberg akselsen,2600.0,1,2620.0,100000.0,6.0,3.0,13.57,3.105,13459.0,6,2022-07-02,momarken-3,adrian solberg akselsen,15.0,2660.0,3.0,10.89,67.0,30.0,2022-06-21,bjerke-8,adrian solberg akselsen,15.0,2100.0,3.0,10.0,29.0,14.4,2022-06-12,bjerke-13,magnus teien gundersen,15.0,1609.0,3.0,19.18,29.0,14.3,2022-03-19,momarken-4,ole johan østre,15.0,1640.0,3.0,3.2,29.0,30.0,2021-09-12,bjerke-10,ole johan østre,15.0,2600.0,3.0,102.1,960.0,15.2,14,0,1,1,1,1,8.18535277187245,5.385164807134504,5.385164807134504,5.385164807134504,30.983866769659336,8.0,11.0,9.0,85.0,188.0
2022-07-10,jarlsberg,2,13,radagast ammik,6,v,vidar hop,2600.0,1,2620.0,100000.0,7.0,3.0,38.13,8.51,7797.0,15,2022-07-01,sörlandet-7,vidar hop,4.0,2140.0,3.0,2.1,17.0,15.7,2022-06-01,bjerke-10,vidar hop,4.0,1609.0,3.0,12.46,38.0,13.0,2022-05-16,klosterskogen-6,vidar hop,1.0,2100.0,3.0,2.9,15.0,14.6,2022-05-08,biri-5,vidar hop,1.0,2100.0,3.0,2.58,17.0,14.4,2022-04-25,bjerke-3,vidar hop,1.0,1609.0,3.0,3.0,15.0,12.5,23,1,1,1,1,1,1008.8906824618626,1508.3823736630964,4247.24195949226,4521.53434475524,4247.24195949226,9.0,30.0,16.0,8.0,13.0
2022-07-10,jarlsberg,2,14,la moss,5,v,gøran antonsen,2600.0,1,2620.0,100000.0,8.0,1.0,75.7,10.855,9199.0,3,2022-07-01,årjäng-10,göran antonsen,1.0,1640.0,1.0,3.23,10.0,14.4,2022-06-22,norge-1,gøran antonsen,15.0,1620.0,1.0,10.5,15.0,19.2,2022-06-07,bjerke-7,gøran antonsen,15.0,2100.0,1.0,40.9,29.0,15.0,2022-04-27,momarken-8,gøran antonsen,15.0,2660.0,1.0,6.4,17.0,17.1,2022-04-19,bjerke-6,gøran antonsen,15.0,2100.0,1.0,11.4,29.0,14.9,29,1,0,1,0,1,3467.858538298206,3.872983346207417,5.385164807134504,4.123105625617661,5.385164807134504,9.0,9.0,15.0,41.0,8.0
2022-07-10,jarlsberg,2,15,folsom cash,7,v,dag-sveinung dalen,2600.0,1,2620.0,100000.0,9.0,1.0,121.6,25.665,4148.0,15,2022-05-17,orkla-5,dag-sveinung dalen,2.0,2300.0,4.0,1.6,19.0,15.2,2022-04-24,orkla-5,dag-sveinung dalen,1.0,2300.0,4.0,5.2,15.0,15.0,2022-04-17,orkla-5,dag-sveinung dalen,4.0,2300.0,4.0,7.63,38.0,16.7,2022-04-03,orkla-6,thea indrebø,4.0,2300.0,4.0,5.14,13.0,16.4,2022-03-18,östersund-8,arve sjoner,4.0,2140.0,4.0,56.34,30.0,15.8,29,1,1,1,1,1,2899.285161581987,4247.24195949226,1508.3823736630964,882.2493084710079,1340.2329094063966,54.0,23.0,7.0,14.0,16.0
2022-07-10,jarlsberg,3,1,creek's nu love,4,s,dag-sveinung dalen,1609.0,0,1609.0,200000.0,1.0,23.0,4.07,2.065,40194.0,6,2022-06-26,jarlsberg-2,dag-sveinung dalen,1.0,1609.0,4.0,7.87,29.0,11.0,2022-06-11,östersund-8,ailin berg-almaas,7.0,2140.0,4.0,69.92,110.0,15.2,2022-05-21,biri-8,dag-sveinung dalen,4.0,2100.0,4.0,15.6,96.0,14.4,2022-05-09,orkla-8,dag-sveinung dalen,4.0,1800.0,4.0,7.09,15.0,13.6,2021-10-23,momarken-10,dag-sveinung dalen,4.0,2140.0,4.0,9.3,288.0,14.6,3,1,1,1,1,1,5905.550291105692,572.6302284848314,2397.481512892016,947.6877786106388,4152.55979053607,14.0,15.0,21.0,12.0,198.0
2022-07-10,jarlsberg,3,2,readyforwine,4,s,magnus teien gundersen,1609.0,0,1609.0,200000.0,2.0,48.0,1.74,1.345,86944.0,1,2022-06-26,jarlsberg-1,magnus teien gundersen,1.0,1609.0,5.0,1.27,29.0,12.8,2022-05-21,biri-8,magnus teien gundersen,1.0,2100.0,5.0,3.4,96.0,13.9,2022-05-14,jarlsberg-8,magnus teien gundersen,15.0,2100.0,5.0,12.3,96.0,14.4,2021-10-23,momarken-10,magnus teien gundersen,15.0,2140.0,5.0,2.2,288.0,14.2,2021-10-10,momarken-4,magnus teien gundersen,15.0,2140.0,5.0,1.12,29.0,15.9,0,1,1,1,1,1,5905.550291105692,10744.766692665717,9.797958971132712,16.97056274847714,5.385164807134504,14.0,36.0,7.0,203.0,13.0
2022-07-10,jarlsberg,3,3,i'll follow the sun,4,s,frode hamre,1609.0,0,1609.0,200000.0,3.0,7.0,16.4,2.785,25626.0,15,2022-06-26,jarlsberg-3,frode hamre,1.0,1609.0,4.0,2.21,29.0,13.0,2022-06-19,jarlsberg-5,magnus teien gundersen,2.0,1609.0,4.0,12.41,17.0,12.8,2022-05-31,jarlsberg-1,magnus teien gundersen,15.0,2120.0,4.0,2.5,29.0,20.7,2022-05-21,biri-8,frode hamre,15.0,2100.0,4.0,21.1,96.0,15.0,2022-03-15,bjerke-7,magnus teien gundersen,15.0,2100.0,4.0,6.7,34.0,15.0,15,1,1,0,1,1,5905.550291105692,2742.4492090377257,5.385164807134504,9.797958971132712,5.830951894845301,14.0,7.0,19.0,10.0,67.0
2022-07-10,jarlsberg,3,4,katja b.r.,4,s,bjørn goop,1609.0,0,1609.0,200000.0,4.0,13.0,7.14,2.16,10233.0,3,2022-06-26,jarlsberg-3,adrian solberg akselsen,2.0,1609.0,7.0,2.74,29.0,13.0,2022-04-29,biri-6,adrian solberg akselsen,1.0,2100.0,7.0,9.0,15.0,14.4,2022-03-19,momarken-3,ole johan østre,6.0,2140.0,7.0,3.0,29.0,16.2,2022-03-09,bjerke-8,ole johan østre,6.0,2100.0,7.0,5.9,38.0,15.3,2022-01-11,bjerke-4,ole johan østre,6.0,2100.0,7.0,7.95,29.0,15.9,8,1,1,1,1,1,3581.8973140304697,4247.24195949226,484.7570875187759,554.9028646960336,484.7570875187759,14.0,58.0,41.0,10.0,57.0
2022-07-10,jarlsberg,3,5,nelson bright eagle,4,s,tom erik solberg,1609.0,0,1609.0,200000.0,5.0,2.0,47.57,4.61,17802.0,5,2022-06-26,jarlsberg-1,tom erik solberg,2.0,1609.0,1.0,14.48,29.0,13.5,2022-06-12,bjerke-13,tom erik solberg,15.0,1609.0,1.0,9.56,29.0,14.2,2022-05-14,jarlsberg-4,tom erik solberg,1.0,2100.0,1.0,11.5,48.0,13.7,2022-04-30,forus-8,tom erik solberg,1.0,2060.0,1.0,6.2,48.0,16.1,2021-12-18,bjerke-4,tom erik solberg,1.0,2100.0,1.0,10.6,96.0,30.0,25,1,1,1,0,1,3581.8973140304697,5.385164807134504,7597.697390651281,7597.697390651281,10744.766692665717,14.0,14.0,29.0,14.0,133.0
2022-07-10,jarlsberg,3,6,mie frecel,4,s,per oleg midtfjeld,1609.0,0,1609.0,200000.0,6.0,0.0,111.65,9.469999999999999,7402.0,4,2022-06-26,jarlsberg-3,per oleg midtfjeld,3.0,1609.0,1.0,12.35,29.0,13.3,2022-06-11,bjerke-1,erlend rennesvik,2.0,2100.0,1.0,11.7,19.0,14.3,2022-05-31,jarlsberg-3,dag-sveinung dalen,6.0,2100.0,1.0,16.5,19.0,15.3,2022-05-15,bjerke-4,erlend rennesvik,6.0,2100.0,1.0,36.11,15.0,15.6,2022-05-03,bjerke-4,erlend rennesvik,6.0,2100.0,1.0,13.3,21.0,16.3,29,1,1,1,1,1,2172.5305409018106,2899.285161581987,392.3755785264066,348.6348504002874,412.5103180274198,14.0,15.0,11.0,16.0,12.0
2022-07-10,jarlsberg,3,7,quadrillion tile,4,s,kristian malmin,1609.0,0,1609.0,200000.0,7.0,1.0,82.55,6.535,18125.0,15,2022-06-26,jarlsberg-1,kristian malmin,3.0,1609.0,4.0,4.5,29.0,13.5,2022-06-12,bjerke-9,kristian malmin,2.0,2140.0,4.0,23.08,106.0,15.0,2022-05-21,biri-8,kristian malmin,2.0,2100.0,4.0,27.4,96.0,14.0,2022-05-10,bjerke-3,patrick larsen,2.0,2100.0,4.0,4.3,21.0,15.5,2022-04-12,bjerke-5,kristian malmin,2.0,2100.0,4.0,6.1,34.0,15.4,29,1,0,1,1,1,2172.5305409018106,6848.052245196846,6517.030430560868,3048.061881292329,3878.408865540519,14.0,14.0,22.0,11.0,28.0
2022-07-10,jarlsberg,3,8,kim b.r.,4,s,geir vegard gundersen,1609.0,0,1609.0,200000.0,8.0,1.0,55.17,5.28,20837.0,2,2022-06-26,jarlsberg-2,magnus teien gundersen,4.0,1609.0,1.0,5.85,29.0,11.5,2022-06-19,jarlsberg-5,geir vegard gundersen,5.0,1609.0,1.0,8.93,17.0,13.2,2022-05-31,jarlsberg-1,geir vegard gundersen,3.0,2120.0,1.0,10.6,29.0,15.6,2022-05-21,biri-8,geir vegard gundersen,3.0,2100.0,1.0,24.8,96.0,15.1,2022-04-08,åby-7,magnus teien gundersen,3.0,2140.0,1.0,11.64,30.0,14.9,26,1,1,0,1,1,1317.7063822190196,611.9231312115226,2172.5305409018106,3952.7787664153902,2209.670505430644,14.0,7.0,19.0,10.0,43.0
2022-07-10,jarlsberg,3,9,fairytale e.p.,4,s,adrian solberg akselsen,1609.0,0,1609.0,200000.0,9.0,2.0,33.06,3.875,13613.0,15,2022-06-26,jarlsberg-2,adrian solberg akselsen,2.0,1609.0,7.0,45.0,29.0,11.2,2022-06-04,bergen-9,adrian solberg akselsen,4.0,1600.0,7.0,9.0,58.0,14.0,2022-05-14,jarlsberg-4,adrian solberg akselsen,6.0,2100.0,7.0,8.2,48.0,14.3,2022-04-16,klosterskogen-10,adrian solberg akselsen,6.0,2100.0,7.0,11.5,96.0,15.4,2021-10-26,bjerke-7,josefine eilertsen,6.0,2100.0,7.0,37.6,38.0,16.2,22,1,1,1,0,1,3581.8973140304697,1863.5182369597228,623.6569798564099,881.984159181579,554.9028646960336,14.0,22.0,21.0,28.0,172.0
2022-07-10,jarlsberg,3,10,i.d.excellent,4,s,tommy karlstedt,1609.0,0,1609.0,200000.0,10.0,4.0,15.31,2.685,19537.0,20,2022-06-26,jarlsberg-2,tommy karlstedt,3.0,1609.0,,8.13,,11.3,2022-06-08,tingsryd-3,tommy karlstedt,4.0,1609.0,,35.41,110.0,12.0,2022-05-23,mantorp-3,tommy karlstedt,3.0,1640.0,,30.08,25.0,13.1,2022-04-22,åby-2,tommy karlstedt,3.0,2140.0,,5.92,50.0,30.0,2021-12-01,åby-5,andré eklundh,3.0,2140.0,,3.92,50.0,15.0,15,1,1,1,1,1,,2566.350636345657,2017.1439674636756,2852.6723560462033,2852.6723560462033,14.0,18.0,16.0,31.0,142.0
2022-07-10,jarlsberg,4,1,legend act,5,v,bjørn goop,2100.0,0,2100.0,100000.0,1.0,8.0,11.68,2.375,21497.0,3,2022-06-11,bjerke-6,vidar hop,15.0,2100.0,11.0,5.2,48.0,13.7,2022-06-01,bjerke-9,vidar hop,3.0,2100.0,11.0,10.82,38.0,14.2,2022-05-03,bjerke-7,vidar hop,1.0,2100.0,11.0,8.5,34.0,13.8,2022-04-19,bjerke-7,vidar hop,1.0,2100.0,11.0,5.7,34.0,14.6,2022-03-19,momarken-11,vidar hop,1.0,2140.0,11.0,9.1,106.0,13.5,12,1,1,1,1,1,6.928203230275509,2486.9021038074957,6394.415193088607,6394.415193088607,11290.52939952181,29.0,10.0,29.0,14.0,31.0
2022-07-10,jarlsberg,4,2,anders u.s.,6,h,vidar hop,2100.0,0,2100.0,100000.0,2.0,2.0,36.25,4.505,10473.0,4,2022-06-14,sörlandet-1,vidar hop,3.0,2140.0,1.0,3.4,29.0,14.7,2022-05-25,norge-1,tom erik solberg,1.0,1900.0,1.0,2.0,17.0,15.8,2022-04-30,forus-10,vidar hop,20.0,1600.0,1.0,12.8,48.0,30.0,2022-04-11,sörlandet-1,vidar hop,20.0,2140.0,1.0,2.69,17.0,15.3,2022-03-29,bjerke-1,vidar hop,20.0,2100.0,1.0,1.6,34.0,14.4,23,0,0,1,1,1,2172.5305409018106,4521.53434475524,0.5687015526232563,0.33844511960501505,0.47863367826439657,26.0,20.0,25.0,19.0,13.0
2022-07-10,jarlsberg,4,3,elegant c n,6,v,bo westergaard,2100.0,0,2100.0,100000.0,3.0,37.0,2.61,1.465,13979.0,2,2022-05-29,solvalla-12,nicklas korfitsen,3.0,1640.0,2.0,4.97,150.0,10.6,2022-05-15,charlottenlund-12,bo westergaard,2.0,2000.0,2.0,11.82,110.0,11.7,2022-04-16,klosterskogen-8,bo westergaard,1.0,1700.0,2.0,1.9,96.0,13.0,2022-03-19,momarken-9,nicklas korfitsen,1.0,1640.0,2.0,4.2,106.0,13.0,2022-03-01,jägersro-3,bo westergaard,1.0,1640.0,2.0,3.14,40.0,11.5,1,1,1,1,1,1,4940.973458019238,6976.064300232707,10744.766692665717,11290.52939952181,6935.717076596412,42.0,14.0,29.0,28.0,18.0
2022-07-10,jarlsberg,4,4,oz,6,h,per oleg midtfjeld,2100.0,0,2100.0,100000.0,4.0,4.0,24.55,4.109999999999999,13215.0,5,2022-06-11,bjerke-6,per oleg midtfjeld,15.0,2100.0,7.0,6.7,48.0,30.0,2022-06-01,bjerke-3,per oleg midtfjeld,1.0,2100.0,7.0,7.03,38.0,13.4,2022-05-21,biri-6,eirik høitomt,15.0,1609.0,7.0,14.4,48.0,18.4,2022-04-19,bjerke-7,per oleg midtfjeld,15.0,2100.0,7.0,12.1,34.0,14.1,2022-04-06,bjerke-9,frode hamre,15.0,2100.0,7.0,3.6,38.0,14.5,19,1,1,1,1,1,6.928203230275509,6760.100797936486,6.928203230275509,5.830951894845301,6.164414002968976,29.0,10.0,11.0,32.0,13.0
2022-07-10,jarlsberg,4,5,milos ganador,6,v,örjan kihlström,2100.0,0,2100.0,100000.0,5.0,6.0,16.48,3.54,9939.0,15,2022-06-29,vaggeryd-6,victor rosleff,4.0,1646.0,1.0,27.75,60.0,12.5,2022-06-15,åmål-3,mikael j andersson,6.0,2900.0,1.0,35.93,60.0,17.0,2022-06-02,åby-9,peter ingves,15.0,2140.0,1.0,11.25,40.0,13.7,2022-05-22,tingsryd-4,peter ingves,15.0,3218.0,1.0,15.13,75.0,16.1,2022-05-08,vaggeryd-10,peter ingves,15.0,2148.0,1.0,82.65,35.0,13.6,15,1,0,1,1,1,1895.3755572212776,697.2697008005748,6.324555320336759,8.660254037844387,5.916079783099616,11.0,14.0,13.0,11.0,14.0
2022-07-10,jarlsberg,4,6,le rapide,8,v,dag-sveinung dalen,2100.0,0,2100.0,100000.0,6.0,0.0,145.02,13.38,11195.0,15,2022-06-22,norge-5,magnus teien gundersen,6.0,1600.0,9.0,14.3,15.0,15.8,2022-05-28,klosterskogen-3,dag-sveinung dalen,1.0,1700.0,9.0,5.02,15.0,14.5,2022-05-20,sörlandet-7,lars anvar kolle,5.0,2140.0,9.0,17.6,17.0,15.1,2022-04-28,klosterskogen-6,gunnar austevoll,5.0,2100.0,9.0,7.5,15.0,16.0,2022-04-16,klosterskogen-8,lars anvar kolle,5.0,1700.0,9.0,83.9,96.0,14.1,29,1,1,1,1,1,348.6348504002874,4247.24195949226,611.9231312115226,574.8016935623109,1454.1460436632372,18.0,25.0,8.0,22.0,12.0
2022-07-10,jarlsberg,4,7,skate trix,4,h,frode hamre,2100.0,0,2100.0,100000.0,7.0,13.0,10.63,2.565,22855.0,1,2022-06-25,orkla-6,vidar hop,2.0,2300.0,6.0,3.9,144.0,14.3,2022-06-12,bjerke-4,frode hamre,1.0,2100.0,6.0,5.0,106.0,12.8,2022-06-01,bjerke-3,frode hamre,3.0,2100.0,6.0,1.72,38.0,13.6,2022-05-15,charlottenlund-7,björn goop,3.0,2000.0,6.0,1.92,137.0,13.1,2022-05-01,jarlsberg-6,frode hamre,3.0,2100.0,6.0,1.61,17.0,14.4,11,1,1,1,1,1,7981.699596532342,11290.52939952181,2486.9021038074957,4722.012963176143,1663.3795279860417,15.0,13.0,11.0,17.0,14.0
2022-07-10,jarlsberg,4,8,take this society,4,h,magnus teien gundersen,2100.0,0,2100.0,100000.0,8.0,26.0,2.64,1.835,22693.0,15,2022-05-28,solvalla-13,erik adielsson,1.0,2140.0,5.0,3.48,100.0,11.5,2022-04-20,solvalla-9,erik adielsson,2.0,1640.0,5.0,5.71,60.0,11.5,2022-02-19,bjerke-8,frode hamre,6.0,1609.0,5.0,1.7,48.0,13.3,2022-02-01,bjerke-7,magnus teien gundersen,6.0,1609.0,5.0,1.38,29.0,12.8,2021-12-11,forus-7,åsbjørn tengsareid,6.0,2040.0,5.0,2.4,67.0,30.0,1,1,1,1,1,1,10966.331584284586,5152.164935300037,623.6569798564099,484.7570875187759,736.8219752067325,43.0,38.0,60.0,18.0,52.0
2022-07-10,jarlsberg,4,9,frick,8,v,eirik høitomt,2100.0,0,2100.0,100000.0,9.0,0.0,115.07,10.18,7556.0,15,2022-06-30,klosterskogen-5,eirik høitomt,2.0,2100.0,7.0,2.8,15.0,15.3,2022-06-21,bjerke-6,eirik høitomt,5.0,2100.0,7.0,19.6,29.0,14.1,2022-05-14,årjäng-8,erlend rennesvik,20.0,2140.0,7.0,27.99,30.0,30.0,2022-05-04,momarken-7,eirik høitomt,20.0,2140.0,7.0,8.5,17.0,15.0,2022-04-15,klosterskogen-4,eirik høitomt,20.0,2100.0,7.0,2.87,19.0,16.8,29,1,1,1,1,1,2576.0824676500183,799.2293213148495,0.4495980537908989,0.33844511960501505,0.3578002137822501,10.0,9.0,38.0,10.0,19.0
2022-07-10,jarlsberg,4,10,photo fighter,6,v,lars anvar kolle,2100.0,0,2100.0,100000.0,10.0,2.0,21.28,6.695,13090.0,15,2022-06-13,jarlsberg-4,lars anvar kolle,1.0,1609.0,7.0,18.8,15.0,12.1,2022-04-10,jarlsberg-1,lars anvar kolle,15.0,2100.0,7.0,8.42,17.0,16.2,2022-04-04,jarlsberg-4,lars anvar kolle,15.0,2100.0,7.0,12.1,15.0,16.9,2022-03-22,bjerke-5,lars anvar kolle,15.0,1609.0,7.0,23.9,34.0,30.0,2022-03-04,jarlsberg-6,tom erik solberg,15.0,2100.0,7.0,4.38,17.0,14.3,18,1,1,1,1,1,4247.24195949226,4.123105625617661,3.872983346207417,5.830951894845301,4.123105625617661,27.0,64.0,6.0,13.0,18.0
2022-07-10,jarlsberg,4,11,broadway sun,5,h,tom erik solberg,2100.0,0,2100.0,100000.0,11.0,1.0,29.03,4.92,22789.0,6,2022-07-02,eskilstuna-5,rikard n skoglund,15.0,2140.0,4.0,65.58,220.0,12.8,2022-06-12,bjerke-4,magnus teien gundersen,2.0,2100.0,4.0,8.57,,13.3,2022-05-25,åby-6,rikard n skoglund,15.0,1640.0,4.0,8.05,60.0,14.4,2022-04-30,örebro-5,rikard n skoglund,15.0,2140.0,4.0,14.48,110.0,14.7,2022-04-15,färjestad-3,rikard n skoglund,15.0,2140.0,4.0,2.45,30.0,14.0,21,1,1,1,0,1,14.832396974191326,,7.745966692414834,10.488088481701515,5.477225575051661,8.0,20.0,18.0,25.0,15.0
2022-07-10,jarlsberg,4,12,bad nite call saul,8,v,glenn kramer stenberg,2100.0,0,2100.0,100000.0,12.0,0.0,102.43,13.364999999999998,10644.0,15,2022-07-02,momarken-8,glenn kramer stenberg,15.0,1640.0,11.0,30.19,72.0,12.5,2022-04-30,forus-10,glenn kramer stenberg,1.0,1600.0,11.0,8.0,48.0,11.7,2022-04-04,jarlsberg-4,glenn kramer stenberg,4.0,2100.0,11.0,8.4,15.0,16.1,2022-03-12,forus-9,glenn kramer stenberg,4.0,1600.0,11.0,8.1,67.0,13.5,2022-03-09,bjerke-9,glenn kramer stenberg,4.0,2100.0,11.0,28.3,38.0,15.2,29,1,1,1,1,1,8.48528137423857,7597.697390651281,947.6877786106388,2002.8897860137622,1508.3823736630964,8.0,63.0,26.0,23.0,3.0
2022-07-10,jarlsberg,5,1,type a.,4,h,magnus teien gundersen,2100.0,0,2100.0,200000.0,1.0,24.0,3.53,1.595,86263.0,3,2022-06-25,orkla-6,magnus teien gundersen,1.0,2300.0,7.0,1.5,144.0,14.2,2022-06-12,bjerke-7,magnus teien gundersen,2.0,2100.0,7.0,21.12,192.0,12.7,2022-06-04,bergen-7,magnus teien gundersen,1.0,1600.0,7.0,4.2,67.0,11.8,2022-05-11,jägersro-10,adrian kolgjini,1.0,1640.0,7.0,1.65,50.0,11.9,2022-04-13,solvalla-2,björn goop,1.0,2140.0,7.0,9.83,40.0,13.7,2,1,1,1,1,1,13159.597901141504,9216.47282129735,8976.329263069623,7754.367427987846,6935.717076596412,15.0,13.0,8.0,24.0,28.0
2022-07-10,jarlsberg,5,2,dream builder,9,v,frode hamre,2100.0,0,2100.0,200000.0,2.0,9.0,13.38,2.685,14836.0,15,2022-07-02,momarken-8,frode hamre,2.0,1640.0,4.0,3.32,72.0,11.0,2022-06-12,bjerke-11,åsbjørn tengsareid,15.0,1609.0,4.0,47.38,144.0,11.8,2022-05-14,jarlsberg-6,frode hamre,1.0,2100.0,4.0,4.7,58.0,12.7,2022-04-16,klosterskogen-11,frode hamre,1.0,2100.0,4.0,5.8,192.0,14.3,2022-03-26,jarlsberg-9,frode hamre,1.0,2100.0,4.0,3.93,58.0,13.1,14,1,1,1,1,1,5643.913910101949,12.0,8351.70931495805,15195.394781302562,8351.70931495805,8.0,20.0,29.0,28.0,21.0
2022-07-10,jarlsberg,5,3,pantani,6,h,vidar hop,2100.0,0,2100.0,200000.0,3.0,1.0,50.71,5.145,18120.0,4,2022-06-25,orkla-8,vidar hop,4.0,3440.0,1.0,21.9,240.0,14.6,2022-06-11,bjerke-8,per oleg midtfjeld,15.0,2100.0,1.0,26.0,96.0,30.0,2022-05-15,charlottenlund-8,björn goop,5.0,2970.0,1.0,17.22,137.0,14.9,2022-04-16,klosterskogen-5,vidar hop,5.0,2940.0,1.0,28.0,120.0,15.7,2022-03-26,jarlsberg-9,per oleg midtfjeld,5.0,2100.0,1.0,18.2,58.0,12.6,26,0,1,0,0,1,3790.7511144425553,9.797958971132712,1737.131490097546,1625.7847014216877,1130.2809456497043,15.0,14.0,27.0,29.0,21.0
2022-07-10,jarlsberg,5,5,hulken sisu,5,h,åsbjørn tengsareid,2100.0,0,2100.0,200000.0,4.0,4.0,20.97,3.1550000000000002,25835.0,15,2022-06-11,bjerke-8,åsbjörn tengsareid,3.0,2100.0,,11.1,,13.0,2022-05-28,solvalla-8,erik adielsson,20.0,2140.0,,24.42,220.0,30.0,2022-04-20,solvalla-7,erik adielsson,6.0,2140.0,,2.88,60.0,13.1,2022-03-19,momarken-11,frode hamre,6.0,2140.0,,5.2,,13.3,2022-03-05,bjerke-8,åsbjörn tengsareid,6.0,2100.0,,6.1,,12.5,18,1,1,1,1,1,,1.2175172852156155,697.2697008005748,,,29.0,14.0,38.0,32.0,14.0
2022-07-10,jarlsberg,5,6,custom cheval,5,h,svein ove wassberg,2100.0,0,2100.0,200000.0,5.0,1.0,64.06,4.425,33588.0,5,2022-06-25,rättvik-9,henry rorgemoen,5.0,2140.0,9.0,207.92,100.0,11.4,2022-06-12,bjerke-6,svein ove wassberg,15.0,3180.0,9.0,95.71,144.0,15.0,2022-05-24,bjerke-6,erlend rennesvik,2.0,2100.0,9.0,61.6,48.0,14.0,2022-04-16,klosterskogen-7,svein ove wassberg,2.0,2100.0,9.0,17.8,120.0,16.3,2022-04-02,bjerke-5,svein ove wassberg,2.0,1609.0,9.0,64.9,58.0,12.6,27,1,0,1,1,1,1484.131591025766,12.0,4608.236410648675,7286.261527084412,5065.567760529651,15.0,13.0,19.0,38.0,14.0
2022-07-10,jarlsberg,5,7,best ofdream trio,5,h,kim eriksson,2100.0,0,2100.0,200000.0,6.0,37.0,2.42,1.65,26009.0,1,2022-06-25,orkla-8,kim eriksson,2.0,3440.0,3.0,4.4,240.0,14.3,2022-06-12,bjerke-12,kim eriksson,15.0,2100.0,3.0,33.89,1152.0,12.1,2022-05-20,romme-7,kim eriksson,1.0,2140.0,3.0,1.79,50.0,11.5,2022-05-07,åby-11,kim eriksson,1.0,2140.0,3.0,18.08,1500.0,30.0,2022-04-25,mantorp-8,kim eriksson,1.0,2140.0,3.0,1.63,150.0,30.0,1,0,1,1,1,1,10304.329870600073,33.94112549695428,7754.367427987846,42472.4195949226,13430.958365832146,15.0,13.0,23.0,13.0,12.0
2022-07-10,jarlsberg,5,8,seven nation army,4,h,nicklas korfitsen,2100.0,0,2100.0,200000.0,7.0,15.0,3.92,1.94,39794.0,2,2022-06-12,bjerke-12,nicklas korfitsen,4.0,2100.0,4.0,41.3,1152.0,11.0,2022-05-15,charlottenlund-7,nicklas korfitsen,1.0,2000.0,4.0,11.91,137.0,12.2,2022-05-01,skive-5,nicklas korfitsen,1.0,2060.0,4.0,2.45,,14.1,2022-04-17,charlottenlund-7,bo westergaard,1.0,2000.0,4.0,3.4,,13.5,2022-01-14,usa 1-7,mark j macdonald,1.0,1609.0,4.0,2.6,,13.0,3,1,1,1,1,1,8305.11958107214,12835.76203154976,,,,28.0,28.0,14.0,14.0,93.0
2022-07-10,jarlsberg,5,9,high flyer,5,h,erlend rennesvik,2100.0,0,2100.0,200000.0,9.0,1.0,54.52,6.33,74060.0,7,2022-06-06,lindesberg-4,erlend rennesvik,3.0,2140.0,5.0,18.79,50.0,14.4,2021-11-13,bjerke-10,erlend rennesvik,15.0,1609.0,5.0,49.4,288.0,13.3,2021-10-05,färjestad-8,erlend rennesvik,15.0,2140.0,5.0,62.93,110.0,12.0,2021-09-25,leangen-9,erlend rennesvik,15.0,2140.0,5.0,5.2,96.0,13.6,2021-09-12,bjerke-10,erlend rennesvik,15.0,2600.0,5.0,15.3,960.0,14.6,26,1,1,1,1,1,2852.6723560462033,16.97056274847714,10.488088481701515,9.797958971132712,30.983866769659336,34.0,205.0,39.0,10.0,13.0
2022-07-10,jarlsberg,5,10,z. boko,6,v,kristian malmin,2100.0,0,2100.0,200000.0,10.0,5.0,20.06,2.58,24350.0,6,2022-07-02,momarken-8,kristian malmin,1.0,1640.0,6.0,5.6,72.0,11.0,2022-06-11,bjerke-8,erlend rennesvik,4.0,2100.0,6.0,8.6,96.0,13.0,2022-05-31,jarlsberg-6,kristian malmin,6.0,2100.0,6.0,2.9,29.0,12.7,2022-04-30,örebro-4,erlend rennesvik,6.0,2100.0,6.0,57.79,125.0,30.0,2022-04-06,bjerke-2,kristian malmin,6.0,1609.0,6.0,1.4,38.0,14.0,17,1,1,1,1,1,9305.240913585416,2397.481512892016,484.7570875187759,1006.4221236374541,554.9028646960336,8.0,21.0,11.0,31.0,24.0
2022-07-10,jarlsberg,6,1,fightforfreedom ås,6,v,vidar hop,2100.0,0,2100.0,100000.0,1.0,7.0,18.0,4.035,7425.0,4,2022-06-24,orkla-4,vidar hop,2.0,1800.0,11.0,7.62,29.0,13.1,2022-06-12,orkla-10,thomas mjøen,1.0,2320.0,11.0,1.76,15.0,15.5,2022-06-06,orkla-8,ragnhild bjørnbeth,2.0,1800.0,11.0,2.73,17.0,30.0,2022-05-17,orkla-5,ragnhild bjørnbeth,2.0,2300.0,11.0,14.8,19.0,15.2,2022-05-09,orkla-4,thomas mjøen,2.0,1800.0,11.0,17.28,15.0,30.0,16,1,0,1,1,1,3581.8973140304697,4247.24195949226,2742.4492090377257,2899.285161581987,2576.0824676500183,16.0,12.0,6.0,20.0,8.0
2022-07-10,jarlsberg,6,2,catman di celle,4,h,alessandro gocciadoro,2100.0,0,2100.0,100000.0,2.0,23.0,3.05,1.975,15632.0,15,2022-07-02,eskilstuna-2,mika forss,15.0,2140.0,2.0,7.4,30.0,15.2,2022-06-17,solvalla-7,mika forss,4.0,2140.0,2.0,2.8,40.0,13.5,2022-06-08,ti*-9,dwight pieters,15.0,1609.0,2.0,4.1,,30.0,2022-05-07,åby-3,christoffer eriksson,15.0,1640.0,2.0,4.27,110.0,11.7,2022-03-06,italien-6,filippo monti,15.0,1600.0,2.0,1.6,,12.5,2,1,1,1,1,1,5.477225575051661,1547.5676620451568,,10.488088481701515,,8.0,15.0,9.0,32.0,62.0
2022-07-10,jarlsberg,6,4,robertson,4,v,lars anvar kolle,2100.0,0,2100.0,100000.0,3.0,15.0,6.22,2.315,19058.0,1,2022-07-02,momarken-3,frode hamre,4.0,2660.0,6.0,2.92,67.0,16.0,2022-06-21,bjerke-8,frode hamre,2.0,2100.0,6.0,2.9,29.0,13.8,2022-06-12,bjerke-4,vidar hop,15.0,2100.0,6.0,3.86,106.0,14.0,2022-05-16,färjestad-7,dagfinn aarum,15.0,2140.0,6.0,6.77,30.0,12.9,2022-04-22,jarlsberg-7,frode hamre,15.0,2100.0,6.0,1.5,17.0,15.5,6,0,1,1,1,1,2002.8897860137622,3581.8973140304697,10.295630140987,5.477225575051661,4.123105625617661,8.0,11.0,9.0,27.0,24.0
2022-07-10,jarlsberg,6,5,abrakadabra,7,v,åsbjørn tengsareid,2100.0,0,2100.0,100000.0,4.0,12.0,8.81,2.605,10427.0,6,2022-06-25,orkla-9,åsbjørn tengsareid,15.0,1800.0,6.0,3.8,48.0,13.8,2022-06-12,bjerke-4,erlend rennesvik,6.0,2100.0,6.0,15.57,106.0,13.6,2022-05-16,bjerke-4,erlend rennesvik,1.0,2100.0,6.0,5.5,15.0,14.9,2022-04-29,biri-7,åsbjørn tengsareid,1.0,2100.0,6.0,3.8,15.0,15.7,2022-04-21,biri-6,åsbjørn tengsareid,1.0,1609.0,6.0,7.8,15.0,13.4,10,1,1,1,1,1,6.928203230275509,926.7830902228368,4247.24195949226,4247.24195949226,4247.24195949226,15.0,13.0,27.0,17.0,8.0
2022-07-10,jarlsberg,6,6,callas,4,s,frode hamre,2100.0,0,2100.0,100000.0,5.0,11.0,7.55,2.6550000000000002,17025.0,2,2022-06-12,bjerke-9,frode hamre,20.0,2160.0,7.0,24.11,106.0,30.0,2022-05-15,charlottenlund-2,björn goop,20.0,2000.0,7.0,3.52,34.0,30.0,2022-04-16,klosterskogen-10,frode hamre,4.0,2120.0,7.0,2.3,96.0,15.3,2022-04-02,bjerke-3,frode hamre,4.0,2160.0,7.0,3.1,48.0,14.0,2022-03-19,momarken-8,frode hamre,4.0,2160.0,7.0,10.3,106.0,15.6,8,0,1,0,0,0,0.8451167859550889,0.47863367826439657,2397.481512892016,1695.2754355353277,2519.257633075857,28.0,28.0,29.0,14.0,14.0
2022-07-10,jarlsberg,6,7,efes trotter,8,v,erlend rennesvik,2100.0,0,2100.0,100000.0,6.0,1.0,39.68,9.62,4611.0,15,2022-06-25,orkla-9,erlend rennesvik,2.0,1800.0,10.0,76.4,48.0,13.3,2022-06-17,orkla-2,guro berg,3.0,1800.0,10.0,42.9,15.0,15.1,2022-05-26,orkla-3,inga lamvik,5.0,1760.0,10.0,38.1,15.0,17.7,2022-05-04,bergsåker-3,amanda hedlund,5.0,1640.0,10.0,75.53,40.0,15.2,2022-04-17,orkla-8,marit valstad,5.0,2340.0,10.0,4.47,15.0,19.2,24,1,1,0,1,0,4608.236410648675,1562.4729985779143,574.8016935623109,938.6472350101867,574.8016935623109,15.0,8.0,22.0,22.0,17.0
2022-07-10,jarlsberg,6,8,jello w.,6,v,magnus teien gundersen,2100.0,0,2100.0,100000.0,7.0,14.0,6.54,2.1950000000000003,11010.0,15,2022-06-29,vaggeryd-3,stefan persson,4.0,2650.0,12.0,5.31,60.0,14.1,2022-06-11,bjerke-9,magnus teien gundersen,15.0,2100.0,12.0,3.6,,15.1,2022-06-02,åby-4,stefan persson,1.0,2140.0,12.0,1.69,40.0,13.5,2022-05-21,gävle-9,stefan persson,1.0,2640.0,12.0,3.24,110.0,30.0,2022-05-08,vaggeryd-9,stefan persson,1.0,2650.0,12.0,1.58,35.0,14.7,7,1,1,1,1,1,1895.3755572212776,,6935.717076596412,11501.58559756547,6487.769258055282,11.0,18.0,9.0,12.0,13.0
2022-07-10,jarlsberg,6,9,jeffrey b.r.,5,v,tom erik solberg,2100.0,0,2100.0,100000.0,9.0,2.0,49.7,12.215,12084.0,15,2022-06-12,bjerke-4,tom erik solberg,15.0,2100.0,2.0,31.33,106.0,15.6,2022-04-30,forus-10,tom erik solberg,15.0,1600.0,2.0,17.5,48.0,13.3,2022-04-23,sörlandet-9,tom erik solberg,2.0,1609.0,2.0,14.8,48.0,13.3,2022-04-05,forus-6,tom erik solberg,2.0,2040.0,2.0,1.6,38.0,14.0,2022-03-26,jarlsberg-3,tom erik solberg,2.0,3120.0,2.0,4.42,58.0,16.7,25,1,1,1,1,0,10.295630140987,6.928203230275509,4608.236410648675,4100.208396696316,5065.567760529651,28.0,43.0,7.0,18.0,10.0
2022-07-10,jarlsberg,6,10,thai sansa,5,s,bo westergaard,2100.0,0,2100.0,100000.0,10.0,11.0,6.58,1.795,16456.0,5,2022-06-14,sörlandet-1,bo westergaard,2.0,2140.0,2.0,3.6,29.0,14.7,2022-05-15,charlottenlund-2,nicklas korfitsen,3.0,2000.0,2.0,24.11,34.0,13.2,2022-04-18,ålborg-2,bo westergaard,5.0,2140.0,2.0,6.21,,14.5,2022-03-16,jägersro-9,hussein kassir,5.0,1640.0,2.0,7.87,60.0,30.0,2022-02-27,skive-1,nicklas korfitsen,5.0,1600.0,2.0,1.92,,13.6,7,0,1,1,1,1,3581.8973140304697,2352.3738878516174,,1149.6033871246218,,26.0,30.0,27.0,33.0,17.0
2022-07-10,jarlsberg,6,11,ivanhoe,7,v,per oleg midtfjeld,2100.0,0,2100.0,100000.0,11.0,2.0,27.17,6.165,10041.0,3,2022-06-21,bjerke-6,åsbjørn tengsareid,15.0,2100.0,2.0,5.2,29.0,14.4,2022-06-12,bjerke-4,per oleg midtfjeld,4.0,2100.0,2.0,11.07,106.0,13.5,2022-05-27,biri-6,åsbjørn tengsareid,1.0,2100.0,2.0,1.6,15.0,15.1,2022-05-12,momarken-5,per oleg midtfjeld,1.0,2140.0,2.0,3.0,17.0,15.2,2022-04-25,bjerke-4,per oleg midtfjeld,1.0,2100.0,2.0,4.7,15.0,15.2,20,1,1,1,1,1,5.385164807134504,2519.257633075857,4247.24195949226,4521.53434475524,4247.24195949226,19.0,9.0,16.0,15.0,17.0
2022-07-10,jarlsberg,7,1,stoletheshow,7,h,frode hamre,2100.0,0,2100.0,700000.0,1.0,37.0,2.5,1.56,102465.0,1,2022-06-12,bjerke-12,frode hamre,1.0,2100.0,,17.7,,10.4,2022-05-15,charlottenlund-11,björn goop,3.0,2011.0,,4.65,,11.7,2022-05-01,vermo-12,björn goop,2.0,1620.0,,9.35,,10.1,2022-04-20,solvalla-10,kim eriksson,2.0,1640.0,,9.2,100.0,10.5,2022-03-26,solvalla-7,björn goop,2.0,2140.0,,7.07,300.0,11.7,1,1,1,1,1,1,,,,6651.416330443618,11520.591026621687,28.0,28.0,14.0,11.0,25.0
2022-07-10,jarlsberg,7,2,born unicorn,8,v,örjan kihlström,2100.0,0,2100.0,700000.0,2.0,12.0,6.2,2.3449999999999998,46490.0,6,2022-06-18,boden-13,mats e djuse,2.0,2140.0,9.0,14.05,1000.0,13.7,2022-06-04,mantorp-11,örjan kihlström,4.0,2640.0,9.0,3.36,150.0,12.8,2022-05-07,åby-11,magnus a djuse,6.0,2140.0,9.0,8.74,1500.0,12.4,2022-04-17,romme-7,björn goop,6.0,2140.0,9.0,4.88,150.0,11.9,2022-04-02,bergsåker-7,örjan kihlström,6.0,2140.0,9.0,4.27,200.0,12.8,6,1,1,1,1,1,21033.625270240995,2996.85189111502,3486.348504002874,1102.4801989769737,1273.034479311176,22.0,14.0,28.0,20.0,15.0
2022-07-10,jarlsberg,7,3,holy water,7,h,ken ecce,2100.0,0,2100.0,700000.0,3.0,4.0,23.66,3.875,56040.0,15,2022-06-26,kalmar-10,thomas uhrberg,5.0,1640.0,12.0,15.14,150.0,9.7,2022-06-16,åby-3,thomas uhrberg,1.0,2140.0,12.0,1.74,40.0,12.1,2022-05-21,gävle-10,ken ecce,3.0,1609.0,12.0,53.72,400.0,11.0,2022-04-23,halmstad-7,magnus a djuse,3.0,2140.0,12.0,45.24,150.0,11.9,2022-04-09,jägersro-11,ken ecce,3.0,2140.0,12.0,33.96,150.0,13.3,19,1,1,1,1,1,1817.6825545790462,6935.717076596412,8068.575869854702,4940.973458019238,4940.973458019238,14.0,10.0,26.0,28.0,14.0
2022-07-10,jarlsberg,7,4,milligan's school,9,h,bjørn goop,2100.0,0,2100.0,700000.0,4.0,10.0,6.53,2.535,135630.0,5,2022-06-26,kalmar-10,björn goop,2.0,1640.0,7.0,6.89,150.0,9.3,2022-06-11,östersund-10,ulf eriksson,15.0,2140.0,7.0,22.23,700.0,17.0,2022-05-15,charlottenlund-11,ulf eriksson,6.0,2011.0,7.0,8.94,,12.0,2022-04-17,romme-7,ulf eriksson,6.0,2140.0,7.0,6.99,150.0,12.1,2022-03-26,solvalla-7,ulf eriksson,6.0,2140.0,7.0,17.91,300.0,12.5,7,1,1,1,1,1,8146.288038201084,26.457513110645905,,1102.4801989769737,1559.1424496410248,14.0,15.0,27.0,28.0,22.0
2022-07-10,jarlsberg,7,5,global adventure,6,h,ulf ohlsson,2100.0,0,2100.0,700000.0,5.0,2.0,46.0,5.475,110521.0,4,2022-06-25,skellefteå-11,per linderoth,1.0,3200.0,3.0,1.92,150.0,14.5,2022-06-05,solänget-5,per linderoth,1.0,1640.0,3.0,2.32,30.0,13.0,2022-02-19,bergsåker-11,erik adielsson,15.0,2640.0,3.0,5.69,500.0,14.2,2022-02-05,solvalla-10,erik adielsson,15.0,2140.0,3.0,2.85,300.0,15.0,2022-01-15,gävle-7,erik adielsson,15.0,2640.0,3.0,5.03,150.0,14.2,25,0,0,1,1,1,13430.958365832146,6006.507181794034,22.360679774997898,17.320508075688775,12.24744871391589,15.0,20.0,106.0,14.0,21.0
2022-07-10,jarlsberg,7,6,oscar l.a.,6,h,joakim løvgren,2100.0,0,2100.0,700000.0,6.0,13.0,7.34,2.46,61338.0,3,2022-06-18,kouvola-11,joakim lövgren,2.0,2100.0,,4.9,,12.5,2022-05-28,solvalla-11,joakim lövgren,1.0,2140.0,,4.69,250.0,11.0,2022-05-07,åby-10,joakim lövgren,1.0,2140.0,,2.11,125.0,12.2,2022-04-30,örebro-11,joakim lövgren,1.0,3160.0,,6.24,400.0,30.0,2022-04-09,jägersro-7,joakim lövgren,1.0,2640.0,,6.39,125.0,13.5,8,1,1,1,0,1,,17339.292691491028,12260.73144313165,21932.663168569172,12260.73144313165,22.0,21.0,21.0,7.0,21.0
2022-07-10,jarlsberg,7,7,cicero t.g.,5,h,magnus teien gundersen,2100.0,0,2100.0,700000.0,7.0,3.0,24.4,4.33,103667.0,15,2022-06-12,bjerke-12,magnus teien gundersen,3.0,2100.0,2.0,22.27,1152.0,11.0,2022-05-07,åby-2,magnus teien gundersen,2.0,2640.0,2.0,9.01,250.0,12.0,2022-04-17,romme-11,magnus teien gundersen,15.0,2140.0,2.0,5.78,125.0,16.2,2022-03-26,jarlsberg-9,magnus teien gundersen,15.0,2100.0,2.0,1.87,58.0,12.0,2021-10-30,jarlsberg-6,magnus teien gundersen,15.0,2100.0,2.0,1.3,72.0,12.8,19,1,1,1,1,1,13692.827309021775,10516.812635120497,11.180339887498949,7.615773105863909,8.48528137423857,28.0,36.0,20.0,22.0,147.0
2022-07-10,jarlsberg,7,8,falcon eye,5,h,eirik høitomt,2100.0,0,2100.0,700000.0,8.0,1.0,45.52,8.08,44476.0,15,2022-06-25,orkla-8,eirik høitomt,20.0,3440.0,2.0,3.8,240.0,30.0,2022-06-11,bjerke-8,eirik høitomt,1.0,2100.0,2.0,2.3,96.0,11.9,2022-05-24,bjerke-6,eirik høitomt,1.0,2100.0,2.0,4.6,48.0,14.0,2022-04-30,örebro-11,erik adielsson,1.0,3140.0,2.0,10.7,400.0,15.4,2022-04-19,bjerke-7,eirik høitomt,1.0,2100.0,2.0,1.6,34.0,14.2,25,0,1,1,0,1,1.2716553305752751,10744.766692665717,7597.697390651281,21932.663168569172,6394.415193088607,15.0,14.0,18.0,24.0,11.0
2022-07-10,jarlsberg,7,9,officer stephen,7,h,tom erik solberg,2100.0,0,2100.0,700000.0,9.0,6.0,11.81,2.62,57805.0,2,2022-05-28,solvalla-7,dion tesselaar,2.0,1640.0,2.0,6.48,600.0,11.7,2022-05-28,solvalla-1,dion tesselaar,1.0,1640.0,2.0,5.64,100.0,10.4,2022-05-15,charlottenlund-6,dion tesselaar,1.0,1600.0,2.0,3.0,103.0,10.4,2022-05-01,gelsenkirchen-7,dion p. tesselaar,1.0,2000.0,2.0,2.6,,13.2,2022-04-13,frankrike-7,dion p. tesselaar,1.0,2550.0,2.0,2.8,,13.3,12,1,1,1,1,0,16292.576076402169,10966.331584284586,11129.611011575023,,,43.0,0.0,13.0,14.0,18.0
2022-07-10,jarlsberg,7,10,bepi bi,5,h,alessandro gocciadoro,2100.0,0,2100.0,700000.0,10.0,12.0,8.51,2.89,176009.0,15,2022-06-22,solvalla-9,alessandro gocciadoro,2.0,2140.0,6.0,4.19,100.0,11.3,2022-05-28,solvalla-7,alessandro gocciadoro,1.0,1640.0,6.0,1.98,600.0,11.6,2022-05-28,solvalla-2,alessandro gocciadoro,1.0,1640.0,6.0,2.91,100.0,10.7,2022-05-01,vermo-12,alessandro gocciadoro,1.0,1620.0,6.0,4.36,1121.0,10.9,2022-04-15,färjestad-7,alessandro gocciadoro,1.0,1640.0,6.0,7.22,250.0,9.8,9,1,1,1,1,1,6651.416330443618,26861.916731664292,10966.331584284586,36716.74553318574,17339.292691491028,18.0,25.0,0.0,27.0,16.0
