datum,bana,avd,startnr,häst,ålder,kön,kusk,lopp_dist,start,dist,pris,spår,streck,vodds,podds,h1_dat,h1_bana,h1_kusk,h1_plac,h1_dist,h1_spår,h1_odds,h1_pris,h1_kmtid,h2_dat,h2_bana,h2_kusk,h2_plac,h2_dist,h2_spår,h2_odds,h2_pris,h2_kmtid,h3_dat,h3_bana,h3_kusk,h3_plac,h3_dist,h3_spår,h3_odds,h3_pris,h3_kmtid,h4_dat,h4_bana,h4_kusk,h4_plac,h4_dist,h4_spår,h4_odds,h4_pris,h4_kmtid,h5_dat,h5_bana,h5_kusk,h5_plac,h5_dist,h5_spår,h5_odds,h5_pris,h5_kmtid,bins,h1_auto,h2_auto,h3_auto,h4_auto,h5_auto,h1_perf,h2_perf,h3_perf,h4_perf,h5_perf,senast,delta1,delta2,delta3,delta4,rel_kr,streck_avst,rel_rank,h1_samma_bana,h2_samma_bana,h3_samma_bana,h1_samma_kusk,h2_samma_kusk,h3_samma_kusk,proba_cat1L1,proba_cat2L1,proba_xgb1L1,proba_xgb2L1,proba_cat1L2,proba_cat2L2,proba_xgb1L2,proba_xgb2L2,meta
2022-10-22,jägersro,1,1,quenchless tile,4,v,peter untersteiner,2140.0,0,2140.0,110000.0,1.0,47.0,1.7,1.19,2022-09-28,jägersro,johan untersteiner,2.0,1640.0,7.0,27.6,110.0,11.5,2022-09-17,färjestad,peter untersteiner,3.0,2140.0,7.0,9.52,110.0,12.5,2022-08-31,åby,peter untersteiner,1.0,2640.0,7.0,2.72,60.0,14.1,2022-08-18,åby,johan untersteiner,1.0,2140.0,7.0,3.64,30.0,13.6,2022-07-16,årjäng,magnus jakobsson,1.0,2140.0,7.0,31.62,110.0,14.8,0,1,1,1,1,0,6976.064300232707,4231.196882217894,8494.48391898452,6006.507181794034,11501.58559756547,24.0,11.0,17.0,13.0,33.0,0.11516155758077878,0.0,0.1,False,False,False,False,True,True,0.30996960162771564,0.3849531830891582,0.001428169,0.0027445038,0.2629332484258812,0.32770474470118316,0.008502402,0.006281446,0.0012112254700474001
2022-10-22,jägersro,1,2,global bodyguard,5,h,stefan persson,2140.0,0,2140.0,110000.0,2.0,13.0,10.98,1.98,2022-10-04,kalmar,peter ingves,2.0,2140.0,1.0,3.01,50.0,13.0,2022-08-18,åby,stefan persson,1.0,2140.0,1.0,2.56,30.0,13.6,2022-07-22,axevalla,stefan persson,4.0,1640.0,1.0,17.17,50.0,11.4,2022-07-22,axevalla,stefan persson,4.0,1640.0,1.0,7.09,50.0,11.8,2022-07-09,halmstad,william ekberg,4.0,2140.0,1.0,9.91,110.0,13.9,12,1,1,1,1,1,4703.261591751624,6006.507181794034,1730.2332460566959,1730.2332460566959,2566.350636345657,18.0,47.0,27.0,0.0,13.0,0.09297451374916163,34.0,0.2,False,False,False,False,True,True,0.10521123073201841,0.10883016455916085,0.000985841,0.0017507317,0.08636385318994323,0.09443105844984821,0.0035664907,0.005056339,0.00023218839206356825
2022-10-22,jägersro,1,4,rampant,4,v,adrian kolgjini,2140.0,0,2140.0,110000.0,3.0,2.0,32.54,6.09,2022-09-24,solvalla,dante kolgjini,15.0,2140.0,6.0,11.38,100.0,14.3,2022-09-03,jägersro,adrian kolgjini,15.0,2640.0,6.0,4.24,110.0,15.0,2022-08-23,jägersro,adrian kolgjini,5.0,2640.0,6.0,42.89,200.0,13.1,2022-08-13,åby,adrian kolgjini,5.0,2140.0,6.0,8.71,220.0,14.2,2022-07-20,eskilstuna,adrian kolgjini,5.0,1640.0,6.0,6.51,110.0,11.2,22,1,1,1,1,1,10.0,10.488088481701515,2098.879024374998,2201.322892003233,1556.570344516668,28.0,21.0,11.0,10.0,24.0,0.08027577228074328,45.0,0.6,False,False,False,False,True,True,0.023161080538496394,0.022676954279565526,0.000793156,0.0017130254,0.03533892682313508,0.030269984058677278,0.0045791343,0.00394769,6.094870492123278e-05
2022-10-22,jägersro,1,5,marlon boko,4,v,daniel wäjersten,2140.0,0,2140.0,110000.0,4.0,12.0,7.32,2.18,2022-10-15,solänget,per linderoth,4.0,1640.0,11.0,34.29,110.0,13.5,2022-09-29,bergsåker,daniel wäjersten,3.0,2140.0,11.0,1.58,60.0,13.4,2022-09-10,hagmyren,daniel wäjersten,4.0,2140.0,11.0,25.61,110.0,13.3,2022-08-24,bollnäs,per linderoth,4.0,2640.0,11.0,6.94,25.0,15.3,2022-08-07,dannero,mats e djuse,4.0,2140.0,11.0,6.74,100.0,13.4,8,1,1,1,1,1,2566.350636345657,3124.9459971558285,2566.350636345657,1223.459661321102,2446.919322642204,7.0,16.0,19.0,17.0,17.0,0.0902917505030181,35.0,0.3,False,False,False,False,True,True,0.06483230523576508,0.07874955253616868,0.0012490031,0.0017275129,0.058020183111370305,0.04922012904791762,0.0048749316,0.0041750134,0.00015907178606553175
2022-10-22,jägersro,1,6,fortnite,4,v,jeppe juel,2140.0,0,2140.0,110000.0,5.0,4.0,9.18,2.58,2022-09-21,åby,jeppe juel,4.0,3160.0,1.0,16.07,150.0,14.6,2022-09-03,jägersro,jeppe juel,1.0,2160.0,1.0,40.88,100.0,14.0,2022-08-24,bjerke,eirik höitomt,5.0,2600.0,1.0,6.54,,15.5,2022-07-14,ålborg,jeppe juel,5.0,2620.0,1.0,2.44,,16.6,2022-05-14,jarlsberg,eirik höitomt,5.0,2100.0,1.0,6.0,,30.0,10,0,0,1,0,1,2996.85189111502,10966.331584284586,,,,31.0,18.0,10.0,41.0,61.0,0.12547342880814297,43.0,0.4,False,False,False,True,True,False,0.05083484603737148,0.04534146423352192,0.042318262,0.044718377,0.05947047739938203,0.05648092514444741,0.03291201,0.05105049,0.002227445638965892
2022-10-22,jägersro,1,7,wingait henke,5,v,andré eklundh,2140.0,0,2140.0,110000.0,6.0,3.0,26.48,4.75,2022-09-28,jägersro,stefan persson,7.0,1640.0,8.0,34.08,110.0,12.1,2022-09-05,halmstad,stefan persson,1.0,1640.0,8.0,5.15,25.0,11.9,2022-06-04,mantorp,stefan persson,6.0,2140.0,8.0,2.75,110.0,13.8,2022-04-17,romme,stefan persson,6.0,1640.0,8.0,4.19,110.0,11.8,2022-04-03,halmstad,stefan persson,6.0,1640.0,8.0,2.47,40.0,13.3,20,1,1,0,0,1,572.6302284848314,5483.165792142293,944.1076379488159,944.1076379488159,569.3183266881678,24.0,23.0,93.0,48.0,14.0,0.11959008955694954,44.0,0.5,False,False,False,False,False,False,0.03723114892935068,0.034163074490124665,0.0008065224,0.0019489774,0.04214915394443179,0.03953677039113285,0.0024589545,0.0027971417,6.918873672279357e-05
2022-10-22,jägersro,1,9,thorondor,6,v,björn goop,2140.0,0,2140.0,110000.0,9.0,12.0,11.1,2.29,2022-09-21,solvalla,björn goop,1.0,2140.0,5.0,6.52,60.0,13.3,2022-09-14,solvalla,jakob smith,6.0,2140.0,5.0,41.11,40.0,13.0,2022-08-11,åby,carl johan jepson,6.0,2640.0,5.0,13.14,35.0,15.8,2022-06-26,kalmar,björn goop,6.0,3140.0,5.0,10.13,110.0,30.0,2022-06-15,åmål,björn goop,6.0,2880.0,5.0,3.72,60.0,17.2,12,1,1,0,0,0,8494.48391898452,569.3183266881678,532.5485306196407,944.1076379488159,697.2697008005748,31.0,7.0,34.0,46.0,11.0,0.0842851224997041,35.0,0.3,False,False,False,True,False,False,0.059989343777755756,0.07135661362147218,0.00047855108,0.0015679277,0.050627624282733236,0.04733110495292707,0.0038516277,0.003602949,0.00010165993263013491
2022-10-22,jägersro,1,10,hawker typoon,4,v,thomas uhrberg,2140.0,0,2140.0,110000.0,10.0,1.0,57.51,7.59,2022-09-21,åby,thomas uhrberg,2.0,3140.0,2.0,7.99,150.0,15.0,2022-09-04,jägersro,thomas uhrberg,4.0,3140.0,2.0,12.54,100.0,15.5,2022-08-13,åby,thomas uhrberg,2.0,3140.0,2.0,33.09,100.0,14.1,2022-07-16,årjäng,thomas uhrberg,2.0,2140.0,2.0,15.33,110.0,14.5,2022-06-27,halmstad,thomas uhrberg,2.0,2640.0,2.0,5.33,40.0,15.0,27,0,0,0,0,0,8146.288038201084,2446.919322642204,6651.416330443618,6976.064300232707,4206.725054048198,31.0,17.0,22.0,28.0,19.0,0.07506312384108572,46.0,0.7,False,False,False,True,True,True,0.02689127278975065,0.0260733519531707,0.0009827801,0.0016700403,0.03637773538222423,0.03515956761603459,0.0028894478,0.003470026,6.198042902116623e-05
2022-10-22,jägersro,1,11,heartbeat julie,4,s,ville karhulahti,2140.0,0,2140.0,110000.0,11.0,2.0,20.04,4.24,2022-10-08,åby,ville karhulahti,1.0,1640.0,1.0,4.88,100.0,11.8,2022-09-24,solvalla,ulf ohlsson,15.0,2140.0,1.0,32.93,220.0,30.0,2022-09-03,jägersro,ville karhulahti,15.0,2140.0,1.0,7.56,110.0,15.1,2022-08-23,jägersro,ulf ohlsson,15.0,2140.0,1.0,23.8,100.0,30.0,2022-08-06,rättvik,ulf ohlsson,15.0,2140.0,1.0,7.33,110.0,13.7,17,1,0,0,1,0,10966.331584284586,14.832396974191326,10.488088481701515,10.0,10.488088481701515,14.0,14.0,21.0,11.0,17.0,0.0852418432161597,45.0,0.6,False,False,False,True,False,True,0.022831442155773124,0.02088027546399051,0.0009577117,0.0016787386,0.03301239096915969,0.028193825012365704,0.0038743457,0.00433069,5.881911348966769e-05
2022-10-22,jägersro,1,12,kron vici star,4,v,johan untersteiner,2140.0,0,2140.0,110000.0,12.0,2.0,34.08,5.73,2022-10-03,halmstad,johan untersteiner,1.0,1640.0,3.0,1.81,60.0,11.8,2022-09-03,jägersro,johan untersteiner,3.0,2160.0,3.0,8.5,100.0,14.1,2022-08-22,halmstad,johan untersteiner,2.0,1640.0,3.0,3.34,30.0,11.4,2022-08-13,åby,johan untersteiner,2.0,2140.0,3.0,32.5,220.0,30.0,2022-07-23,axevalla,johan untersteiner,2.0,1640.0,3.0,17.86,110.0,11.7,22,1,0,1,1,1,8494.48391898452,4034.287934927351,3643.130763542206,9865.64474537587,6976.064300232707,19.0,30.0,12.0,9.0,21.0,0.13164279796425613,45.0,0.6,False,False,False,True,True,True,0.03651717309704322,0.027210695640502228,0.0008158724,0.0016598555,0.041086182408918266,0.040008297848335865,0.0037900386,0.0039327876,7.57756769963718e-05
2022-10-22,jägersro,2,1,notre perle,5,s,björn goop,2140.0,1,2140.0,110000.0,1.0,19.0,3.91,1.92,2022-09-28,solvalla,björn goop,6.0,2140.0,11.0,4.95,60.0,14.4,2022-09-13,axevalla,peter zadel,1.0,1640.0,11.0,4.38,25.0,13.7,2022-08-17,solvalla,björn goop,4.0,2140.0,11.0,4.26,60.0,14.4,2022-08-06,rättvik,björn goop,4.0,2140.0,11.0,7.06,35.0,15.4,2022-07-21,åby,björn goop,4.0,2140.0,11.0,18.44,30.0,14.8,3,1,1,0,1,1,697.2697008005748,5483.165792142293,1895.3755572212776,1447.6169935559349,1340.2329094063966,24.0,15.0,27.0,11.0,16.0,0.02227641848702233,0.0,0.07142857142857142,False,False,False,True,False,True,0.24225586514330433,0.14791742708394218,0.17629865,0.19155502,0.1565993440363538,0.13027756504635143,0.1328657,0.11317948,0.024684201294600673
2022-10-22,jägersro,2,2,debutante,4,s,conrad lugauer,2140.0,1,2140.0,110000.0,2.0,5.0,21.67,5.46,2022-10-08,åby,conrad lugauer,15.0,2140.0,4.0,32.36,110.0,15.1,2022-09-23,kalmar,conrad lugauer,15.0,2140.0,4.0,2.6,25.0,15.2,2022-06-09,halmstad,conrad lugauer,20.0,1640.0,4.0,9.54,25.0,30.0,2022-05-22,tingsryd,conrad lugauer,20.0,1609.0,4.0,5.64,35.0,13.2,2022-05-11,jägersro,sofie ericsson,20.0,1640.0,4.0,17.38,30.0,14.8,18,0,1,1,1,1,10.488088481701515,5.0,0.410424993119494,0.4856214008546075,0.4495980537908989,14.0,15.0,106.0,18.0,11.0,0.04087767886333147,14.0,0.5714285714285714,False,False,False,True,True,True,0.028014733929350177,0.036231102698059243,0.015109327,0.025281142,0.03951554652118163,0.032463483920617445,0.029816577,0.030965447,0.0008231936878538858
2022-10-22,jägersro,2,3,marabou brodda,5,s,thomas uhrberg,2140.0,1,2140.0,110000.0,3.0,10.0,7.72,2.63,2022-10-08,åby,thomas uhrberg,6.0,2140.0,5.0,11.59,110.0,14.7,2022-09-19,halmstad,thomas uhrberg,5.0,2160.0,5.0,1.83,35.0,15.3,2022-08-29,halmstad,thomas uhrberg,1.0,2140.0,5.0,1.38,35.0,15.1,2022-08-11,åby,thomas uhrberg,1.0,2160.0,5.0,3.35,30.0,14.3,2022-05-03,jägersro,flemming jensen,1.0,2140.0,5.0,2.13,30.0,15.0,8,0,0,0,0,1,944.1076379488159,878.0240901127003,6487.769258055282,6006.507181794034,6006.507181794034,14.0,19.0,21.0,18.0,100.0,0.06144428452788498,9.0,0.35714285714285715,False,False,False,True,True,True,0.08983820280954663,0.09660702504740959,0.08692928,0.081415854,0.09452814604212842,0.08991769623890941,0.09955768,0.073481165,0.00786141068375225
2022-10-22,jägersro,2,4,ea,6,s,erik adielsson,2140.0,1,2160.0,110000.0,1.0,12.0,7.94,2.44,2022-09-19,halmstad,jeppe rask,3.0,2140.0,10.0,4.01,40.0,13.3,2022-08-20,örebro,erik adielsson,5.0,2100.0,10.0,7.32,110.0,13.2,2022-07-26,jägersro,jeppe rask,2.0,2140.0,10.0,3.86,100.0,14.5,2022-06-27,halmstad,jeppe rask,2.0,2140.0,10.0,21.36,35.0,12.8,2022-06-10,århus,jeppe rask,2.0,1800.0,10.0,8.39,,15.4,9,1,1,1,1,1,2551.5077222615173,1556.570344516668,6651.416330443618,3935.0309681516123,,33.0,30.0,25.0,29.0,17.0,0.04507141756635389,7.0,0.2857142857142857,False,False,False,False,True,False,0.1122326171799652,0.09757280020315076,0.07786013,0.091310844,0.08555390389810627,0.0798146667453643,0.06592424,0.04706406,0.0063728779601598074
2022-10-22,jägersro,2,5,minnucci zon,5,s,andré eklundh,2140.0,1,2160.0,110000.0,2.0,2.0,39.4,7.46,2022-10-10,mantorp,andré eklundh,2.0,1640.0,2.0,3.09,25.0,13.6,2022-09-30,axevalla,andré eklundh,6.0,1640.0,2.0,21.87,60.0,12.3,2022-09-21,åby,gustav johansson,15.0,2140.0,2.0,3.58,40.0,14.6,2022-09-10,halmstad,andré eklundh,15.0,1640.0,2.0,7.78,25.0,12.3,2022-08-15,halmstad,andré eklundh,15.0,2140.0,2.0,6.46,30.0,14.5,23,0,1,1,1,1,3325.708165221809,697.2697008005748,6.324555320336759,5.0,5.477225575051661,12.0,10.0,9.0,11.0,26.0,0.06733656256223906,17.0,0.7142857142857143,False,False,False,True,True,False,0.03624718953805844,0.03183404517810057,0.23596284,0.1739013,0.04516919413572413,0.041443642455914455,0.17189886,0.16932456,0.00712691299398646
2022-10-22,jägersro,2,6,wilma töll,4,s,peter ingves,2140.0,1,2160.0,110000.0,3.0,3.0,24.47,5.15,2022-09-28,jägersro,thomas uhrberg,1.0,2140.0,2.0,6.57,60.0,14.2,2022-08-23,jägersro,thomas uhrberg,15.0,2140.0,2.0,60.68,100.0,13.5,2022-08-11,åby,thomas uhrberg,6.0,1640.0,2.0,11.39,40.0,11.8,2022-07-26,jägersro,thomas uhrberg,6.0,2140.0,2.0,6.16,80.0,13.1,2022-07-07,halmstad,thomas uhrberg,6.0,2140.0,2.0,19.83,110.0,30.0,19,0,1,1,1,0,8494.48391898452,10.0,569.3183266881678,805.1376989099633,944.1076379488159,24.0,36.0,12.0,16.0,19.0,0.0654801943549872,16.0,0.6428571428571429,False,False,False,False,False,False,0.03015871264999558,0.02771317188858465,0.042748492,0.045557197,0.04047468365250954,0.02932239679171171,0.049049344,0.04665128,0.0014499870905130216
2022-10-22,jägersro,2,7,curie,5,s,petter karlsson,2140.0,1,2160.0,110000.0,4.0,9.0,11.4,3.31,2022-10-10,färjestad,petter karlsson,2.0,2140.0,15.0,7.65,40.0,13.4,2022-10-05,solvalla,petter karlsson,4.0,1640.0,15.0,15.18,110.0,11.3,2022-09-17,färjestad,petter karlsson,4.0,3160.0,15.0,55.88,110.0,14.7,2022-09-07,solvalla,petter karlsson,4.0,2140.0,15.0,46.98,60.0,13.1,2022-08-23,eskilstuna,petter karlsson,4.0,1640.0,15.0,5.01,25.0,12.9,12,1,1,0,1,0,4206.725054048198,2566.350636345657,2566.350636345657,1895.3755572212776,1223.459661321102,12.0,5.0,18.0,10.0,15.0,0.04020878505586015,10.0,0.42857142857142855,False,False,False,True,True,True,0.06499633225296848,0.0668580595501638,0.0005724557,0.001785099,0.0651024891325192,0.04767279019421323,0.0011522828,0.0017804886,7.292111800888232e-05
2022-10-22,jägersro,2,8,affinity face,4,s,adrian kolgjini,2140.0,1,2160.0,110000.0,5.0,2.0,51.48,8.67,2022-08-31,åby,adrian kolgjini,3.0,2140.0,7.0,4.99,50.0,14.4,2022-08-23,jägersro,adrian kolgjini,15.0,2140.0,7.0,14.86,100.0,12.6,2022-07-15,axevalla,adrian kolgjini,5.0,2640.0,7.0,41.49,75.0,14.9,2022-07-05,solvalla,adrian kolgjini,5.0,2140.0,7.0,20.37,300.0,12.9,2022-06-12,bjerke,adrian kolgjini,5.0,2140.0,7.0,21.59,,30.0,26,1,1,1,1,0,2852.6723560462033,10.0,1285.2956603873304,2570.5913207746607,,52.0,8.0,39.0,10.0,23.0,0.08761381528760555,17.0,0.7142857142857143,False,False,False,True,True,True,0.03217820424877345,0.02704164553720888,0.00082626665,0.0016920294,0.04228260572110237,0.032480384920622836,0.0044383076,0.003280313,7.0227896678465e-05
2022-10-22,jägersro,2,9,seventh heaven,4,s,örjan kihlström,2140.0,1,2160.0,110000.0,6.0,13.0,8.27,2.81,2022-10-10,halmstad,christoffer eriksson,2.0,2140.0,7.0,11.36,25.0,14.0,2022-05-11,jägersro,christoffer eriksson,5.0,1640.0,7.0,18.94,50.0,12.3,2022-04-22,åby,christoffer eriksson,20.0,2140.0,7.0,19.49,100.0,30.0,2022-03-30,jägersro,christoffer eriksson,20.0,2140.0,7.0,18.63,50.0,15.0,2021-11-10,jägersro,christoffer eriksson,20.0,2140.0,7.0,8.62,60.0,30.0,9,1,1,1,0,1,3325.708165221809,1049.439512187499,0.820849986238988,0.5804285916064725,0.6358276652876376,12.0,152.0,19.0,23.0,140.0,0.08211235161267291,6.0,0.21428571428571427,False,False,False,False,False,False,0.15520127368762646,0.12160498285394945,0.16867124,0.13712402,0.12439934976940933,0.10624944043400543,0.13706873,0.1277993,0.017830076742984136
2022-10-22,jägersro,2,10,rapunzel,5,s,kevin oscarsson,2140.0,1,2160.0,110000.0,7.0,0.0,101.8,17.49,2022-10-10,halmstad,kevin oscarsson,7.0,2140.0,8.0,16.54,25.0,14.6,2022-09-28,jägersro,kevin oscarsson,5.0,2160.0,8.0,84.66,60.0,14.1,2022-09-16,kalmar,kevin oscarsson,15.0,2160.0,8.0,15.82,150.0,15.2,2022-08-27,kalmar,kevin oscarsson,15.0,2160.0,8.0,5.08,25.0,15.0,2022-08-21,vaggeryd,kevin oscarsson,15.0,2148.0,8.0,9.92,35.0,14.5,29,1,0,0,0,1,272.9907501657212,1149.6033871246218,12.24744871391589,5.0,5.916079783099616,12.0,12.0,12.0,20.0,6.0,0.05837789493857826,19.0,0.8571428571428571,False,False,False,True,True,True,0.023059724462538445,0.02173899943933233,0.0009925512,0.0016675178,0.02979195556399041,0.023721257696496273,0.0028717073,0.0031942364,4.815764680527085e-05
2022-10-22,jägersro,2,11,listas marion,7,s,magnus jakobsson,2140.0,1,2160.0,110000.0,8.0,1.0,64.98,11.72,2022-10-10,färjestad,magnus jakobsson,3.0,2140.0,13.0,18.53,40.0,13.5,2022-08-08,färjestad,magnus jakobsson,15.0,2140.0,13.0,5.45,30.0,15.6,2022-07-16,årjäng,magnus jakobsson,4.0,2160.0,13.0,33.0,110.0,13.9,2022-07-05,axevalla,magnus jakobsson,4.0,2140.0,13.0,6.13,25.0,14.8,2022-04-17,romme,magnus jakobsson,4.0,2160.0,13.0,28.61,110.0,30.0,28,1,0,0,1,0,2551.5077222615173,5.477225575051661,2566.350636345657,1223.459661321102,2566.350636345657,12.0,63.0,23.0,11.0,79.0,0.041099390855695556,18.0,0.7857142857142857,False,False,False,True,True,True,0.02769932017035333,0.024732501929498062,0.00086852076,0.0016793214,0.037953528736249825,0.031086296670746364,0.005334808,0.003678364,6.935239413657415e-05
2022-10-22,jägersro,2,12,lady beluga,6,s,joakim lövgren,2140.0,1,2180.0,110000.0,1.0,18.0,4.89,2.25,2022-08-20,berlin,joakim lövgren,20.0,2500.0,,2.1,,30.0,2022-07-26,jägersro,joakim lövgren,15.0,1640.0,,2.27,200.0,30.0,2022-07-12,jägersro,joakim lövgren,1.0,2140.0,,2.37,150.0,12.3,2022-06-30,åby,joakim lövgren,1.0,2160.0,,1.43,50.0,13.4,2022-05-28,solvalla,joakim lövgren,1.0,2160.0,,6.68,220.0,12.5,5,1,1,1,0,0,,14.142135623730951,13430.958365832146,7754.367427987846,16265.698340872146,63.0,25.0,14.0,12.0,33.0,0.21052117349527077,1.0,0.14285714285714285,False,False,False,True,True,True,0.28902961010196965,0.1926408975776378,0.14377868,0.14634606,0.22052276128531273,0.19422949796393754,0.114164434,0.11733361,0.028633343501424255
2022-10-22,jägersro,2,13,aperfecttric,5,s,johnny takter,2140.0,1,2180.0,110000.0,2.0,1.0,75.4,14.98,2022-09-23,kalmar,jim oscarsson,1.0,2200.0,2.0,3.09,10.0,14.4,2022-09-07,åby,markus niklasson,7.0,1640.0,2.0,102.64,60.0,11.3,2022-07-07,halmstad,markus niklasson,15.0,2140.0,2.0,215.61,200.0,13.0,2022-06-26,kalmar,markus niklasson,15.0,2140.0,2.0,71.66,110.0,12.7,2022-06-13,solvalla,claes sjöström,15.0,1640.0,2.0,67.45,40.0,11.7,29,0,1,1,1,1,3467.858538298206,422.9154516242031,14.142135623730951,10.488088481701515,6.324555320336759,29.0,16.0,62.0,11.0,13.0,0.08584011934869284,18.0,0.7857142857142857,False,False,False,False,False,False,0.033115762412459795,0.02903982993483726,0.0011360619,0.00185129,0.03451247849921227,0.030056576766365632,0.0029694338,0.002764251,6.441959860343938e-05
2022-10-22,jägersro,2,15,nina ginto,6,s,stefan persson,2140.0,1,2180.0,110000.0,3.0,7.0,11.99,3.45,2022-10-08,åby,stefan persson,8.0,2140.0,9.0,69.7,500.0,12.3,2022-09-07,åby,gustav johansson,3.0,1640.0,9.0,10.07,60.0,11.0,2022-08-27,bergsåker,gustav johansson,1.0,2140.0,9.0,2.6,200.0,12.6,2022-08-13,åby,stefan persson,1.0,2160.0,9.0,13.81,220.0,13.0,2022-07-24,axevalla,stefan persson,1.0,2160.0,9.0,10.57,110.0,13.5,13,1,1,0,0,0,740.4840168526457,3124.9459971558285,15508.734855975692,16265.698340872146,11501.58559756547,14.0,31.0,11.0,14.0,20.0,0.09173991304380504,12.0,0.5,False,False,False,True,False,False,0.06741396507231093,0.08199958588116789,0.055974845,0.0765874,0.07619134906450706,0.0574421308645111,0.07533153,0.039461304,0.004190337929271838
2022-10-22,jägersro,3,1,staro next move,6,h,peter ingves,2140.0,1,2140.0,110000.0,1.0,3.0,28.89,4.6,2022-10-13,nyköbing,jörgen lorentzen,1.0,2140.0,,1.56,,15.2,2022-09-23,kalmar,thomas linder,5.0,2140.0,,14.82,35.0,14.9,2022-08-20,nyköbing,jörgen lorentzen,3.0,2140.0,,2.13,,15.0,2022-07-23,nyköbing,jörgen lorentzen,3.0,1640.0,,2.52,,14.4,2022-07-16,årjäng,erik adielsson,3.0,2140.0,,29.35,110.0,15.8,21,1,1,1,1,0,,878.0240901127003,,,4231.196882217894,9.0,20.0,34.0,28.0,7.0,0.038873629932889384,38.0,0.5,False,False,False,False,False,False,0.027997174002592426,0.029064100763317866,0.00043439525,0.005197917,0.04431188687511185,0.036276079281067596,0.003741341,0.0043897433,8.345418589816973e-05
2022-10-22,jägersro,3,2,extreme a.f.,4,v,erik adielsson,2140.0,1,2140.0,110000.0,2.0,5.0,15.46,3.28,2022-07-30,kalmar,stefan persson,1.0,2640.0,4.0,2.34,35.0,16.3,2022-07-12,vaggeryd,stefan persson,1.0,2148.0,4.0,7.07,22.0,14.7,2022-06-16,åby,stefan persson,8.0,2140.0,4.0,8.29,35.0,15.7,2022-06-05,axevalla,stefan persson,8.0,2140.0,4.0,6.21,15.0,15.4,2022-03-29,axevalla,stefan persson,8.0,1640.0,4.0,7.8,25.0,30.0,15,0,1,0,0,1,6487.769258055282,5143.665449037786,195.91365584102618,128.25559393814711,165.57725979346156,84.0,18.0,26.0,11.0,68.0,0.0914997538413702,36.0,0.4166666666666667,False,False,False,False,False,False,0.042959926171119184,0.040727964395307015,0.06423215,0.056426328,0.04398784577103978,0.03928223819399918,0.052437514,0.05125543,0.0023295677310480947
2022-10-22,jägersro,3,3,forest photo,5,v,axel jacobsen,2140.0,1,2140.0,110000.0,3.0,1.0,53.72,9.61,2022-10-12,jägersro,axel jacobsen,4.0,2140.0,5.0,7.79,60.0,14.7,2022-09-20,jägersro,christian nissen,3.0,1640.0,5.0,6.12,30.0,14.6,2022-08-26,charlottenlund,steffen christiansen,1.0,2000.0,5.0,3.56,,15.2,2022-08-12,charlottenlund,axel jacobsen,1.0,2000.0,5.0,36.59,,14.4,2022-07-19,jägersro,christian nissen,1.0,2140.0,5.0,,30.0,15.6,26,1,1,1,1,1,1895.3755572212776,2209.670505430644,,,6006.507181794034,10.0,22.0,25.0,14.0,24.0,0.03210426761329775,40.0,0.6666666666666666,False,False,False,True,False,False,0.022096403976315716,0.023081714040011324,0.0008930098,0.00592023,0.028317407607383632,0.02076897007946433,0.0036930146,0.0040997854,7.000011722682697e-05
2022-10-22,jägersro,3,4,smile silvio,4,v,johan untersteiner,2140.0,1,2140.0,110000.0,4.0,26.0,4.15,1.75,2022-10-08,åby,johan untersteiner,1.0,2140.0,1.0,1.67,50.0,13.4,2022-09-15,åby,peter untersteiner,1.0,2140.0,1.0,1.72,35.0,14.1,2022-08-25,åby,johan untersteiner,1.0,2140.0,1.0,1.48,30.0,15.9,2022-08-05,åby,johan untersteiner,1.0,2140.0,1.0,1.82,30.0,16.7,2022-07-22,axevalla,peter untersteiner,1.0,2140.0,1.0,3.23,50.0,30.0,4,1,1,0,0,0,7754.367427987846,6487.769258055282,6006.507181794034,6006.507181794034,7754.367427987846,14.0,23.0,21.0,20.0,14.0,0.1898012592957272,15.0,0.16666666666666666,False,False,False,True,False,True,0.19514053927412822,0.24964385426134308,0.15011983,0.14401917,0.19267627192288808,0.2169427848743045,0.11726744,0.11629581,0.02783623020942734
2022-10-22,jägersro,3,5,warrior's tale,4,v,johnny takter,2140.0,1,2140.0,110000.0,5.0,7.0,9.01,2.44,2022-10-03,halmstad,johnny takter,20.0,1640.0,7.0,2.23,30.0,30.0,2022-09-20,jägersro,johnny takter,3.0,2160.0,7.0,3.41,30.0,14.9,2022-09-03,jägersro,johnny takter,6.0,2140.0,7.0,2.45,100.0,15.4,2022-08-02,solvalla,erik adielsson,6.0,2160.0,7.0,3.85,40.0,14.2,2022-07-19,jägersro,johnny takter,6.0,2160.0,7.0,3.26,30.0,14.3,10,1,0,0,0,0,0.4495980537908989,2209.670505430644,900.1713130052182,569.3183266881678,493.04413375200147,19.0,13.0,17.0,32.0,14.0,0.06844505480268442,34.0,0.3333333333333333,False,False,False,True,True,True,0.058359277044211184,0.0591307400187968,0.060116105,0.07336349,0.055965107019550916,0.04951840527540003,0.10389208,0.09596867,0.004528428210020324
2022-10-22,jägersro,3,6,con crowe,4,v,stefan persson,2140.0,1,2140.0,110000.0,6.0,41.0,2.38,1.41,2022-09-27,åby,robbin bot,1.0,2140.0,6.0,2.71,30.0,15.1,2022-08-23,jägersro,michael nimczyk,15.0,2640.0,6.0,21.09,200.0,14.0,2022-07-29,halmstad,michael nimczyk,1.0,2140.0,6.0,1.3,30.0,13.2,2022-07-05,jägersro,michael nimczyk,1.0,2140.0,6.0,1.77,30.0,14.7,2022-06-21,jägersro,michael nimczyk,1.0,1640.0,6.0,2.49,30.0,12.6,1,1,1,1,0,1,6006.507181794034,14.142135623730951,6006.507181794034,6006.507181794034,6006.507181794034,25.0,35.0,25.0,24.0,14.0,0.14899074961780634,0.0,0.08333333333333333,False,False,False,False,False,False,0.32030682243582786,0.36004722118900084,0.15847029,0.20077467,0.2853287331547942,0.3421538033754912,0.099852875,0.11787916,0.04531445134935867
2022-10-22,jägersro,3,7,lozano boko,4,v,rick ebbinge,2140.0,1,2140.0,110000.0,7.0,13.0,7.02,2.12,2022-10-04,kalmar,kevin oscarsson,20.0,2640.0,4.0,4.17,110.0,30.0,2022-09-19,halmstad,rick ebbinge,2.0,2140.0,4.0,3.02,35.0,14.3,2022-08-15,halmstad,rick ebbinge,1.0,2140.0,4.0,4.4,30.0,13.6,2022-07-25,tingsryd,rick ebbinge,1.0,1609.0,4.0,2.43,22.0,11.1,2022-06-30,åby,rick ebbinge,1.0,2140.0,4.0,20.52,35.0,14.6,7,1,1,1,1,1,0.8609147285877977,3935.0309681516123,6006.507181794034,5143.665449037786,6487.769258055282,18.0,15.0,35.0,21.0,25.0,0.09056046433291011,28.0,0.25,False,False,False,False,True,True,0.079049791958752,0.0737852719599141,0.21106169,0.18272883,0.07628436444761703,0.06862509905509148,0.20800701,0.25359753,0.015787272148484733
2022-10-22,jägersro,3,8,steady victory,4,v,peter untersteiner,2140.0,1,2140.0,110000.0,8.0,2.0,29.98,5.46,2022-08-20,örebro,örjan kihlström,8.0,2140.0,5.0,10.59,110.0,15.7,2022-07-23,axevalla,peter untersteiner,1.0,2140.0,5.0,2.86,50.0,14.3,2022-07-12,jägersro,peter untersteiner,4.0,2640.0,5.0,4.9,30.0,15.0,2022-06-30,åby,johan untersteiner,4.0,1640.0,5.0,3.46,30.0,12.3,2022-06-15,åmål,magnus jakobsson,4.0,2480.0,5.0,5.84,60.0,30.0,21,0,1,1,1,1,347.31779025430075,7754.367427987846,1340.2329094063966,1340.2329094063966,1895.3755572212776,63.0,28.0,11.0,12.0,15.0,0.10974140388153292,39.0,0.5833333333333334,False,False,False,False,True,True,0.027034532360538106,0.0262195284693116,0.030800968,0.03191098,0.0382742723019331,0.032090431548914645,0.03829268,0.036060307,0.0010426030183507073
2022-10-22,jägersro,3,9,remburs r.d.,5,v,svend dyhrberg,2140.0,1,2140.0,110000.0,9.0,2.0,24.27,4.72,2022-10-04,kalmar,svend dyhrberg,3.0,2640.0,12.0,57.07,110.0,15.2,2022-09-19,halmstad,svend dyhrberg,5.0,2140.0,12.0,67.19,35.0,14.5,2022-08-31,åby,svend dyhrberg,6.0,2640.0,12.0,20.86,60.0,15.0,2022-08-08,kalmar,svend dyhrberg,6.0,2140.0,12.0,9.13,25.0,13.9,2022-07-23,axevalla,svend dyhrberg,6.0,2140.0,12.0,11.15,50.0,14.6,19,1,1,1,1,1,4231.196882217894,878.0240901127003,697.2697008005748,450.0856565026091,636.517239655588,18.0,15.0,19.0,23.0,16.0,0.06762884460912601,39.0,0.5833333333333334,False,False,False,True,True,True,0.018974369508373383,0.019861062066975018,0.00015209103,0.0021832618,0.030000026941484965,0.022429489703283335,0.0009726514,0.0018297598,1.967514287394503e-05
2022-10-22,jägersro,3,10,come along,5,v,victor rosleff,2140.0,1,2140.0,110000.0,10.0,0.0,56.63,9.15,2022-10-05,åby,victor rosleff,4.0,2640.0,4.0,4.32,60.0,16.2,2022-09-21,åby,victor rosleff,3.0,2640.0,4.0,40.82,60.0,15.1,2022-08-29,halmstad,victor rosleff,2.0,2640.0,4.0,5.04,35.0,17.3,2022-08-21,vaggeryd,victor rosleff,2.0,2148.0,4.0,24.27,35.0,15.4,2022-08-05,åby,victor rosleff,2.0,2160.0,4.0,86.21,30.0,16.7,26,1,0,0,0,0,1895.3755572212776,3124.9459971558285,3935.0309681516123,3935.0309681516123,3643.130763542206,17.0,14.0,23.0,8.0,16.0,0.07233177001010546,41.0,0.75,False,False,False,True,True,True,0.017709385168297943,0.017605315848687016,0.02630301,0.017729614,0.030808539553373083,0.026982858782610322,0.016225712,0.014009843,0.0004071336833344218
2022-10-22,jägersro,3,11,al pacino,4,v,adrian kolgjini,2140.0,1,2140.0,110000.0,11.0,1.0,24.57,5.44,2022-10-04,kalmar,dante kolgjini,5.0,2640.0,5.0,23.21,110.0,15.5,2022-09-13,jägersro,dante kolgjini,2.0,2140.0,5.0,2.57,30.0,15.6,2022-09-03,jägersro,adrian kolgjini,20.0,1640.0,5.0,11.67,110.0,30.0,2022-08-25,åby,adrian kolgjini,20.0,1640.0,5.0,5.86,40.0,11.8,2022-08-09,vaggeryd,dante kolgjini,20.0,2650.0,5.0,4.37,22.0,15.8,19,1,0,0,1,1,1556.570344516668,3643.130763542206,0.8609147285877977,0.5191511147666147,0.38501277119061944,18.0,21.0,10.0,9.0,16.0,0.06410488948773094,40.0,0.6666666666666666,False,False,False,False,False,True,0.022821223126713884,0.021079209862559782,0.0006490768,0.0018520252,0.033226263380141424,0.02998374529363904,0.004051322,0.0034398623,5.323047745526914e-05
2022-10-22,jägersro,3,12,ståhlebos mums,7,v,tyler mifsud,2140.0,1,2140.0,110000.0,12.0,0.0,78.2,15.91,2022-09-13,jägersro,henriette larsen,15.0,2640.0,7.0,10.14,30.0,17.3,2022-08-30,jägersro,henriette larsen,3.0,2160.0,7.0,18.15,30.0,15.9,2022-07-20,karlshamn,iina aho,1.0,1680.0,7.0,2.36,20.0,17.2,2022-07-03,tingsryd,lee nimåker,1.0,1609.0,7.0,4.59,10.0,15.5,2022-06-18,halmstad,henriette larsen,1.0,2140.0,7.0,27.5,10.0,16.0,29,1,0,1,1,1,5.477225575051661,2209.670505430644,4904.29257725266,3467.858538298206,3467.858538298206,39.0,14.0,41.0,17.0,15.0,0.025917912574819266,41.0,0.75,False,False,False,False,False,False,0.01789034311093903,0.01634169480421835,0.001525737,0.007306108,0.0310051378200813,0.02147546139214916,0.0043631713,0.0044661597,8.063963444588848e-05
2022-10-22,jägersro,4,1,il vole,7,v,stephanie j werder,3140.0,1,3140.0,110000.0,1.0,0.0,90.91,12.96,2022-10-09,tingsryd,stephanie j werder,1.0,1609.0,4.0,1.94,10.0,14.5,2022-09-18,vaggeryd,stephanie j werder,2.0,2168.0,4.0,48.28,20.0,16.6,2022-09-13,jägersro,niklas lindblad,15.0,2160.0,4.0,54.46,30.0,17.5,2022-07-20,karlshamn,stephanie j werder,15.0,1680.0,4.0,4.16,20.0,17.5,2022-07-12,jägersro,johnny takter,15.0,1640.0,4.0,90.81,35.0,13.0,29,1,0,0,1,1,3467.858538298206,2974.603812304827,5.477225575051661,4.47213595499958,5.916079783099616,13.0,21.0,5.0,55.0,8.0,0.017597362063461054,44.0,0.5714285714285714,False,False,False,True,True,False,0.017914674704067456,0.017988921888794848,0.00052945147,0.003860544,0.024249743733224017,0.01864308933394227,0.0049912464,0.0042948606,5.0265263136445244e-05
2022-10-22,jägersro,4,2,kash keeper,4,h,örjan kihlström,3140.0,1,3140.0,110000.0,2.0,44.0,2.15,1.4,2022-09-16,kalmar,örjan kihlström,1.0,2140.0,3.0,2.11,30.0,14.2,2022-08-09,solvalla,ulf ohlsson,2.0,2140.0,3.0,12.22,50.0,12.2,2022-07-30,bollnäs,ulf ohlsson,4.0,2640.0,3.0,3.63,110.0,14.8,2022-07-14,örebro,ulf ohlsson,4.0,3160.0,3.0,2.88,50.0,16.1,2022-05-25,romme,örjan kihlström,4.0,2140.0,3.0,2.91,35.0,13.7,1,0,1,1,0,1,6006.507181794034,4703.261591751624,2566.350636345657,1730.2332460566959,1447.6169935559349,36.0,38.0,10.0,16.0,50.0,0.09050276135156127,0.0,0.07142857142857142,False,False,False,True,False,False,0.309753659975935,0.3634946589702802,0.21379475,0.25385627,0.2761289708145004,0.29803707663968126,0.14886284,0.22186778,0.06383965895200487
2022-10-22,jägersro,4,3,america dream,4,h,axel jacobsen,3140.0,1,3140.0,110000.0,3.0,3.0,26.51,4.89,2022-10-04,kalmar,axel jacobsen,20.0,2640.0,2.0,10.59,110.0,30.0,2022-09-09,charlottenlund,axel jacobsen,1.0,2520.0,2.0,1.9,,15.3,2022-08-27,charlottenlund,axel jacobsen,2.0,2000.0,2.0,7.28,,17.3,2022-08-15,halmstad,axel jacobsen,2.0,2140.0,2.0,5.41,30.0,13.6,2022-07-24,charlottenlund,axel jacobsen,2.0,2000.0,2.0,2.34,,15.3,20,1,0,1,1,1,0.8609147285877977,,,3643.130763542206,,18.0,25.0,13.0,12.0,22.0,0.04729797342050214,41.0,0.35714285714285715,False,False,False,True,True,True,0.05311397957232663,0.036643045597407255,9.8304394e-05,0.002453643,0.03967935264202437,0.032712062816308965,0.00089275977,0.0019718749,3.2182352655135465e-05
2022-10-22,jägersro,4,4,bowler day,4,v,fredrik persson,3140.0,1,3140.0,110000.0,4.0,5.0,14.85,3.27,2022-09-29,visby,fredrik persson,1.0,2120.0,4.0,1.24,12.0,15.3,2022-09-16,kalmar,fredrik persson,3.0,2140.0,4.0,17.34,30.0,14.3,2022-08-27,kalmar,stefan persson,3.0,2160.0,4.0,4.47,25.0,14.2,2022-07-30,kalmar,fredrik persson,3.0,2140.0,4.0,5.73,80.0,14.9,2022-07-30,kalmar,fredrik persson,3.0,1640.0,4.0,3.42,30.0,13.0,15,0,0,0,0,1,3798.8486953256406,2209.670505430644,2017.1439674636756,3608.376825321922,2209.670505430644,23.0,13.0,20.0,28.0,0.0,0.057928819551989176,39.0,0.2857142857142857,False,False,False,True,True,False,0.06300368837711756,0.047189752341408514,0.061216433,0.053874467,0.05251826041319537,0.04796988323723844,0.047388062,0.043115657,0.002665397003339699
2022-10-22,jägersro,4,5,highlove tech,5,v,kevin oscarsson,3140.0,1,3140.0,110000.0,5.0,1.0,40.75,6.69,2022-10-08,åby,christoffer eriksson,2.0,1640.0,5.0,26.24,100.0,12.0,2022-09-13,jägersro,christoffer eriksson,4.0,2140.0,5.0,4.31,30.0,16.2,2022-08-31,åby,sigmund jakobsen,1.0,2140.0,5.0,1.26,40.0,15.6,2022-07-22,axevalla,anton knutsson,1.0,2140.0,5.0,7.65,50.0,13.7,2022-07-09,halmstad,christoffer eriksson,1.0,2640.0,5.0,32.81,100.0,14.5,24,1,0,1,1,1,6651.416330443618,1340.2329094063966,6935.717076596412,7754.367427987846,10966.331584284586,14.0,25.0,13.0,40.0,13.0,0.04827004541101015,43.0,0.5,False,False,False,False,False,False,0.02781200258364651,0.026637994744050753,0.034878615,0.021704096,0.03980627393663779,0.03185259415933278,0.024117384,0.018230911,0.0007477689229956855
2022-10-22,jägersro,4,6,darlington,7,v,björn goop,3140.0,1,3160.0,110000.0,1.0,2.0,35.21,6.65,2022-09-30,axevalla,preben sövik,15.0,1640.0,11.0,32.13,60.0,13.4,2022-09-16,kalmar,örjan kihlström,1.0,1640.0,11.0,4.28,25.0,12.9,2022-08-26,charlottenlund,preben sövik,5.0,1600.0,11.0,8.42,,13.1,2022-08-15,halmstad,preben sövik,5.0,2140.0,11.0,25.47,30.0,14.3,2022-08-08,kalmar,kim eriksson,5.0,2640.0,11.0,9.12,25.0,30.0,22,1,1,1,1,1,7.745966692414834,5483.165792142293,,812.8923507108439,742.065795512883,22.0,14.0,21.0,11.0,7.0,0.04987110516008215,42.0,0.42857142857142855,False,False,False,False,False,False,0.035317640092991126,0.02648764661932365,0.0009613658,0.0016554641,0.035049459764681164,0.030909027337479366,0.0022953977,0.0026502626,5.5967930408565155e-05
2022-10-22,jägersro,4,7,digital indy,5,v,victor rosleff,3140.0,1,3160.0,110000.0,2.0,1.0,36.53,6.71,2022-10-09,charlottenlund,rene kjaer,2.0,2970.0,,8.96,,16.6,2022-07-24,charlottenlund,victor rosleff,5.0,2000.0,,12.08,,16.9,2022-07-07,halmstad,victor rosleff,15.0,3140.0,,108.84,200.0,14.8,2022-04-13,åby,stefan persson,15.0,2660.0,,6.29,60.0,15.2,2022-03-26,solvalla,stefan persson,15.0,2140.0,,15.98,220.0,13.8,23,0,1,0,0,1,,,14.142135623730951,7.745966692414834,14.832396974191326,13.0,77.0,17.0,85.0,18.0,0.07169983941751921,43.0,0.5,False,False,False,False,True,True,0.025870285735348438,0.026305398840779953,0.00037249952,0.0016129783,0.033866739494955916,0.03445438515677939,0.0026224523,0.0025140247,4.211374357313561e-05
2022-10-22,jägersro,4,8,son of sizzling,6,v,jan dahlgaard,3140.0,1,3160.0,110000.0,3.0,1.0,30.71,5.42,2022-10-03,halmstad,jan dahlgaard,6.0,2140.0,5.0,18.82,60.0,13.1,2022-09-17,ålborg,jan dahlgaard,3.0,3160.0,5.0,11.16,,16.0,2022-08-28,charlottenlund,jan dahlgaard,5.0,2970.0,5.0,59.21,,14.6,2022-08-05,skive,jan dahlgaard,5.0,2060.0,5.0,5.12,,16.0,2022-07-07,halmstad,jörgen sjunnesson,5.0,3140.0,5.0,72.86,200.0,14.4,21,1,0,0,1,0,697.2697008005748,,,,2098.879024374998,19.0,16.0,20.0,23.0,29.0,0.051291092675628154,43.0,0.5,False,False,False,True,True,True,0.023393399814032618,0.023487629998527125,0.00021738911,0.0034209886,0.028146306538739195,0.02281523449024232,0.0017647721,0.0028652316,3.3939400436360125e-05
2022-10-22,jägersro,4,9,elephant,6,v,thomas uhrberg,3140.0,1,3160.0,110000.0,4.0,1.0,37.81,6.72,2022-10-03,halmstad,thomas uhrberg,15.0,2140.0,12.0,44.52,60.0,13.4,2022-09-11,århus,steen juul,3.0,1800.0,12.0,4.67,,13.9,2022-06-26,århus,steen juul,15.0,2900.0,12.0,5.61,,17.3,2022-06-09,halmstad,steen juul,15.0,2140.0,12.0,4.72,30.0,12.7,2022-05-15,charlottenlund,mads hviid,15.0,2950.0,12.0,100.61,,15.2,23,1,1,0,1,0,7.745966692414834,,,5.477225575051661,,19.0,22.0,77.0,17.0,25.0,0.08150156532180824,43.0,0.5,False,False,False,True,False,False,0.023163436457078985,0.02308777889855415,0.012638615,0.015481583,0.03144378433088876,0.02808023423973086,0.014750246,0.018557027,0.00039878223275351674
2022-10-22,jägersro,4,10,protector tile,5,v,peter ingves,3140.0,1,3160.0,110000.0,5.0,5.0,17.67,3.96,2022-10-14,kalmar,stefan persson,3.0,1640.0,5.0,4.33,40.0,12.7,2022-09-18,vaggeryd,stefan persson,1.0,1646.0,5.0,2.23,22.0,13.1,2022-09-05,halmstad,christoffer eriksson,3.0,1640.0,5.0,3.16,25.0,12.3,2022-08-30,jägersro,simon helm,3.0,1640.0,5.0,1.92,30.0,12.9,2022-08-11,åby,simon helm,3.0,2140.0,5.0,6.44,35.0,12.7,16,1,1,1,1,1,2551.5077222615173,5143.665449037786,2017.1439674636756,2209.670505430644,2386.7169291026403,8.0,26.0,13.0,6.0,19.0,0.0682308766278632,39.0,0.2857142857142857,False,False,False,False,False,False,0.06750731591622566,0.05253138249400863,0.0009991038,0.0017887608,0.0587873639338911,0.05250228387270512,0.0057547516,0.00418753,0.00014734818954888763
2022-10-22,jägersro,4,11,gravity pace,6,v,stefan persson,3140.0,1,3180.0,110000.0,1.0,0.0,63.97,10.1,2022-09-04,jägersro,alex persson,15.0,2140.0,8.0,96.39,150.0,13.9,2022-08-22,halmstad,alex persson,3.0,2140.0,8.0,14.34,30.0,14.8,2022-07-26,jägersro,kevin oscarsson,5.0,3140.0,8.0,58.14,250.0,15.3,2022-07-20,karlshamn,kevin oscarsson,5.0,2480.0,8.0,21.82,80.0,15.2,2022-07-07,halmstad,henrik blomberg,5.0,1640.0,8.0,73.47,125.0,11.6,27,1,1,0,1,1,12.24744871391589,2209.670505430644,2346.6180875254668,1327.447650035412,1659.309562544265,48.0,13.0,27.0,6.0,13.0,0.0631274986776962,44.0,0.5714285714285714,False,False,False,False,False,False,0.019462738704402332,0.020194504605411456,0.00031307095,0.0014096388,0.027263379612364604,0.022878699519219076,0.0015095049,0.002054024,2.406632113909336e-05
2022-10-22,jägersro,4,12,manual flight,4,h,conrad lugauer,3140.0,1,3180.0,110000.0,2.0,11.0,8.04,2.58,2022-10-08,åby,marc elias,15.0,2140.0,5.0,2.33,150.0,18.7,2022-09-04,jägersro,hanna lähdekorpi,1.0,2140.0,5.0,4.56,150.0,12.7,2022-08-23,jägersro,conrad lugauer,20.0,2640.0,5.0,95.32,200.0,30.0,2022-07-26,jägersro,conrad lugauer,20.0,1640.0,5.0,6.01,80.0,11.3,2022-07-07,halmstad,conrad lugauer,20.0,1609.0,5.0,15.51,100.0,11.5,9,1,1,1,1,1,12.24744871391589,13430.958365832146,1.160857183212945,0.7341905474240576,0.820849986238988,14.0,34.0,12.0,28.0,19.0,0.20951963442469063,33.0,0.21428571428571427,False,False,False,False,False,True,0.11851894531167466,0.11570746348478342,0.35198855,0.2764042,0.11560726873234534,0.10675481821539261,0.30071667,0.30896214,0.03516935715965542
2022-10-22,jägersro,4,13,chablis d.k.,8,v,steen juul,3140.0,1,3180.0,110000.0,3.0,2.0,26.29,5.44,2022-10-09,charlottenlund,nicole marsing,1.0,2000.0,,1.2,,15.3,2022-09-17,ålborg,steen juul,4.0,3180.0,,9.5,,15.6,2022-08-28,charlottenlund,thomas uhrberg,15.0,2990.0,,20.7,,14.4,2022-07-31,odense,steen juul,15.0,3200.0,,1.8,,15.7,2022-07-10,nyköbing,steen juul,15.0,3200.0,,2.2,,15.8,20,1,0,0,0,0,,,,,,13.0,22.0,20.0,28.0,21.0,0.05665178379975317,42.0,0.42857142857142855,False,False,False,False,True,False,0.040405276277544304,0.02676314857158779,0.0005907366,0.001670227,0.04326387640753029,0.04411698701379572,0.0023567236,0.0030093277,6.164722436117921e-05
2022-10-22,jägersro,4,14,even steven,6,h,flemming jensen,3140.0,1,3180.0,110000.0,4.0,15.0,4.46,1.87,2022-10-09,charlottenlund,flemming jensen,20.0,2990.0,,2.1,,30.0,2022-09-17,ålborg,flemming jensen,2.0,3180.0,,2.52,,15.3,2022-08-28,charlottenlund,flemming jensen,2.0,2000.0,,4.51,,12.3,2022-08-13,åby,flemming jensen,2.0,3180.0,,4.36,100.0,30.0,2022-07-23,axevalla,flemming jensen,2.0,3180.0,,5.52,100.0,14.8,4,0,0,1,0,0,,,,6651.416330443618,6651.416330443618,13.0,22.0,20.0,15.0,21.0,0.08650964209643526,29.0,0.14285714285714285,False,False,False,True,True,True,0.13426063407851108,0.10870200577821182,0.49955562,0.45214123,0.1418870988819991,0.14378530523656852,0.4654094,0.53395426,0.06393817063024428
2022-10-22,jägersro,5,1,bravo sabotage,6,v,stefan persson,1640.0,0,1640.0,110000.0,1.0,47.0,2.38,1.45,2022-10-04,kalmar,stefan persson,1.0,2140.0,5.0,2.21,60.0,13.0,2022-09-03,jägersro,stefan persson,15.0,2140.0,5.0,14.11,110.0,13.3,2022-08-18,åby,stefan persson,1.0,2140.0,5.0,6.94,30.0,13.6,2022-07-21,karlshamn,stefan persson,1.0,1680.0,5.0,1.28,22.0,13.0,2022-07-11,kalmar,stefan persson,1.0,1640.0,5.0,1.4,25.0,12.5,1,1,1,1,1,1,8494.48391898452,10.488088481701515,6006.507181794034,5143.665449037786,5483.165792142293,18.0,31.0,16.0,28.0,10.0,0.09589884064799935,0.0,0.08333333333333333,False,False,False,True,True,True,0.3774924523923437,0.4102368599816486,0.38740167,0.4400009,0.3184855552881406,0.36705348302251106,0.36233532,0.35540116,0.14118925622627201
2022-10-22,jägersro,5,2,wish me magic,5,v,hanna lähdekorpi,1640.0,0,1640.0,110000.0,2.0,15.0,5.32,1.8,2022-10-05,åby,hanna lähdekorpi,15.0,2140.0,11.0,8.03,110.0,14.1,2022-09-21,åby,hanna lähdekorpi,1.0,1640.0,11.0,3.11,40.0,11.2,2022-08-31,solvalla,victor rosleff,4.0,2140.0,11.0,13.15,200.0,13.0,2022-08-13,åby,hanna lähdekorpi,4.0,2140.0,11.0,10.36,220.0,12.0,2022-07-23,axevalla,victor rosleff,4.0,2160.0,11.0,2.82,110.0,13.3,5,1,1,0,1,0,10.488088481701515,6935.717076596412,3460.4664921133917,3629.3678757248513,2566.350636345657,17.0,14.0,21.0,18.0,21.0,0.10539659543643608,32.0,0.16666666666666666,False,False,False,True,True,False,0.12564311867523725,0.11639473227523858,0.18692786,0.22831541,0.10081163992170154,0.11031759696149415,0.08626856,0.13884802,0.016980764928230637
2022-10-22,jägersro,5,3,beware kronos,5,s,dwight pieters,1640.0,0,1640.0,110000.0,3.0,1.0,36.2,5.71,2022-10-05,åby,dwight pieters,1.0,1640.0,5.0,7.09,60.0,12.3,2022-09-28,jägersro,magnus a djuse,15.0,2160.0,5.0,9.04,60.0,16.4,2022-09-19,halmstad,magnus a djuse,2.0,2140.0,5.0,4.13,40.0,12.9,2022-09-04,jägersro,mika forss,2.0,1660.0,5.0,11.44,110.0,14.9,2022-08-14,tingsryd,markus forss,2.0,1609.0,5.0,4.78,10.0,11.2,23,1,0,1,0,1,8494.48391898452,7.745966692414834,4206.725054048198,6976.064300232707,2103.362527024099,17.0,7.0,9.0,15.0,21.0,0.05042143869359279,46.0,0.6666666666666666,False,False,False,True,False,False,0.027463817578665218,0.02478161905994103,0.000698257,0.0016518545,0.03220685330475384,0.02893341914012463,0.0031858557,0.002545892,4.935406757591479e-05
2022-10-22,jägersro,5,4,thai sansa,5,s,mads hviid,1640.0,0,1640.0,110000.0,4.0,3.0,16.14,3.88,2022-10-05,åby,nicklas korfitsen,2.0,1640.0,10.0,3.86,60.0,12.5,2022-09-16,ålborg,nicklas korfitsen,1.0,1640.0,10.0,4.24,,11.3,2022-08-27,charlottenlund,nicklas korfitsen,2.0,2000.0,10.0,15.95,,16.4,2022-08-08,ålborg,bo westergaard,2.0,1640.0,10.0,1.84,,11.8,2022-07-10,jarlsberg,bo westergaard,2.0,2100.0,10.0,6.58,,13.3,15,1,1,1,1,1,5152.164935300037,,,,,17.0,19.0,20.0,19.0,29.0,0.06577045744647184,44.0,0.5,False,False,False,False,False,False,0.03774847396819984,0.029705397936239136,0.0011781871,0.0018429761,0.043520517502066036,0.04619891290115264,0.002922987,0.002990232,8.087821978281663e-05
2022-10-22,jägersro,5,5,akilles face,4,v,adrian kolgjini,1640.0,0,1640.0,110000.0,5.0,7.0,9.57,3.43,2022-09-21,åby,adrian kolgjini,15.0,3160.0,4.0,3.27,150.0,15.8,2022-08-23,jägersro,adrian kolgjini,20.0,2640.0,4.0,20.0,200.0,30.0,2022-08-13,åby,adrian kolgjini,20.0,2140.0,4.0,4.07,220.0,30.0,2022-07-26,jägersro,adrian kolgjini,20.0,1640.0,4.0,21.19,200.0,10.8,2022-07-09,halmstad,adrian kolgjini,20.0,2140.0,4.0,14.88,110.0,12.9,10,0,1,1,1,1,12.24744871391589,1.160857183212945,1.2175172852156155,1.160857183212945,0.8609147285877977,31.0,29.0,10.0,18.0,17.0,0.08926693930368552,40.0,0.3333333333333333,False,False,False,True,True,True,0.06140882404143352,0.052476092596472367,0.0010520862,0.0017377066,0.05410878076051564,0.044151978419955724,0.0046009817,0.004140388,0.0001279624031250881
2022-10-22,jägersro,5,6,charlock wiking,8,v,magnus jakobsson,1640.0,0,1640.0,110000.0,6.0,2.0,12.99,3.88,2022-10-05,åby,magnus jakobsson,5.0,2140.0,8.0,28.09,110.0,13.1,2022-09-17,färjestad,magnus jakobsson,5.0,1640.0,8.0,7.41,110.0,10.2,2022-09-07,åby,magnus jakobsson,1.0,2180.0,8.0,6.12,60.0,14.1,2022-08-08,färjestad,magnus jakobsson,1.0,1640.0,8.0,6.87,40.0,11.7,2022-07-16,årjäng,magnus jakobsson,1.0,1640.0,8.0,76.95,110.0,11.8,13,1,1,0,1,1,1556.570344516668,1556.570344516668,8494.48391898452,6935.717076596412,11501.58559756547,17.0,18.0,10.0,30.0,23.0,0.0714986479501236,45.0,0.5833333333333334,False,False,False,True,True,True,0.03290278232230771,0.026944760615609784,0.00095715077,0.0018631048,0.03787860156723266,0.03099329186373583,0.004292233,0.0032147146,7.113821788625584e-05
2022-10-22,jägersro,5,7,inspiration,4,h,joakim lövgren,1640.0,0,1640.0,110000.0,7.0,10.0,14.24,3.33,2022-10-03,halmstad,joakim lövgren,1.0,2140.0,3.0,1.89,60.0,12.8,2022-09-23,kalmar,stefan persson,2.0,2180.0,3.0,1.58,40.0,13.4,2022-08-23,jägersro,joakim lövgren,15.0,2640.0,3.0,11.56,200.0,13.6,2022-08-13,åby,joakim lövgren,15.0,2140.0,3.0,13.77,220.0,12.1,2022-07-23,axevalla,joakim lövgren,15.0,1640.0,3.0,2.98,110.0,11.5,14,1,0,1,1,1,8494.48391898452,4206.725054048198,14.142135623730951,14.832396974191326,10.488088481701515,19.0,10.0,31.0,10.0,21.0,0.09122908190714635,37.0,0.25,False,False,False,True,False,True,0.10366017612592876,0.0887739946485291,0.20301396,0.18269123,0.09178012398176519,0.10069126085715205,0.1854914,0.22104926,0.018963724726429265
2022-10-22,jägersro,5,8,ture l.a.,5,v,peter untersteiner,1640.0,0,1640.0,110000.0,8.0,1.0,39.94,8.12,2022-10-04,kalmar,johan untersteiner,2.0,2140.0,10.0,6.32,60.0,13.1,2022-08-25,åby,johan untersteiner,5.0,2660.0,10.0,2.75,40.0,14.2,2022-08-13,åby,johan untersteiner,7.0,2140.0,10.0,31.45,220.0,11.7,2022-07-23,axevalla,johan untersteiner,7.0,2640.0,10.0,15.54,110.0,30.0,2022-07-09,halmstad,johan untersteiner,7.0,2140.0,10.0,2.56,110.0,13.7,24,1,0,1,1,0,5152.164935300037,938.6472350101867,809.8214353480527,572.6302284848314,572.6302284848314,18.0,40.0,12.0,21.0,14.0,0.11699714821209425,46.0,0.6666666666666666,False,False,False,False,False,False,0.04175453764871596,0.028455826179454375,0.084131025,0.09966716,0.04010524098252232,0.040274145442956245,0.23492642,0.21813259,0.005358777851937289
2022-10-22,jägersro,5,9,gazza b.r.,8,v,björn goop,1640.0,0,1640.0,110000.0,9.0,5.0,15.74,3.14,2022-10-02,årjäng,björn goop,1.0,1640.0,5.0,1.47,35.0,12.1,2022-09-17,färjestad,björn goop,6.0,1640.0,5.0,13.73,110.0,10.3,2022-08-29,färjestad,björn goop,1.0,1640.0,5.0,5.64,30.0,11.1,2022-07-24,axevalla,björn goop,1.0,2140.0,5.0,27.09,100.0,13.2,2022-07-08,arvika,björn goop,1.0,2500.0,5.0,2.44,30.0,18.6,15,1,1,1,1,0,6487.769258055282,944.1076379488159,6006.507181794034,10966.331584284586,6006.507181794034,20.0,15.0,19.0,36.0,16.0,0.06457137029991245,42.0,0.4166666666666667,False,False,False,True,True,True,0.056540406720087304,0.04639037562362262,0.000832353,0.0017527045,0.05380798226482983,0.04942225991315276,0.0039563244,0.004374895,0.00011520145747149567
2022-10-22,jägersro,5,10,asnaur dei rum,6,v,victor rosleff,1640.0,0,1640.0,110000.0,10.0,7.0,11.55,3.17,2022-09-17,färjestad,carl johan jepson,15.0,1640.0,1.0,4.42,110.0,11.6,2022-08-28,charlottenlund,carl johan jepson,2.0,1600.0,1.0,12.4,,9.9,2022-08-13,åby,carl johan jepson,3.0,3180.0,1.0,3.51,100.0,13.4,2022-07-20,eskilstuna,carl johan jepson,3.0,1640.0,1.0,3.6,100.0,10.8,2022-06-26,milano,antonio di nardo,3.0,2250.0,1.0,4.5,,30.0,12,1,1,0,1,1,10.488088481701515,,4034.287934927351,4034.287934927351,,35.0,20.0,15.0,24.0,24.0,0.05698301234602631,40.0,0.3333333333333333,False,False,False,False,False,False,0.0616401684691089,0.05903831128067148,0.068637334,0.07364213,0.05559299766184098,0.04870342665450053,0.09423021,0.08389669,0.004454508264525879
2022-10-22,jägersro,5,11,stenson,5,v,thomas uhrberg,1640.0,0,1640.0,110000.0,11.0,0.0,58.63,9.88,2022-10-05,åby,thomas uhrberg,7.0,2140.0,5.0,8.76,110.0,13.3,2022-09-04,jägersro,håkan b johansson,6.0,2140.0,5.0,4.57,150.0,13.0,2022-08-13,åby,thomas uhrberg,6.0,2140.0,5.0,30.93,220.0,11.7,2022-07-16,årjäng,thomas uhrberg,6.0,1640.0,5.0,6.06,110.0,11.3,2022-06-26,kalmar,thomas uhrberg,6.0,2140.0,5.0,7.26,110.0,12.1,27,1,1,1,1,1,572.6302284848314,1102.4801989769737,1335.169825927243,944.1076379488159,944.1076379488159,17.0,31.0,22.0,28.0,20.0,0.08160122088873105,47.0,0.75,False,False,False,True,False,True,0.030371718823306058,0.025351020242146666,0.023948306,0.030875033,0.036474328839781106,0.031608838671378876,0.060317606,0.04276038,0.0011406624222196654
2022-10-22,jägersro,5,12,behind bars,6,v,johan untersteiner,1640.0,0,1640.0,110000.0,12.0,2.0,27.4,6.4,2022-10-08,åby,henriette larsen,1.0,2140.0,4.0,10.02,150.0,11.8,2022-09-04,jägersro,lukas svedin,7.0,2140.0,4.0,11.24,150.0,13.2,2022-08-20,berlin,jörgen sjunnesson,3.0,2500.0,4.0,20.1,,13.0,2022-07-26,jägersro,johan untersteiner,3.0,1640.0,4.0,4.51,80.0,30.0,2022-07-12,jägersro,jörgen sjunnesson,3.0,2140.0,4.0,26.93,150.0,12.6,20,1,1,1,1,1,13430.958365832146,668.6880424056193,,3608.376825321922,4940.973458019238,14.0,34.0,15.0,25.0,14.0,0.11036524686778042,45.0,0.5833333333333334,False,False,False,False,False,False,0.03863988068072885,0.026319522791117753,0.068328,0.08739856,0.042199622867893874,0.04154473799563208,0.12716159,0.115175076,0.00353377551650453
2022-10-22,jägersro,6,1,laradja vrijthout,7,v,conrad lugauer,1640.0,0,1640.0,125000.0,1.0,67.0,1.6,1.21,2022-09-28,jägersro,conrad lugauer,1.0,1640.0,1.0,1.75,60.0,11.3,2022-09-07,åby,conrad lugauer,20.0,1640.0,1.0,1.18,60.0,30.0,2022-08-29,halmstad,conrad lugauer,1.0,2140.0,1.0,1.75,125.0,12.6,2022-06-26,kalmar,conrad lugauer,1.0,2140.0,1.0,6.63,125.0,12.7,2022-06-12,bjerke,marc elias,1.0,1609.0,1.0,3.19,,11.4,0,1,1,1,1,1,8494.48391898452,0.6358276652876376,12260.73144313165,12260.73144313165,,24.0,21.0,9.0,64.0,14.0,0.1130694713958197,0.0,0.1,False,False,False,True,True,True,0.4011368912648685,0.5507537601219865,0.47166047,0.6020677,0.426626307338996,0.49536408368171536,0.4855028,0.5248496,0.24109095162829186
2022-10-22,jägersro,6,2,red mile brodde,6,v,victor rosleff,1640.0,0,1640.0,125000.0,2.0,1.0,34.08,3.74,2022-10-12,jägersro,jörgen sjunnesson,15.0,2660.0,4.0,7.25,60.0,15.0,2022-09-20,jägersro,jörgen sjunnesson,1.0,2160.0,4.0,2.7,30.0,14.8,2022-08-29,halmstad,jörgen sjunnesson,2.0,2140.0,4.0,10.48,125.0,12.7,2022-08-12,charlottenlund,jörgen sjunnesson,2.0,2000.0,4.0,2.13,,12.4,2022-07-26,jägersro,jörgen sjunnesson,2.0,2140.0,4.0,60.66,100.0,13.7,22,0,0,1,1,1,7.745966692414834,6006.507181794034,7436.509530762067,,6651.416330443618,10.0,22.0,22.0,17.0,17.0,0.08402322474959142,66.0,0.5,False,False,False,False,False,False,0.03581730624501959,0.02974856712875972,0.077766456,0.06752545,0.041745726236322694,0.04452240514100329,0.1547984,0.12996683,0.0038032256375703627
2022-10-22,jägersro,6,3,furies rain,5,v,peter untersteiner,1640.0,0,1640.0,125000.0,3.0,1.0,42.4,5.5,2022-09-24,solvalla,ulf ohlsson,7.0,2140.0,4.0,118.95,250.0,12.2,2022-09-17,färjestad,peter untersteiner,7.0,2640.0,4.0,37.44,125.0,13.5,2022-09-03,jägersro,peter untersteiner,4.0,2140.0,4.0,52.93,125.0,13.3,2022-08-20,örebro,örjan kihlström,4.0,2640.0,4.0,7.78,125.0,15.0,2022-07-29,halmstad,peter untersteiner,4.0,2140.0,4.0,8.99,35.0,12.6,24,1,1,1,0,1,863.2725506816674,610.4258745992146,2735.738970442854,2735.738970442854,1447.6169935559349,28.0,7.0,14.0,14.0,22.0,0.13153291767614717,66.0,0.5,False,False,False,False,True,True,0.034598291739078364,0.027840217543361426,0.0011671665,0.001744555,0.03693096755558121,0.03892000856127099,0.005080114,0.0042263167,8.820353044767099e-05
2022-10-22,jägersro,6,4,red bar,9,h,peter ingves,1640.0,0,1640.0,125000.0,4.0,1.0,18.68,3.46,2022-10-07,odense,morten friis,4.0,1640.0,,13.84,,11.7,2022-08-14,århus,morten friis,3.0,1800.0,,4.2,,13.7,2022-08-05,skive,birger jörgensen,3.0,2060.0,,4.84,,13.5,2022-07-10,nyköbing,morten friis,3.0,1640.0,,3.18,,12.6,2022-06-26,århus,morten friis,3.0,1800.0,,25.71,,13.3,17,1,1,1,1,1,,,,,,15.0,54.0,9.0,26.0,14.0,0.07326819074301592,66.0,0.5,False,False,False,False,False,False,0.0352367604506,0.03333419564463673,0.009321433,0.027510464,0.040456111257519294,0.035752283170055216,0.02222631,0.0188742,0.0006538416624385558
2022-10-22,jägersro,6,5,zaffiro jet,7,h,mads hviid,1640.0,0,1640.0,125000.0,5.0,10.0,7.6,1.94,2022-10-04,bjerke,mads hviid,2.0,1609.0,,4.84,,11.6,2022-09-09,charlottenlund,mads hviid,1.0,2000.0,,5.86,,12.1,2022-09-09,charlottenlund,mads hviid,3.0,2000.0,,6.73,,12.4,2022-08-12,charlottenlund,nicklas korfitsen,3.0,2000.0,,4.03,,12.8,2022-05-31,jarlsberg,nicklas korfitsen,3.0,2100.0,,5.3,,12.7,8,1,1,1,1,1,,,,,,18.0,25.0,0.0,28.0,73.0,0.0713812755240687,57.0,0.3,False,False,False,True,True,True,0.07887422698679902,0.07765349289605587,0.15920852,0.20046866,0.07451652506537397,0.08032235736645038,0.16181651,0.14479218,0.012867419868648275
2022-10-22,jägersro,6,6,charliebrown effe,4,h,erik adielsson,1640.0,0,1640.0,125000.0,6.0,16.0,5.29,1.68,2022-09-24,solvalla,carl johan jepson,5.0,2140.0,7.0,5.99,220.0,11.8,2022-09-03,jägersro,carl johan jepson,1.0,2140.0,7.0,2.75,110.0,12.7,2022-08-13,åby,carl johan jepson,8.0,2140.0,7.0,1.6,220.0,11.8,2022-07-20,eskilstuna,carl johan jepson,8.0,2640.0,7.0,4.19,250.0,12.2,2022-06-26,kalmar,rick ebbinge,8.0,2140.0,7.0,1.61,110.0,12.0,5,1,1,1,1,1,2201.322892003233,11501.58559756547,491.18152943108606,523.6012696767594,347.31779025430075,28.0,21.0,21.0,24.0,24.0,0.09813107362796768,51.0,0.2,False,False,False,False,False,False,0.13038349295241886,0.13703090951397276,0.49519166,0.41807732,0.14228609869058842,0.150922359385332,0.4727388,0.5294349,0.06677366959535713
2022-10-22,jägersro,6,7,call me brodda,7,s,kevin oscarsson,1640.0,0,1640.0,125000.0,7.0,0.0,52.03,7.53,2022-09-28,jägersro,stefan persson,2.0,1640.0,2.0,28.14,60.0,11.6,2022-09-16,kalmar,stefan persson,15.0,2180.0,2.0,12.32,150.0,13.9,2022-08-31,åby,stefan persson,3.0,1640.0,2.0,15.17,60.0,11.5,2022-08-16,jägersro,markus niklasson,3.0,2640.0,2.0,10.51,40.0,15.3,2022-07-26,jägersro,stefan persson,3.0,1640.0,2.0,69.24,100.0,12.6,26,1,0,1,1,1,5152.164935300037,12.24744871391589,3124.9459971558285,2551.5077222615173,4034.287934927351,24.0,12.0,16.0,15.0,21.0,0.06028942906461823,67.0,0.6,False,False,False,False,False,False,0.027090105523377234,0.025238942907810497,0.03267987,0.02491418,0.03316181095204453,0.026302529351094502,0.012976762,0.010182568,0.0005032885509025706
2022-10-22,jägersro,6,9,global agreement,6,v,johan untersteiner,1640.0,0,1640.0,125000.0,9.0,2.0,21.96,3.0,2022-10-10,färjestad,johan untersteiner,2.0,2140.0,10.0,12.13,50.0,13.0,2022-09-28,jägersro,johan untersteiner,15.0,1640.0,10.0,15.18,60.0,12.3,2022-08-29,halmstad,johan untersteiner,15.0,2140.0,10.0,5.78,125.0,14.2,2022-08-14,åmål,ulf ohlsson,15.0,2080.0,10.0,2.39,50.0,14.9,2022-06-21,jägersro,peter untersteiner,15.0,1640.0,10.0,2.29,40.0,30.0,18,1,1,1,1,1,4703.261591751624,7.745966692414834,11.180339887498949,7.0710678118654755,6.324555320336759,12.0,12.0,30.0,15.0,54.0,0.14470305006640563,65.0,0.4,False,False,False,True,True,True,0.0605708221478365,0.03033921802120139,0.28687125,0.20951934,0.053278032674735326,0.04995899295417784,0.33812755,0.36753038,0.0138254305572158
2022-10-22,jägersro,6,10,natorp bo,5,h,stefan persson,1640.0,0,1640.0,125000.0,10.0,1.0,36.05,5.21,2022-10-03,hamburg,rudolf haller,5.0,2200.0,,23.4,,13.8,2022-09-28,jägersro,robbin bot,4.0,1640.0,,12.21,60.0,11.8,2022-09-04,jägersro,michael nimczyk,4.0,2140.0,,21.37,100.0,12.6,2022-08-13,åby,robbin bot,4.0,2140.0,,16.22,250.0,18.2,2022-07-26,jägersro,michael nimczyk,4.0,2140.0,,4.22,100.0,13.3,23,1,1,1,1,1,,1895.3755572212776,2446.919322642204,3868.919155112892,2446.919322642204,19.0,5.0,24.0,22.0,18.0,0.12127927493464691,66.0,0.5,False,False,False,False,False,False,0.03256284966989357,0.029763756163576415,0.0012624791,0.0018408219,0.034849734831098746,0.03186576980414599,0.009949181,0.012265099,0.00013217736990897802
2022-10-22,jägersro,6,11,astronascente zac,6,v,björn goop,1640.0,0,1640.0,125000.0,11.0,1.0,26.68,4.75,2022-10-13,örebro,carl johan jepson,3.0,2100.0,11.0,14.96,60.0,13.0,2022-09-26,färjestad,björn goop,1.0,1640.0,11.0,3.89,50.0,11.5,2022-09-13,axevalla,björn goop,3.0,2140.0,11.0,2.7,40.0,13.7,2022-07-14,örebro,björn goop,3.0,1609.0,11.0,10.87,50.0,30.0,2022-06-13,färjestad,björn goop,3.0,2140.0,11.0,4.94,50.0,12.6,20,1,1,1,1,1,3124.9459971558285,7754.367427987846,2551.5077222615173,2852.6723560462033,2852.6723560462033,9.0,17.0,13.0,61.0,31.0,0.10232209221771864,66.0,0.5,False,False,False,False,True,True,0.04115328697993706,0.035054763583990754,0.03269136,0.032406617,0.039822124962532034,0.03792505547367836,0.029456772,0.022347506,0.0011102499962351035
2022-10-22,jägersro,7,1,cicero t.g.,5,h,geir vegard gundersen,2640.0,0,2640.0,400000.0,1.0,6.0,15.46,3.32,2022-09-11,bjerke,magnus teien gundersen,15.0,2100.0,,2.62,,13.0,2022-08-17,solvalla,magnus teien gundersen,6.0,2140.0,,21.44,1500.0,10.5,2022-08-06,biri,magnus teien gundersen,2.0,2600.0,,6.2,,13.3,2022-07-10,jarlsberg,magnus teien gundersen,2.0,2100.0,,24.4,,11.4,2022-06-12,bjerke,magnus teien gundersen,2.0,2100.0,,22.27,,11.0,15,1,1,1,1,1,,3486.348504002874,,,,41.0,25.0,11.0,27.0,28.0,0.09195566455405876,20.0,0.5,False,False,False,False,False,False,0.03777956569982959,0.04229667373696994,0.00093084626,0.0018411225,0.05447435631878475,0.05357066343786849,0.0031171297,0.0038250505,9.880041098294054e-05
2022-10-22,jägersro,7,2,unico broline,6,v,erik adielsson,2640.0,0,2640.0,400000.0,2.0,26.0,3.51,1.63,2022-10-08,åby,erik adielsson,2.0,2640.0,5.0,8.16,500.0,12.1,2022-09-17,färjestad,erik adielsson,1.0,2140.0,5.0,9.35,150.0,11.4,2022-09-04,jägersro,erik adielsson,1.0,2140.0,5.0,1.3,100.0,12.2,2022-08-13,åby,erik adielsson,1.0,2140.0,5.0,2.46,250.0,11.4,2022-07-23,axevalla,mats e djuse,1.0,2140.0,5.0,2.63,125.0,12.1,2,1,1,1,1,0,14873.019061524134,13430.958365832146,10966.331584284586,17339.292691491028,12260.73144313165,14.0,21.0,13.0,22.0,21.0,0.041960535437807325,0.0,0.08333333333333333,False,False,False,True,True,True,0.3791898955399125,0.2762340109366128,0.51805985,0.36538562,0.31145037629008004,0.27666632404556546,0.37653914,0.3973002,0.12644010417108534
2022-10-22,jägersro,7,3,ultion face,6,v,adrian kolgjini,2640.0,0,2640.0,400000.0,3.0,2.0,31.47,6.66,2022-10-03,halmstad,adrian kolgjini,1.0,2640.0,6.0,17.73,60.0,12.8,2022-08-28,wolvega,adrian kolgjini,6.0,2100.0,6.0,4.42,,11.6,2022-08-13,åby,adrian kolgjini,5.0,1640.0,6.0,6.56,220.0,9.9,2022-07-26,jägersro,adrian kolgjini,5.0,1640.0,6.0,9.79,100.0,11.7,2022-07-09,halmstad,adrian kolgjini,5.0,2140.0,6.0,41.31,150.0,11.5,21,1,1,1,1,1,8494.48391898452,,2201.322892003233,1484.131591025766,1817.6825545790462,19.0,36.0,15.0,18.0,17.0,0.04014175690412304,24.0,0.75,False,False,False,True,True,True,0.03570818786480332,0.02625546485423336,0.0009210558,0.0019298568,0.03944904156896171,0.032613528932477036,0.0031752202,0.003815585,7.139075062689336e-05
2022-10-22,jägersro,7,4,falcon eye,5,h,stefan persson,2640.0,0,2640.0,400000.0,4.0,2.0,24.07,4.25,2022-10-15,bergen,eirik höitomt,1.0,2100.0,,1.6,,12.8,2022-10-01,bjerke,eirik höitomt,2.0,2100.0,,2.3,,12.2,2022-09-17,färjestad,eirik höitomt,1.0,2640.0,,3.74,125.0,13.1,2022-08-20,bergen,eirik höitomt,1.0,2100.0,,1.3,,13.5,2022-08-06,biri,eirik höitomt,1.0,2600.0,,5.6,,13.4,19,1,1,1,1,1,,,12260.73144313165,,,7.0,14.0,14.0,28.0,14.0,0.046351897232865126,24.0,0.75,False,False,False,False,False,False,0.050839494515408624,0.029348589413256344,0.23856588,0.13052598,0.06813937196388285,0.06752597585596845,0.20346828,0.15360431,0.00904098424461714
2022-10-22,jägersro,7,5,born unicorn,8,v,thomas uhrberg,2640.0,0,2640.0,400000.0,5.0,4.0,24.58,5.65,2022-10-08,åby,ulf ohlsson,7.0,2640.0,9.0,24.08,500.0,12.6,2022-09-10,hagmyren,daniel redén,15.0,1640.0,9.0,29.91,150.0,11.6,2022-09-02,bollnäs,ulf ohlsson,1.0,2140.0,9.0,1.41,50.0,12.1,2022-07-10,jarlsberg,örjan kihlström,1.0,2100.0,9.0,6.2,,11.3,2022-06-18,boden,mats e djuse,1.0,2140.0,9.0,14.05,1000.0,13.7,19,1,1,1,1,1,1220.8517491984292,12.24744871391589,7754.367427987846,,34678.585382982055,14.0,28.0,8.0,54.0,22.0,0.042643404965274856,22.0,0.5833333333333334,False,False,False,False,False,False,0.035585475536671865,0.03653187271923418,0.055209696,0.117360085,0.04345464455920467,0.03580216573104101,0.08408326,0.078086436,0.0030456344789918585
2022-10-22,jägersro,7,6,honey mearas,5,s,örjan kihlström,2640.0,0,2640.0,400000.0,6.0,20.0,3.91,1.87,2022-10-08,åby,örjan kihlström,1.0,2140.0,1.0,1.78,500.0,11.4,2022-09-16,kalmar,örjan kihlström,2.0,2140.0,1.0,1.81,200.0,12.5,2022-08-17,solvalla,örjan kihlström,1.0,2140.0,1.0,3.08,1000.0,10.6,2022-07-24,axevalla,örjan kihlström,1.0,2140.0,1.0,1.78,100.0,30.0,2022-05-07,åby,örjan kihlström,1.0,2140.0,1.0,2.82,250.0,11.8,3,1,1,1,1,1,24521.4628862633,9406.523183503248,34678.585382982055,10966.331584284586,17339.292691491028,14.0,22.0,30.0,24.0,78.0,0.28115592219070595,6.0,0.16666666666666666,False,False,False,True,True,True,0.317273433135427,0.26376221395333815,0.41562045,0.42811432,0.3366309166075015,0.2934923275998798,0.41291294,0.4287147,0.1270340487219635
2022-10-22,jägersro,7,7,charleston volo,4,h,kevin oscarsson,2640.0,0,2640.0,400000.0,7.0,0.0,78.65,14.17,2022-10-01,bjerke,åsbjörn tengsareid,3.0,2100.0,,28.1,,12.5,2022-09-11,bjerke,åsbjörn tengsareid,1.0,2600.0,,3.13,,14.0,2022-08-24,bjerke,åsbjörn tengsareid,2.0,2600.0,,1.34,,14.6,2022-08-02,bjerke,frode hamre,2.0,2100.0,,1.6,,14.5,2022-07-08,jarlsberg,åsbjörn tengsareid,2.0,1609.0,,2.3,,12.7,29,1,1,1,1,1,,,,,,21.0,20.0,18.0,22.0,25.0,0.0901586394817758,26.0,0.8333333333333334,False,False,False,False,False,False,0.05269522982693763,0.03218667700435784,0.017075688,0.018718334,0.05587127452342695,0.05335275036249188,0.021904798,0.019493407,0.0009114152833189595
2022-10-22,jägersro,7,8,oscar l.a.,6,h,joakim lövgren,2640.0,0,2640.0,400000.0,8.0,13.0,7.88,2.82,2022-10-08,åby,joakim lövgren,4.0,2640.0,4.0,8.44,500.0,12.3,2022-09-19,halmstad,joakim lövgren,1.0,2140.0,4.0,2.17,125.0,11.7,2022-07-26,jägersro,joakim lövgren,20.0,1609.0,4.0,19.3,1609.0,30.0,2022-07-10,jarlsberg,joakim lövgren,20.0,2100.0,4.0,7.34,,11.1,2022-06-18,kouvola,joakim lövgren,20.0,2100.0,4.0,4.9,,12.5,8,1,1,1,1,1,5471.477940885708,12260.73144313165,3.2926215575933586,,,14.0,19.0,55.0,16.0,22.0,0.06096360267586491,13.0,0.25,False,False,False,True,True,True,0.16139617445685434,0.13101172108573364,0.1385254,0.17281635,0.13758681206350218,0.12596839094250808,0.11110223,0.121508054,0.018551155444148888
2022-10-22,jägersro,7,9,milliondollarrhyme,8,v,rikard n skoglund,2640.0,0,2640.0,400000.0,9.0,3.0,20.95,4.89,2022-10-02,neapel,franck nivard,4.0,1600.0,,19.6,,10.5,2022-10-02,neapel,franck nivard,2.0,1600.0,,10.1,,11.3,2022-09-10,hagmyren,fredrik b larsson,3.0,1640.0,,12.89,150.0,10.8,2022-08-27,bergsåker,rikard n skoglund,3.0,2140.0,,48.69,1000.0,11.8,2022-08-06,rättvik,fredrik b larsson,3.0,1640.0,,2.78,150.0,11.5,18,1,1,1,1,1,,,4940.973458019238,12757.538611307587,4940.973458019238,20.0,0.0,22.0,14.0,21.0,0.09276716324459497,23.0,0.6666666666666666,False,False,False,False,False,False,0.04511661728929303,0.03703856459563778,0.07504221,0.096258715,0.044607003214238904,0.041322993441476205,0.09037603,0.11026008,0.0038587858577124514
2022-10-22,jägersro,7,10,emoji,6,h,flemming jensen,2640.0,0,2640.0,400000.0,10.0,2.0,33.01,6.46,2022-10-03,halmstad,peter ingves,2.0,2640.0,3.0,1.69,60.0,12.9,2022-09-17,ålborg,birger jörgensen,1.0,2140.0,3.0,1.36,,13.7,2022-08-13,åby,flemming jensen,15.0,1640.0,3.0,3.18,220.0,9.9,2022-07-26,jägersro,flemming jensen,15.0,1640.0,3.0,3.51,100.0,11.7,2022-07-09,halmstad,flemming jensen,15.0,2140.0,3.0,5.13,150.0,30.0,22,1,1,1,1,1,5152.164935300037,,14.832396974191326,10.0,12.24744871391589,19.0,16.0,35.0,18.0,17.0,0.047817891370780186,24.0,0.75,False,False,False,False,False,True,0.033270551554530375,0.02808050513806468,0.0006056793,0.0017735283,0.03983341397344039,0.041585098102792255,0.002385148,0.0028776228,5.811925790789532e-05
2022-10-22,jägersro,7,11,esprit sisu,8,v,daniel wäjersten,2640.0,0,2640.0,400000.0,11.0,11.0,7.38,2.33,2022-09-24,solvalla,ulf ohlsson,3.0,2140.0,8.0,58.97,750.0,11.4,2022-09-10,hagmyren,per linderoth,5.0,1640.0,8.0,9.18,150.0,10.9,2022-08-27,bergsåker,daniel wäjersten,4.0,2140.0,8.0,48.15,1000.0,11.6,2022-08-07,dannero,daniel wäjersten,4.0,2140.0,8.0,1.42,100.0,12.5,2022-07-17,mikkeli,daniel wäjersten,4.0,1609.0,8.0,9.1,,9.9,8,1,1,1,1,1,11048.35252715322,1817.6825545790462,7737.838310225784,2446.919322642204,,28.0,14.0,14.0,20.0,21.0,0.05672735251862522,15.0,0.3333333333333333,False,False,False,False,False,True,0.10869082642340237,0.11278228236055575,0.11123426,0.14101005,0.07548506677320493,0.07410341369788759,0.13376883,0.13938636,0.011900061646432444
2022-10-22,jägersro,7,12,ble du gers,11,v,björn goop,2640.0,0,2640.0,400000.0,12.0,10.0,9.44,3.2,2022-10-01,bjerke,per oleg midtfjeld,1.0,2100.0,,2.6,,12.2,2022-09-11,bjerke,per oleg midtfjeld,1.0,2100.0,,11.68,,11.6,2022-08-16,bjerke,frode hamre,2.0,2100.0,,1.8,,13.2,2022-07-23,axevalla,thomas uhrberg,2.0,2640.0,,10.09,150.0,12.7,2022-06-25,orkla,åsbjörn tengsareid,2.0,3460.0,,7.2,,14.1,10,1,1,1,1,0,,,,8146.288038201084,,21.0,20.0,26.0,24.0,28.0,0.10735616942352381,16.0,0.4166666666666667,False,False,False,False,False,False,0.0807216277098049,0.08275300677720651,0.11669432,0.18649323,0.07690621124637576,0.08580716576768381,0.14493632,0.12163235,0.011403796415594353
