datum,bana,avd,startnr,häst,ålder,kön,kusk,lopp_dist,start,dist,pris,spår,streck,vodds,podds,kr,h1_dat,h1_bana,h1_kusk,h1_plac,h1_dist,h1_spår,h1_odds,h1_pris,h1_kmtid,h2_dat,h2_bana,h2_kusk,h2_plac,h2_dist,h2_spår,h2_odds,h2_pris,h2_kmtid,h3_dat,h3_bana,h3_kusk,h3_plac,h3_dist,h3_spår,h3_odds,h3_pris,h3_kmtid,h4_dat,h4_bana,h4_kusk,h4_plac,h4_dist,h4_spår,h4_odds,h4_pris,h4_kmtid,h5_dat,h5_bana,h5_kusk,h5_plac,h5_dist,h5_spår,h5_odds,h5_pris,h5_kmtid,bins,h1_auto,h2_auto,h3_auto,h4_auto,h5_auto,h1_perf,h2_perf,h3_perf,h4_perf,h5_perf,senast,delta1,delta2,delta3,delta4
2022-09-24,solvalla,1,1,santos de castella,5,v,jörgen westholm,2140.0,0,2140.0,220000.0,1.0,24.0,3.92,1.75,36442.0,2022-08-27,bergsåker-10,jörgen westholm,1.0,2640.0,7.0,5.55,110.0,12.5,2022-08-13,åby-9,mats e djuse,20.0,2140.0,7.0,6.74,220.0,30.0,2022-07-23,axevalla-9,jörgen westholm,1.0,2640.0,7.0,7.53,110.0,12.9,2022-07-02,eskilstuna-11,jörgen westholm,1.0,3140.0,7.0,5.95,400.0,14.4,2022-06-11,östersund-11,jörgen westholm,1.0,2140.0,7.0,9.86,110.0,14.7,3,1,1,1,0,1,11501.58559756547,1.2175172852156155,11501.58559756547,21932.663168569172,11501.58559756547,28.0,14.0,21.0,21.0,21.0
2022-09-24,solvalla,1,2,lord horse,6,v,petter karlsson,2140.0,0,2140.0,220000.0,2.0,0.0,75.53,10.65,17851.0,2022-09-17,färjestad-5,petter karlsson,20.0,1640.0,11.0,86.68,110.0,30.0,2022-09-03,jägersro-10,petter karlsson,5.0,2140.0,11.0,66.18,110.0,13.0,2022-08-20,örebro-11,petter karlsson,6.0,1609.0,11.0,49.21,110.0,11.6,2022-08-08,färjestad-4,petter karlsson,6.0,1640.0,11.0,13.37,40.0,12.0,2022-07-16,årjäng-10,petter karlsson,6.0,1640.0,11.0,18.8,110.0,11.6,29,1,1,1,1,1,0.8609147285877977,1556.570344516668,944.1076379488159,569.3183266881678,944.1076379488159,7.0,14.0,14.0,12.0,23.0
2022-09-24,solvalla,1,3,under armour,5,v,joakim lövgren,2140.0,0,2140.0,220000.0,3.0,12.0,8.23,2.24,29001.0,2022-09-03,jägersro-10,joakim lövgren,2.0,2140.0,12.0,10.76,110.0,12.8,2022-08-13,åby-2,joakim lövgren,1.0,3180.0,12.0,8.94,100.0,13.1,2022-07-23,axevalla-10,joakim lövgren,15.0,3180.0,12.0,4.91,100.0,15.3,2022-06-18,kouvola-9,joakim lövgren,15.0,3100.0,12.0,2.2,,17.0,2022-05-28,solvalla-10,joakim lövgren,15.0,2140.0,12.0,3.45,220.0,12.4,9,1,0,0,0,1,6976.064300232707,10966.331584284586,10.0,,14.832396974191326,21.0,21.0,21.0,35.0,21.0
2022-09-24,solvalla,1,4,king of everything,6,h,claes svensson,2140.0,0,2140.0,220000.0,4.0,4.0,16.61,3.26,32303.0,2022-09-03,jägersro-10,claes svensson,3.0,2140.0,10.0,17.0,110.0,12.9,2022-08-20,örebro-11,claes svensson,1.0,1609.0,10.0,7.59,110.0,10.6,2022-08-08,kalmar-8,claes svensson,2.0,2140.0,10.0,1.25,25.0,13.0,2022-07-12,jägersro-7,claes svensson,2.0,2140.0,10.0,5.27,150.0,12.7,2022-07-02,eskilstuna-9,claes svensson,2.0,2140.0,10.0,19.55,220.0,12.5,16,1,1,1,1,1,4231.196882217894,11501.58559756547,3325.708165221809,8146.288038201084,9865.64474537587,21.0,14.0,12.0,27.0,10.0
2022-09-24,solvalla,1,5,born to run,5,h,alessandro gocciadoro,2140.0,0,2140.0,220000.0,5.0,37.0,2.62,1.38,23114.0,2022-09-10,hagmyren-5,björn goop,1.0,2140.0,12.0,3.09,110.0,13.0,2022-08-20,örebro-11,magnus a djuse,2.0,1609.0,12.0,3.84,110.0,10.9,2022-07-30,bollnäs-11,jorma kontio,20.0,2140.0,12.0,1.71,110.0,30.0,2022-07-02,eskilstuna-5,magnus a djuse,20.0,2140.0,12.0,1.78,220.0,11.9,2022-06-11,östersund-7,alessandro gocciadoro,20.0,2140.0,12.0,1.45,110.0,13.9,1,0,1,1,1,1,11501.58559756547,6976.064300232707,0.8609147285877977,1.2175172852156155,0.8609147285877977,14.0,21.0,21.0,28.0,21.0
2022-09-24,solvalla,1,6,special major,8,h,dwight pieters,2140.0,0,2140.0,220000.0,6.0,1.0,69.73,8.83,9765.0,2022-09-10,hagmyren-5,dwight pieters,3.0,2140.0,1.0,12.87,110.0,13.2,2022-08-27,bergsåker-10,dwight pieters,2.0,2640.0,1.0,50.43,110.0,13.0,2022-08-06,ylivieska-5,santtu raitala,1.0,2600.0,1.0,2.5,,16.3,2022-07-31,forssa-6,santtu raitala,1.0,1640.0,1.0,3.2,,12.5,2022-07-21,bergsåker-6,dwight pieters,1.0,2140.0,1.0,37.06,90.0,14.1,28,0,1,1,1,1,4231.196882217894,6976.064300232707,,,10403.575614894617,14.0,14.0,21.0,6.0,10.0
2022-09-24,solvalla,1,7,charliebrown effe,4,h,carl johan jepson,2140.0,0,2140.0,220000.0,7.0,15.0,5.81,1.91,25735.0,2022-09-03,jägersro-10,carl johan jepson,1.0,2140.0,11.0,2.75,110.0,12.7,2022-08-13,åby-9,carl johan jepson,8.0,2140.0,11.0,1.6,220.0,11.8,2022-07-20,eskilstuna-10,carl johan jepson,4.0,2640.0,11.0,4.19,250.0,12.2,2022-06-26,kalmar-11,rick ebbinge,4.0,2140.0,11.0,1.61,110.0,12.0,2022-05-28,solvalla-10,rick ebbinge,4.0,2140.0,11.0,2.13,220.0,12.1,6,1,1,1,1,1,11501.58559756547,491.18152943108606,3868.919155112892,2566.350636345657,3629.3678757248513,21.0,21.0,24.0,24.0,29.0
2022-09-24,solvalla,1,8,albert zonett,6,v,björn goop,2140.0,0,2140.0,220000.0,8.0,1.0,32.7,6.84,16745.0,2022-09-09,bollnäs-7,kajsa frick,15.0,2140.0,1.0,3.37,25.0,30.0,2022-08-27,bergsåker-10,robert bergh,4.0,2640.0,1.0,31.23,110.0,13.1,2022-07-18,östersund-7,robert dunder,5.0,2160.0,1.0,4.32,25.0,16.3,2022-06-02,östersund-4,robert dunder,5.0,2160.0,1.0,4.9,25.0,14.5,2022-05-12,bergsåker-7,robert dunder,5.0,2160.0,1.0,5.46,30.0,15.4,22,1,1,0,0,0,5.0,2566.350636345657,742.065795512883,742.065795512883,812.8923507108439,15.0,13.0,40.0,46.0,21.0
2022-09-24,solvalla,1,9,barry wadd,7,v,tomas pettersson,2140.0,0,2140.0,220000.0,9.0,1.0,49.72,6.85,13264.0,2022-09-10,hagmyren-5,ulf eriksson,2.0,2140.0,7.0,41.15,110.0,13.2,2022-08-19,bollnäs-9,tomas pettersson,15.0,2640.0,7.0,16.46,50.0,14.8,2022-08-06,rättvik-5,tomas pettersson,2.0,2140.0,7.0,25.17,110.0,13.5,2022-07-22,bollnäs-7,jenni h åsberg,2.0,2160.0,7.0,5.66,25.0,15.0,2022-06-30,solänget-4,tomas pettersson,2.0,1640.0,7.0,3.7,25.0,12.3,25,0,1,0,0,0,6976.064300232707,7.0710678118654755,6976.064300232707,3325.708165221809,3325.708165221809,14.0,22.0,13.0,15.0,22.0
2022-09-24,solvalla,1,10,marvelous,9,v,petter lundberg,2140.0,0,2140.0,220000.0,10.0,0.0,82.17,12.1,16200.0,2022-09-10,hagmyren-5,petter lundberg,5.0,2140.0,8.0,85.74,110.0,13.3,2022-08-20,örebro-11,jorma kontio,5.0,1609.0,8.0,53.28,110.0,11.5,2022-07-27,boden-3,petter lundberg,1.0,1640.0,8.0,6.54,60.0,13.8,2022-07-02,eskilstuna-9,petter lundberg,1.0,2140.0,8.0,94.12,220.0,12.9,2022-06-18,boden-7,petter lundberg,1.0,2140.0,8.0,104.81,110.0,13.1,29,0,1,1,1,1,1556.570344516668,1556.570344516668,8494.48391898452,16265.698340872146,11501.58559756547,14.0,21.0,24.0,25.0,14.0
2022-09-24,solvalla,1,11,l.l.royal,6,v,robert bergh,2140.0,0,2140.0,220000.0,11.0,4.0,12.06,3.48,27821.0,2022-09-04,jägersro-12,robert bergh,1.0,3180.0,3.0,7.65,100.0,14.2,2022-08-06,rättvik-5,robert bergh,1.0,2140.0,3.0,1.61,110.0,13.3,2022-07-23,axevalla-9,robert bergh,4.0,2640.0,3.0,2.72,110.0,13.2,2022-07-02,eskilstuna-9,rikard n skoglund,4.0,2140.0,3.0,4.22,220.0,12.4,2022-06-11,östersund-11,robert bergh,4.0,2140.0,3.0,3.82,110.0,14.4,13,0,0,1,1,1,10966.331584284586,11501.58559756547,2566.350636345657,3629.3678757248513,2566.350636345657,20.0,29.0,14.0,21.0,21.0
2022-09-24,solvalla,1,12,don't be weak,6,v,claes sjöström,2140.0,0,2140.0,220000.0,12.0,1.0,62.41,9.77,19253.0,2022-09-15,gävle-4,claes sjöström,1.0,2140.0,3.0,2.27,25.0,13.2,2022-08-20,örebro-11,petter lundberg,15.0,1609.0,3.0,7.66,110.0,30.0,2022-08-06,rättvik-5,mats e djuse,3.0,2140.0,3.0,13.77,110.0,13.6,2022-07-20,eskilstuna-11,petter lundberg,3.0,1640.0,3.0,12.75,100.0,11.6,2022-07-02,eskilstuna-4,petter lundberg,3.0,1640.0,3.0,2.85,30.0,11.9,27,1,1,0,1,1,5483.165792142293,10.488088481701515,4231.196882217894,4034.287934927351,2209.670505430644,9.0,26.0,14.0,17.0,18.0
2022-09-24,solvalla,2,1,babsans bankir,4,v,petter karlsson,2140.0,0,2140.0,220000.0,1.0,8.0,14.54,2.85,15152.0,2022-08-27,bergsåker-6,magnus a djuse,1.0,2140.0,8.0,14.1,110.0,13.0,2022-08-17,solvalla-8,petter karlsson,3.0,2640.0,8.0,15.11,60.0,14.8,2022-08-03,visby-4,petter karlsson,1.0,2140.0,8.0,4.23,60.0,14.9,2022-07-16,årjäng-8,petter karlsson,1.0,2140.0,8.0,10.87,110.0,30.0,2022-06-25,lindesberg-2,petter karlsson,1.0,2140.0,8.0,2.83,25.0,17.0,14,1,1,0,0,1,11501.58559756547,3124.9459971558285,8494.48391898452,11501.58559756547,5483.165792142293,28.0,10.0,14.0,18.0,21.0
2022-09-24,solvalla,2,2,fat rabbit,4,v,örjan kihlström,2140.0,0,2140.0,220000.0,2.0,21.0,5.44,1.86,43510.0,2022-09-10,hagmyren-7,örjan kihlström,1.0,2640.0,6.0,3.28,110.0,14.9,2022-09-02,bollnäs-3,ulf ohlsson,2.0,2140.0,6.0,1.55,30.0,14.1,2022-07-10,jarlsberg-6,örjan kihlström,1.0,2600.0,6.0,2.33,,15.2,2022-06-10,bollnäs-8,örjan kihlström,1.0,2640.0,6.0,1.28,40.0,15.6,2022-05-25,romme-2,örjan kihlström,1.0,2140.0,6.0,1.19,30.0,16.7,5,1,1,0,0,0,11501.58559756547,3643.130763542206,,6935.717076596412,6006.507181794034,14.0,8.0,54.0,30.0,16.0
2022-09-24,solvalla,2,3,global crossover,4,v,magnus a djuse,2140.0,0,2140.0,220000.0,3.0,16.0,6.54,2.15,18588.0,2022-09-14,solvalla-8,linus lönn,3.0,2140.0,3.0,8.83,40.0,12.8,2022-08-20,örebro-8,magnus a djuse,2.0,2140.0,3.0,3.13,110.0,15.0,2022-08-11,örebro-6,magnus a djuse,1.0,1609.0,3.0,3.56,25.0,13.1,2021-12-19,gävle-7,rikard n skoglund,1.0,1640.0,3.0,3.57,50.0,14.7,2021-11-23,eskilstuna-7,mats e djuse,1.0,2640.0,3.0,3.74,25.0,15.3,7,1,0,1,1,1,2551.5077222615173,6976.064300232707,5483.165792142293,7754.367427987846,5483.165792142293,10.0,25.0,9.0,235.0,26.0
2022-09-24,solvalla,2,4,roll control,4,h,jörgen westholm,2140.0,0,2140.0,220000.0,4.0,33.0,2.81,1.64,30500.0,2022-08-23,jägersro-10,jörgen westholm,4.0,2640.0,9.0,51.96,200.0,13.3,2022-08-03,visby-8,mats e djuse,1.0,2120.0,9.0,1.76,110.0,12.5,2022-07-23,axevalla-6,jörgen westholm,3.0,2140.0,9.0,8.34,110.0,13.0,2022-07-08,bergsåker-8,jörgen westholm,3.0,2660.0,9.0,3.08,30.0,14.7,2022-06-21,eskilstuna-2,jörgen westholm,3.0,2140.0,9.0,2.03,25.0,14.9,1,1,1,1,0,1,3460.4664921133917,11501.58559756547,4231.196882217894,2209.670505430644,2017.1439674636756,32.0,20.0,11.0,15.0,17.0
2022-09-24,solvalla,2,5,all in face,4,v,stefan persson,2140.0,0,2140.0,220000.0,5.0,1.0,36.76,7.32,13725.0,2022-08-23,jägersro-9,andré eklundh,15.0,2640.0,9.0,92.66,200.0,13.7,2022-08-03,visby-8,stefan persson,2.0,2120.0,9.0,19.38,110.0,12.8,2022-07-02,eskilstuna-6,erik adielsson,20.0,2140.0,9.0,39.66,220.0,30.0,2022-06-15,åmål-8,andré eklundh,20.0,2080.0,9.0,15.32,110.0,14.3,2022-05-25,åby-9,andré eklundh,20.0,2640.0,9.0,23.53,110.0,15.5,23,1,1,1,1,1,14.142135623730951,6976.064300232707,1.2175172852156155,0.8609147285877977,0.8609147285877977,32.0,20.0,32.0,17.0,21.0
2022-09-24,solvalla,2,6,father simon,5,v,björn goop,2140.0,0,2140.0,220000.0,6.0,10.0,10.92,3.19,15489.0,2022-09-06,eskilstuna-4,carl johan jepson,1.0,2140.0,6.0,1.68,30.0,15.3,2022-08-20,örebro-8,björn goop,1.0,2140.0,6.0,5.92,110.0,15.0,2022-08-06,rättvik-6,björn goop,15.0,1640.0,6.0,21.76,110.0,13.0,2022-07-20,eskilstuna-5,björn goop,15.0,2160.0,6.0,8.34,30.0,15.3,2022-07-06,lindesberg-8,björn goop,15.0,2140.0,6.0,6.69,60.0,16.5,12,1,0,1,0,1,6006.507181794034,11501.58559756547,10.488088481701515,5.477225575051661,7.745966692414834,18.0,17.0,14.0,17.0,14.0
2022-09-24,solvalla,2,7,alberto ray,5,v,kajsa frick,2140.0,0,2140.0,220000.0,7.0,1.0,13.37,3.38,11331.0,2022-09-06,rättvik-3,kajsa frick,2.0,2640.0,4.0,10.32,25.0,15.0,2022-08-22,romme-2,kajsa frick,2.0,1640.0,4.0,3.7,30.0,13.2,2022-08-06,rättvik-6,kajsa frick,1.0,1640.0,4.0,44.14,110.0,12.6,2022-07-13,solvalla-4,kajsa frick,1.0,2160.0,4.0,14.64,60.0,30.0,2022-07-04,rättvik-6,kajsa frick,1.0,2140.0,4.0,11.67,22.0,16.2,14,1,1,1,0,1,3325.708165221809,3643.130763542206,11501.58559756547,8494.48391898452,5143.665449037786,18.0,15.0,16.0,24.0,9.0
2022-09-24,solvalla,2,8,m.t.on target,6,v,oskar j andersson,2140.0,0,2140.0,220000.0,8.0,1.0,55.67,11.1,19320.0,2022-09-13,eskilstuna-3,oskar j andersson,15.0,2140.0,8.0,1.76,25.0,15.1,2022-08-06,rättvik-6,oskar j andersson,2.0,1640.0,8.0,4.01,110.0,12.6,2022-07-15,årjäng-1,paula a gyllenberg,1.0,2140.0,8.0,,20.0,14.4,2022-04-18,hagmyren-10,oskar j andersson,1.0,2140.0,8.0,7.79,35.0,15.0,2021-11-01,rättvik-1,oskar j andersson,1.0,1640.0,8.0,2.19,25.0,14.1,26,1,1,1,1,1,5.0,6976.064300232707,4904.29257725266,6487.769258055282,5483.165792142293,11.0,38.0,22.0,88.0,168.0
2022-09-24,solvalla,2,9,wings level,4,v,mats e djuse,2140.0,0,2140.0,220000.0,9.0,2.0,15.83,5.63,15575.0,2022-09-15,örebro-6,mattias djuse,5.0,2100.0,8.0,3.64,25.0,15.9,2022-08-20,örebro-8,mattias djuse,5.0,2140.0,8.0,9.44,110.0,15.2,2022-08-06,rättvik-6,mattias djuse,3.0,1640.0,8.0,26.57,110.0,12.8,2022-07-28,gävle-8,mattias djuse,3.0,2140.0,8.0,9.95,25.0,15.6,2022-07-01,eskilstuna-2,mattias djuse,3.0,1640.0,8.0,4.54,25.0,13.0,15,1,0,1,1,1,742.065795512883,1556.570344516668,4231.196882217894,2017.1439674636756,2017.1439674636756,9.0,26.0,14.0,9.0,27.0
2022-09-24,solvalla,2,10,return of mogens,4,v,erik adielsson,2140.0,0,2140.0,220000.0,10.0,6.0,13.03,3.07,29062.0,2022-09-10,hagmyren-7,erik adielsson,2.0,2640.0,2.0,28.31,110.0,15.0,2022-08-26,bergsåker-9,erik adielsson,6.0,2140.0,2.0,15.11,100.0,14.5,2022-08-20,örebro-3,niclas hammarström,3.0,2100.0,2.0,3.0,35.0,14.4,2022-08-05,bergsåker-2,ulf ohlsson,3.0,1640.0,2.0,1.34,30.0,13.9,2022-07-25,solvalla-9,erik adielsson,3.0,1640.0,2.0,3.53,40.0,12.6,13,1,1,1,1,1,6976.064300232707,900.1713130052182,2386.7169291026403,2209.670505430644,2551.5077222615173,14.0,15.0,6.0,15.0,11.0
2022-09-24,solvalla,2,11,uncle silvio,4,v,andré eklundh,2140.0,0,2140.0,220000.0,11.0,1.0,32.58,7.61,29300.0,2022-09-03,jägersro-6,andré eklundh,1.0,1640.0,7.0,18.31,110.0,13.7,2022-08-18,åby-1,andré eklundh,15.0,2140.0,7.0,2.55,30.0,14.8,2022-08-03,visby-5,stefan persson,1.0,1620.0,7.0,2.21,60.0,13.8,2022-04-23,halmstad-3,thomas uhrberg,1.0,2140.0,7.0,6.02,30.0,16.4,2022-04-09,jägersro-2,thomas uhrberg,1.0,1640.0,7.0,10.03,35.0,14.9,22,0,1,1,0,1,11501.58559756547,5.477225575051661,8494.48391898452,6006.507181794034,6487.769258055282,21.0,16.0,15.0,102.0,14.0
2022-09-24,solvalla,2,12,center bus,5,v,jorma kontio,2140.0,0,2140.0,220000.0,12.0,1.0,28.53,9.11,8767.0,2022-09-03,jägersro-6,björn goop,2.0,1640.0,5.0,36.0,110.0,13.8,2022-08-06,rättvik-6,stefan persson,7.0,1640.0,5.0,116.72,110.0,12.9,2022-07-24,axevalla-6,erik adielsson,2.0,1640.0,5.0,4.97,50.0,15.4,2022-07-13,åmål-3,petter karlsson,2.0,1680.0,5.0,10.63,22.0,14.5,2022-05-31,eskilstuna-8,erik adielsson,2.0,2140.0,5.0,34.79,30.0,16.5,21,0,1,0,1,0,6976.064300232707,572.6302284848314,4703.261591751624,3119.790798145967,3643.130763542206,21.0,28.0,13.0,11.0,43.0
2022-09-24,solvalla,3,1,admiral as,6,v,erik adielsson,2140.0,0,2140.0,750000.0,1.0,3.0,15.03,3.56,69493.0,2022-09-03,jägersro-7,örjan kihlström,20.0,1640.0,3.0,2.73,150.0,30.0,2022-07-23,axevalla-11,örjan kihlström,2.0,2640.0,3.0,1.66,150.0,11.6,2022-07-09,halmstad-11,örjan kihlström,2.0,2140.0,3.0,3.72,150.0,11.3,2022-06-12,bjerke-12,örjan kihlström,2.0,2100.0,3.0,5.94,,11.1,2022-05-29,solvalla-7,per lennartsson,2.0,1609.0,3.0,9.08,250.0,30.0,15,1,1,1,1,1,1.005331810828057,8146.288038201084,8146.288038201084,,10516.812635120497,21.0,42.0,14.0,27.0,14.0
2022-09-24,solvalla,3,2,missle hill,7,h,claes sjöström,2140.0,0,2140.0,750000.0,2.0,4.0,20.04,3.8,94529.0,2022-08-20,örebro-6,örjan kihlström,1.0,2100.0,2.0,1.25,150.0,12.1,2022-08-03,visby-10,örjan kihlström,1.0,2120.0,2.0,3.22,150.0,11.4,2022-07-03,hagmyren-4,örjan kihlström,3.0,1640.0,2.0,1.58,70.0,12.0,2022-06-25,rättvik-9,örjan kihlström,3.0,2140.0,2.0,3.36,100.0,11.0,2022-05-27,hagmyren-7,ulf ohlsson,3.0,1640.0,2.0,1.25,50.0,16.2,17,1,1,1,1,1,13430.958365832146,13430.958365832146,3375.327450682418,4034.287934927351,2852.6723560462033,35.0,17.0,31.0,8.0,29.0
2022-09-24,solvalla,3,3,click bait,6,h,per lennartsson,2140.0,0,2140.0,750000.0,3.0,4.0,18.34,2.77,81642.0,2022-09-10,hagmyren-10,per lennartsson,15.0,1640.0,12.0,17.35,150.0,11.3,2022-08-26,bergsåker-2,per lennartsson,1.0,1640.0,12.0,1.3,100.0,10.9,2022-08-10,mantorp-6,per lennartsson,1.0,2140.0,12.0,1.43,100.0,12.4,2022-07-26,jägersro-10,per lennartsson,1.0,1609.0,12.0,13.73,1609.0,10.7,2022-07-16,årjäng-11,per lennartsson,1.0,1640.0,12.0,9.94,600.0,11.2,17,1,1,1,1,1,12.24744871391589,10966.331584284586,10966.331584284586,43988.52456290306,26861.916731664292,14.0,15.0,16.0,15.0,10.0
2022-09-24,solvalla,3,4,hail mary,6,h,örjan kihlström,2140.0,0,2140.0,750000.0,4.0,64.0,1.64,1.15,349312.0,2022-09-10,hagmyren-10,örjan kihlström,1.0,1640.0,1.0,1.83,150.0,10.5,2022-08-13,åby-11,örjan kihlström,2.0,3140.0,1.0,1.45,1500.0,12.6,2022-07-20,eskilstuna-7,örjan kihlström,6.0,2140.0,1.0,1.13,100.0,11.2,2022-05-29,solvalla-11,erik adielsson,6.0,1609.0,1.0,6.66,5000.0,9.4,2022-05-29,solvalla-7,erik adielsson,6.0,1609.0,1.0,2.47,250.0,9.3,0,1,1,1,1,1,13430.958365832146,25760.824676500182,900.1713130052182,6365.1723965558795,1423.2958167204195,14.0,28.0,24.0,52.0,0.0
2022-09-24,solvalla,3,5,brother bill,6,v,magnus a djuse,2140.0,0,2140.0,750000.0,5.0,9.0,7.33,2.19,182527.0,2022-09-10,hagmyren-10,carl johan jepson,2.0,1640.0,4.0,5.55,150.0,10.7,2022-08-27,bergsåker-11,magnus a djuse,20.0,2140.0,4.0,8.66,1000.0,30.0,2022-08-13,åby-11,magnus a djuse,5.0,3140.0,4.0,15.16,1500.0,12.8,2022-07-16,årjäng-11,magnus a djuse,5.0,1640.0,4.0,16.98,600.0,10.2,2022-07-09,halmstad-11,jorma kontio,5.0,2140.0,4.0,6.47,150.0,12.1,8,1,1,1,1,1,8146.288038201084,2.595755573833073,5748.016935623109,3635.3651091580923,1817.6825545790462,14.0,14.0,14.0,28.0,7.0
2022-09-24,solvalla,3,6,global badman,5,h,daniel wäjersten,2140.0,0,2140.0,750000.0,6.0,5.0,14.47,2.93,107621.0,2022-09-10,hagmyren-10,daniel wäjersten,8.0,1640.0,7.0,15.51,150.0,11.2,2022-08-17,solvalla-10,daniel wäjersten,2.0,2140.0,7.0,14.01,1500.0,10.2,2022-08-06,rättvik-7,daniel wäjersten,1.0,1640.0,7.0,2.96,150.0,11.3,2022-07-21,bergsåker-4,daniel wäjersten,1.0,2640.0,7.0,3.23,100.0,12.2,2022-07-11,rättvik-8,daniel wäjersten,1.0,2140.0,7.0,2.18,100.0,12.7,14,1,1,1,1,1,405.5797995022296,25760.824676500182,13430.958365832146,10966.331584284586,10966.331584284586,14.0,24.0,11.0,16.0,10.0
2022-09-24,solvalla,3,7,önas prince,5,h,per nordström,2140.0,0,2140.0,750000.0,7.0,8.0,12.37,2.62,261505.0,2022-09-03,jägersro-7,per nordström,1.0,1640.0,7.0,1.78,150.0,10.2,2022-08-17,solvalla-10,per nordström,5.0,2140.0,7.0,11.91,1500.0,10.4,2022-07-26,jägersro-10,per nordström,3.0,1609.0,7.0,9.11,1609.0,10.1,2022-07-09,halmstad-2,per nordström,3.0,2140.0,7.0,1.39,100.0,11.8,2022-06-18,kouvola-11,per nordström,3.0,2100.0,7.0,7.6,,13.0,13,1,1,1,1,1,13430.958365832146,5748.016935623109,16182.473834157041,4034.287934927351,,21.0,17.0,22.0,17.0,21.0
2022-09-24,solvalla,3,8,esprit sisu,8,v,ulf ohlsson,2140.0,0,2140.0,750000.0,8.0,1.0,39.12,6.29,58453.0,2022-09-10,hagmyren-10,per linderoth,5.0,1640.0,2.0,9.18,150.0,10.9,2022-08-27,bergsåker-11,daniel wäjersten,4.0,2140.0,2.0,48.15,1000.0,11.6,2022-08-07,dannero-9,daniel wäjersten,1.0,2140.0,2.0,1.42,100.0,12.5,2022-07-17,mikkeli-10,daniel wäjersten,1.0,1609.0,2.0,9.1,,9.9,2022-07-06,lindesberg-10,daniel wäjersten,1.0,1640.0,2.0,6.06,125.0,11.2,23,1,1,1,1,1,1817.6825545790462,7737.838310225784,10966.331584284586,,12260.73144313165,14.0,14.0,20.0,21.0,11.0
2022-09-24,solvalla,3,9,zaccaria bar,7,h,alessandro gocciadoro,2140.0,0,2140.0,750000.0,9.0,2.0,18.94,3.83,74295.0,2022-08-27,bergsåker-11,mats e djuse,5.0,2140.0,10.0,58.01,1000.0,11.6,2022-07-30,bollnäs-7,jorma kontio,1.0,1640.0,10.0,18.36,150.0,10.2,2022-07-09,halmstad-11,alessandro gocciadoro,15.0,2140.0,10.0,9.11,150.0,13.1,2022-05-28,solvalla-1,alessandro gocciadoro,15.0,1640.0,10.0,4.46,100.0,11.3,2022-05-07,vincennes-3,eric raffin,15.0,2100.0,10.0,9.3,,10.5,17,1,1,1,1,1,4693.2361750509335,13430.958365832146,12.24744871391589,10.0,,28.0,28.0,21.0,42.0,21.0
2022-09-24,solvalla,3,10,milligan's school,9,h,björn goop,2140.0,0,2140.0,750000.0,10.0,1.0,28.78,5.93,133168.0,2022-09-10,hagmyren-10,björn goop,7.0,1640.0,10.0,20.82,150.0,11.1,2022-08-13,åby-11,mats e djuse,15.0,3140.0,10.0,22.41,1500.0,13.2,2022-07-23,axevalla-11,mats e djuse,1.0,2640.0,10.0,6.72,150.0,11.5,2022-07-10,jarlsberg-11,björn goop,1.0,2100.0,10.0,6.53,,11.2,2022-06-26,kalmar-10,björn goop,1.0,1640.0,10.0,6.89,150.0,9.3,21,1,1,1,1,1,668.6880424056193,38.72983346207417,13430.958365832146,,13430.958365832146,14.0,28.0,21.0,13.0,14.0
2022-09-24,solvalla,4,1,aurelia express,3,s,erik adielsson,2140.0,0,2140.0,1400000.0,1.0,13.0,6.75,1.99,44500.0,2022-09-09,solvalla-5,erik adielsson,1.0,2140.0,7.0,5.33,150.0,13.4,2022-08-24,solvalla-7,erik adielsson,3.0,2140.0,7.0,14.67,100.0,13.4,2022-08-10,mantorp-4,ulf ohlsson,6.0,2140.0,7.0,8.22,110.0,14.0,2022-07-17,solvalla-5,erik adielsson,6.0,2140.0,7.0,3.24,60.0,14.1,2022-07-04,mantorp-10,jorma kontio,6.0,2140.0,7.0,1.38,40.0,15.6,7,1,1,1,1,0,13430.958365832146,4034.287934927351,944.1076379488159,697.2697008005748,569.3183266881678,15.0,16.0,14.0,24.0,13.0
2022-09-24,solvalla,4,2,bonneville w.i.,3,s,ulf ohlsson,2140.0,0,2140.0,1400000.0,2.0,23.0,3.54,1.76,45900.0,2022-09-09,solvalla-3,ulf ohlsson,1.0,2140.0,2.0,4.67,150.0,12.9,2022-08-22,romme-3,ulf ohlsson,1.0,2140.0,2.0,2.01,30.0,14.6,2022-07-29,romme-3,jorma kontio,2.0,2140.0,2.0,1.4,40.0,15.2,2022-07-17,solvalla-1,jorma kontio,2.0,2140.0,2.0,1.41,60.0,17.2,2022-07-01,eskilstuna-1,jorma kontio,2.0,2140.0,2.0,11.44,25.0,14.7,2,1,1,0,0,0,13430.958365832146,6006.507181794034,4206.725054048198,5152.164935300037,3325.708165221809,15.0,18.0,24.0,12.0,16.0
2022-09-24,solvalla,4,3,olivia coger,3,s,stefan persson,2140.0,0,2140.0,1400000.0,3.0,6.0,7.84,3.07,28692.0,2022-09-09,solvalla-1,stefan persson,1.0,2140.0,9.0,13.24,150.0,13.0,2022-08-24,solvalla-8,stefan persson,1.0,2140.0,9.0,6.85,100.0,13.6,2022-08-10,mantorp-4,fredrik persson,5.0,2140.0,9.0,55.08,110.0,13.9,2022-07-21,karlshamn-8,fredrik persson,5.0,1680.0,9.0,2.5,20.0,14.9,2022-06-29,vaggeryd-5,ulf ohlsson,5.0,2148.0,9.0,8.35,60.0,30.0,8,1,1,1,1,1,13430.958365832146,10966.331584284586,1556.570344516668,663.723825017706,1149.6033871246218,15.0,16.0,14.0,20.0,22.0
2022-09-24,solvalla,4,4,queen belina,3,s,jörgen westholm,2140.0,0,2140.0,1400000.0,4.0,14.0,8.72,2.92,40250.0,2022-09-09,solvalla-12,jörgen westholm,1.0,2140.0,9.0,10.72,150.0,13.2,2022-08-24,solvalla-8,erik adielsson,3.0,2140.0,9.0,8.49,100.0,13.8,2022-08-09,solvalla-4,jörgen westholm,1.0,2140.0,9.0,5.75,60.0,13.5,2022-07-23,axevalla-12,jörgen westholm,1.0,2140.0,9.0,13.07,50.0,15.4,2022-07-08,bergsåker-3,jörgen westholm,1.0,2140.0,9.0,4.17,50.0,15.6,10,1,1,1,1,0,13430.958365832146,4034.287934927351,8494.48391898452,7754.367427987846,7754.367427987846,15.0,16.0,15.0,17.0,15.0
2022-09-24,solvalla,4,5,kayla westwood,3,s,magnus a djuse,2140.0,0,2140.0,1400000.0,5.0,15.0,9.4,2.77,117777.0,2022-09-09,solvalla-2,magnus a djuse,1.0,2140.0,2.0,2.0,150.0,13.0,2022-07-02,eskilstuna-7,carl johan jepson,4.0,2140.0,2.0,14.19,1000.0,13.7,2022-06-16,bergsåker-5,carl johan jepson,2.0,2140.0,2.0,3.85,100.0,15.0,2022-06-05,axevalla-9,magnus a djuse,2.0,2140.0,2.0,8.24,350.0,14.0,2022-02-05,solvalla-2,magnus a djuse,2.0,2140.0,2.0,2.36,300.0,17.1,10,1,1,1,1,1,13430.958365832146,7737.838310225784,6651.416330443618,12443.660522656593,11520.591026621687,15.0,69.0,16.0,11.0,120.0
2022-09-24,solvalla,4,6,lawina,3,s,claes sjöström,2140.0,0,2140.0,1400000.0,6.0,1.0,44.16,7.21,34111.0,2022-09-09,solvalla-2,claes sjöström,2.0,2140.0,5.0,41.56,150.0,13.1,2022-08-04,gävle-8,claes sjöström,7.0,1640.0,5.0,7.93,100.0,11.9,2022-07-25,solvalla-6,claes sjöström,6.0,2140.0,5.0,7.59,100.0,15.2,2022-06-25,rättvik-5,claes sjöström,6.0,2140.0,5.0,3.95,110.0,14.1,2022-06-13,solvalla-7,claes sjöström,6.0,2140.0,5.0,6.67,100.0,15.0,24,1,1,1,1,1,8146.288038201084,545.9815003314424,900.1713130052182,944.1076379488159,900.1713130052182,15.0,36.0,10.0,30.0,12.0
2022-09-24,solvalla,4,7,o'mara zon,3,s,daniel wäjersten,2140.0,0,2140.0,1400000.0,7.0,14.0,7.08,2.42,106277.0,2022-09-09,solvalla-8,daniel wäjersten,2.0,2140.0,8.0,2.8,150.0,13.1,2022-08-20,örebro-10,daniel wäjersten,2.0,1609.0,8.0,10.03,1000.0,11.8,2022-08-04,gävle-3,daniel wäjersten,1.0,1640.0,8.0,4.36,100.0,12.4,2022-07-25,solvalla-6,daniel wäjersten,1.0,2140.0,8.0,4.56,100.0,13.9,2022-06-25,rättvik-5,ulf ohlsson,1.0,2140.0,8.0,13.34,110.0,14.0,7,1,1,1,1,1,8146.288038201084,21033.625270240995,10966.331584284586,10966.331584284586,11501.58559756547,15.0,20.0,16.0,10.0,30.0
2022-09-24,solvalla,4,8,beat it,3,s,björn goop,2140.0,0,2140.0,1400000.0,8.0,3.0,23.49,5.7,47734.0,2022-09-09,solvalla-1,magnus a djuse,2.0,2140.0,8.0,3.84,150.0,13.0,2022-08-20,örebro-10,örjan kihlström,15.0,1609.0,8.0,3.5,1000.0,30.0,2022-08-04,gävle-8,örjan kihlström,1.0,1640.0,8.0,2.36,100.0,11.1,2022-07-05,solvalla-6,örjan kihlström,1.0,2140.0,8.0,3.28,300.0,13.0,2022-06-25,rättvik-5,örjan kihlström,1.0,2140.0,8.0,18.7,110.0,14.3,19,1,1,1,1,1,8146.288038201084,31.622776601683793,10966.331584284586,18994.243476628202,11501.58559756547,15.0,20.0,16.0,30.0,10.0
2022-09-24,solvalla,4,9,joy sisu,3,s,mika forss,2140.0,0,2140.0,1400000.0,9.0,4.0,12.51,3.85,51566.0,2022-09-09,solvalla-8,mika forss,1.0,2140.0,12.0,49.35,150.0,13.0,2022-08-24,solvalla-7,mika forss,4.0,2140.0,12.0,33.01,100.0,13.5,2022-08-04,gävle-6,mika forss,4.0,1640.0,12.0,2.32,100.0,12.4,2022-07-01,eskilstuna-6,mika forss,4.0,2140.0,12.0,1.62,100.0,13.8,2022-06-16,bergsåker-7,mika forss,4.0,2140.0,12.0,7.17,100.0,13.9,13,1,1,1,1,1,13430.958365832146,2446.919322642204,2446.919322642204,2446.919322642204,2446.919322642204,15.0,16.0,20.0,34.0,15.0
2022-09-24,solvalla,4,10,jewilla,3,s,mats e djuse,2140.0,0,2140.0,1400000.0,10.0,5.0,15.69,4.64,64800.0,2022-09-09,solvalla-5,mats e djuse,2.0,2140.0,4.0,2.55,150.0,13.7,2022-08-20,örebro-10,mats e djuse,5.0,1609.0,4.0,5.34,1000.0,12.5,2022-08-04,gävle-6,mats e djuse,1.0,1640.0,4.0,2.36,100.0,12.0,2022-07-25,solvalla-6,örjan kihlström,1.0,2140.0,4.0,1.58,100.0,14.3,2022-07-05,solvalla-6,mats e djuse,1.0,2140.0,4.0,11.95,300.0,13.0,15,1,1,1,1,1,8146.288038201084,4693.2361750509335,10966.331584284586,10966.331584284586,18994.243476628202,15.0,20.0,16.0,10.0,20.0
2022-09-24,solvalla,4,11,carbonfiber,3,s,örjan kihlström,2140.0,0,2140.0,1400000.0,11.0,1.0,35.13,6.3,47800.0,2022-09-09,solvalla-12,magnus a djuse,2.0,2140.0,7.0,22.3,150.0,13.8,2022-08-24,solvalla-7,magnus a djuse,6.0,2140.0,7.0,43.45,100.0,14.1,2022-06-16,bergsåker-9,ulf ohlsson,15.0,2140.0,7.0,20.17,100.0,15.3,2022-05-27,solvalla-2,magnus a djuse,15.0,2140.0,7.0,2.27,200.0,14.8,2022-05-04,solvalla-9,magnus a djuse,15.0,2140.0,7.0,8.11,300.0,15.1,22,1,1,1,1,1,8146.288038201084,900.1713130052182,10.0,14.142135623730951,17.320508075688775,15.0,16.0,69.0,20.0,23.0
2022-09-24,solvalla,4,12,nycora,3,s,carl johan jepson,2140.0,0,2140.0,1400000.0,12.0,1.0,49.86,12.37,17754.0,2022-09-09,solvalla-3,claes sjöström,2.0,2140.0,5.0,17.36,150.0,12.9,2022-08-24,solvalla-7,claes sjöström,2.0,2140.0,5.0,231.47,100.0,13.2,2022-08-10,mantorp-4,claes sjöström,15.0,2140.0,5.0,137.66,110.0,14.1,2022-06-16,bergsåker-7,ulf ohlsson,15.0,2140.0,5.0,84.37,100.0,14.3,2022-05-27,solvalla-2,claes sjöström,15.0,2140.0,5.0,30.22,200.0,14.9,25,1,1,1,1,1,8146.288038201084,6651.416330443618,10.488088481701515,10.0,14.142135623730951,15.0,16.0,14.0,55.0,20.0
2022-09-24,solvalla,5,1,special topmodel,4,s,dwight pieters,2140.0,0,2140.0,220000.0,1.0,5.0,13.53,2.47,21207.0,2022-09-10,hagmyren-9,dwight pieters,3.0,2140.0,8.0,31.32,110.0,13.2,2022-08-27,bergsåker-8,dwight pieters,2.0,2140.0,8.0,31.16,110.0,13.0,2022-07-30,forssa-12,santtu raitala,8.0,2640.0,8.0,7.9,,14.9,2022-07-29,forssa-7,santtu raitala,8.0,1640.0,8.0,6.7,,12.5,2022-06-18,boden-6,dwight pieters,8.0,2140.0,8.0,8.72,70.0,14.2,14,1,1,1,1,1,4231.196882217894,6976.064300232707,,,277.0637491444741,14.0,14.0,28.0,1.0,41.0
2022-09-24,solvalla,5,2,viva la vida face,5,v,björn goop,2140.0,0,2140.0,220000.0,2.0,51.0,2.29,1.27,20925.0,2022-09-10,hagmyren-9,björn goop,1.0,2140.0,3.0,2.42,110.0,12.9,2022-09-01,örebro-9,carl johan jepson,1.0,2100.0,3.0,1.78,35.0,12.6,2022-07-13,solvalla-9,björn goop,3.0,2140.0,3.0,2.95,60.0,12.5,2022-07-02,eskilstuna-2,björn goop,3.0,2140.0,3.0,10.48,30.0,13.0,2022-06-10,solvalla-6,petter karlsson,3.0,2140.0,3.0,5.84,40.0,13.4,1,1,1,1,1,1,11501.58559756547,6487.769258055282,3124.9459971558285,2209.670505430644,2551.5077222615173,14.0,9.0,50.0,11.0,22.0
2022-09-24,solvalla,5,3,eagle in disguise,5,v,daniel wäjersten,2140.0,0,2140.0,220000.0,3.0,11.0,7.64,2.55,23590.0,2022-08-20,örebro-9,daniel wäjersten,1.0,2100.0,2.0,3.85,110.0,13.0,2022-08-07,dannero-10,jimmy h andersson,1.0,2140.0,2.0,7.82,100.0,13.1,2022-07-23,solänget-6,jimmy h andersson,1.0,2640.0,2.0,1.83,35.0,15.8,2022-07-06,lindesberg-6,daniel wäjersten,1.0,3160.0,2.0,3.38,60.0,16.6,2022-06-23,dannero-9,ulf ohlsson,1.0,1640.0,2.0,15.98,110.0,13.2,8,1,1,0,0,1,11501.58559756547,10966.331584284586,6487.769258055282,8494.48391898452,11501.58559756547,35.0,13.0,15.0,17.0,13.0
2022-09-24,solvalla,5,4,ferox brick,5,h,ulf ohlsson,2140.0,0,2140.0,220000.0,4.0,10.0,11.68,3.19,34142.0,2022-09-10,hagmyren-9,per lennartsson,20.0,2140.0,11.0,6.66,110.0,30.0,2022-08-06,rättvik-11,ulf ohlsson,1.0,2640.0,11.0,6.53,110.0,14.2,2022-07-07,halmstad-3,patrik fernlund,1.0,2140.0,11.0,2.94,125.0,13.6,2022-05-14,umåker-6,ulf ohlsson,1.0,2140.0,11.0,6.12,110.0,30.0,2022-04-27,solvalla-2,ulf ohlsson,1.0,2640.0,11.0,2.94,40.0,15.1,12,1,1,1,0,1,0.8609147285877977,11501.58559756547,12260.73144313165,11501.58559756547,6935.717076596412,14.0,35.0,30.0,54.0,17.0
2022-09-24,solvalla,5,5,behind lord,4,v,örjan kihlström,2140.0,0,2140.0,220000.0,5.0,3.0,14.52,3.49,22847.0,2022-09-10,hagmyren-9,per linderoth,2.0,2140.0,4.0,30.37,110.0,13.1,2022-08-27,bergsåker-5,örjan kihlström,1.0,1640.0,4.0,3.62,110.0,12.2,2022-08-07,dannero-10,per linderoth,2.0,2140.0,4.0,30.09,100.0,13.3,2022-07-31,östersund-10,per linderoth,2.0,1640.0,4.0,5.94,35.0,12.8,2022-06-23,dannero-9,per linderoth,2.0,1640.0,4.0,8.16,110.0,12.1,14,1,0,1,1,1,6976.064300232707,11501.58559756547,6651.416330443618,3935.0309681516123,6976.064300232707,14.0,14.0,20.0,7.0,38.0
2022-09-24,solvalla,5,6,o.m.dustin,9,v,valentin prevost,2140.0,0,2140.0,220000.0,6.0,0.0,50.32,11.22,3844.0,2022-08-27,bergsåker-5,emilia leo,3.0,1640.0,3.0,35.29,110.0,12.2,2022-08-02,solvalla-5,valentin prevost,2.0,2140.0,3.0,17.97,40.0,14.7,2022-07-12,eskilstuna-3,valentin prevost,1.0,1640.0,3.0,21.93,25.0,11.8,2022-06-17,solvalla-7,valentin prevost,1.0,2140.0,3.0,120.36,40.0,13.9,2022-06-02,romme-1,valentin prevost,1.0,2140.0,3.0,47.72,30.0,16.0,26,0,1,1,1,1,4231.196882217894,4206.725054048198,5483.165792142293,6935.717076596412,6006.507181794034,28.0,25.0,21.0,25.0,15.0
2022-09-24,solvalla,5,7,turenne,7,v,troels andersen,2140.0,0,2140.0,220000.0,7.0,4.0,13.08,3.69,19181.0,2022-09-09,bollnäs-7,troels andersen,1.0,2140.0,7.0,3.76,25.0,14.8,2022-08-06,rättvik-11,troels andersen,2.0,2640.0,7.0,9.14,110.0,14.3,2022-07-29,romme-10,troels andersen,1.0,3160.0,7.0,6.83,60.0,18.0,2022-06-14,gävle-8,troels andersen,1.0,2160.0,7.0,4.78,50.0,13.6,2022-05-27,solvalla-6,troels andersen,1.0,3180.0,7.0,18.13,100.0,15.4,13,1,1,0,0,0,5483.165792142293,6976.064300232707,8494.48391898452,7754.367427987846,10966.331584284586,15.0,34.0,8.0,45.0,18.0
2022-09-24,solvalla,5,8,dynamic twister,5,v,carl johan jepson,2140.0,0,2140.0,220000.0,8.0,1.0,54.77,13.94,18545.0,2022-09-03,jägersro-9,carl johan jepson,3.0,2640.0,5.0,28.51,110.0,14.4,2022-08-14,åmål-9,carl johan jepson,1.0,2880.0,5.0,6.81,50.0,16.4,2022-07-20,eskilstuna-4,carl johan jepson,20.0,2140.0,5.0,9.74,60.0,30.0,2022-07-09,halmstad-9,erik adielsson,20.0,2140.0,5.0,56.79,110.0,30.0,2022-06-15,åmål-3,stefan persson,20.0,2880.0,5.0,10.79,60.0,17.5,26,1,1,1,1,0,4231.196882217894,7754.367427987846,0.6358276652876376,0.8609147285877977,0.6358276652876376,21.0,20.0,25.0,11.0,24.0
2022-09-24,solvalla,5,9,final whistle,5,v,mattias djuse,2140.0,0,2140.0,220000.0,9.0,2.0,19.83,4.69,23130.0,2022-08-20,örebro-9,mattias djuse,3.0,2100.0,9.0,10.34,110.0,13.0,2022-08-05,bergsåker-6,mattias djuse,1.0,2640.0,9.0,2.17,50.0,14.2,2022-07-17,solvalla-3,mattias djuse,3.0,2640.0,9.0,6.76,40.0,13.8,2022-07-02,eskilstuna-5,mattias djuse,3.0,2140.0,9.0,96.62,220.0,12.4,2022-06-11,östersund-7,mattias djuse,3.0,2140.0,9.0,19.32,110.0,14.7,17,1,0,1,1,1,4231.196882217894,7754.367427987846,2551.5077222615173,5983.816015903301,4231.196882217894,35.0,15.0,19.0,15.0,21.0
2022-09-24,solvalla,5,10,underbarosåfin,5,v,henrik svensson,2140.0,0,2140.0,220000.0,10.0,8.0,8.11,2.8,23365.0,2022-08-27,bergsåker-5,henrik svensson,2.0,1640.0,11.0,10.14,110.0,12.2,2022-08-05,bergsåker-7,henrik svensson,1.0,2180.0,11.0,3.23,80.0,13.6,2022-07-31,östersund-10,henrik svensson,15.0,1640.0,11.0,13.2,35.0,13.0,2022-07-08,bergsåker-8,henrik svensson,15.0,2680.0,11.0,4.6,30.0,30.0,2022-06-03,dannero-6,henrik svensson,15.0,2140.0,11.0,2.75,30.0,14.6,9,0,0,1,0,0,6976.064300232707,9808.58515450532,5.916079783099616,5.477225575051661,5.477225575051661,28.0,22.0,5.0,23.0,35.0
2022-09-24,solvalla,5,11,holdfast am,5,v,johan untersteiner,2140.0,0,2140.0,220000.0,11.0,1.0,21.9,5.55,18662.0,2022-09-17,färjestad-8,johan untersteiner,5.0,2140.0,9.0,15.3,110.0,12.6,2022-09-03,jägersro-9,johan untersteiner,2.0,2640.0,9.0,44.94,110.0,14.4,2022-08-20,örebro-9,johan untersteiner,6.0,2100.0,9.0,13.38,110.0,13.2,2022-08-13,åby-6,johan untersteiner,6.0,2140.0,9.0,39.48,220.0,12.6,2022-07-22,axevalla-9,johan untersteiner,6.0,1640.0,9.0,11.99,50.0,11.3,18,1,1,1,1,1,1556.570344516668,6976.064300232707,944.1076379488159,1335.169825927243,636.517239655588,7.0,14.0,14.0,7.0,22.0
2022-09-24,solvalla,5,12,robthebank,4,v,magnus a djuse,2140.0,0,2140.0,220000.0,12.0,3.0,20.31,5.74,22000.0,2022-09-03,jägersro-9,ulf ohlsson,1.0,2640.0,1.0,7.1,110.0,14.3,2022-08-20,örebro-9,ulf ohlsson,7.0,2100.0,1.0,28.76,110.0,13.3,2022-08-03,visby-7,fredrik b larsson,2.0,2120.0,1.0,4.08,60.0,14.4,2022-07-24,axevalla-8,ulf ohlsson,2.0,2160.0,1.0,8.12,100.0,13.8,2022-07-09,halmstad-8,ulf ohlsson,2.0,2140.0,1.0,6.32,110.0,13.6,18,1,1,1,0,1,11501.58559756547,572.6302284848314,5152.164935300037,6651.416330443618,6976.064300232707,21.0,14.0,17.0,10.0,15.0
2022-09-24,solvalla,6,1,bedazzled sox,3,h,torbjörn jansson,2640.0,0,2640.0,2000000.0,1.0,38.0,2.34,1.4,300000.0,2022-09-09,solvalla-4,torbjörn jansson,1.0,2640.0,5.0,1.19,150.0,13.1,2022-08-20,örebro-7,torbjörn jansson,2.0,1609.0,5.0,2.77,1000.0,10.9,2022-08-04,gävle-7,torbjörn jansson,1.0,1640.0,5.0,1.53,100.0,11.6,2022-07-02,eskilstuna-10,torbjörn jansson,1.0,2140.0,5.0,8.18,1000.0,12.6,2022-06-16,bergsåker-6,torbjörn jansson,1.0,2140.0,5.0,2.15,100.0,14.0,1,1,1,1,1,1,13430.958365832146,21033.625270240995,10966.331584284586,34678.585382982055,10966.331584284586,15.0,20.0,16.0,33.0,16.0
2022-09-24,solvalla,6,2,global deputy,3,h,magnus a djuse,2640.0,0,2640.0,2000000.0,2.0,1.0,26.36,4.7,27769.0,2022-09-09,solvalla-6,magnus a djuse,1.0,2640.0,5.0,22.98,150.0,14.0,2022-08-19,örebro-4,carl johan jepson,2.0,1609.0,5.0,10.32,100.0,11.8,2022-08-04,gävle-7,björn goop,4.0,1640.0,5.0,31.57,100.0,12.1,2022-06-03,rättvik-6,mats e djuse,4.0,2140.0,5.0,6.57,40.0,16.1,2022-05-04,solvalla-8,rikard n skoglund,4.0,2140.0,5.0,72.49,300.0,14.7,20,1,1,1,1,1,13430.958365832146,6651.416330443618,2446.919322642204,1547.5676620451568,4238.188588838319,15.0,21.0,15.0,62.0,30.0
2022-09-24,solvalla,6,3,following,3,h,björn goop,2640.0,0,2640.0,2000000.0,3.0,18.0,6.64,1.98,154170.0,2022-09-09,solvalla-11,björn goop,1.0,2640.0,3.0,2.15,150.0,12.9,2022-08-20,örebro-7,björn goop,1.0,1609.0,3.0,7.82,1000.0,10.9,2022-08-04,gävle-9,björn goop,3.0,1640.0,3.0,2.28,100.0,11.8,2022-07-05,solvalla-5,björn goop,3.0,2140.0,3.0,3.89,300.0,12.6,2022-06-28,solvalla-8,björn goop,3.0,2140.0,3.0,2.14,60.0,13.4,7,1,1,1,1,1,13430.958365832146,34678.585382982055,4034.287934927351,6987.5916756562965,3124.9459971558285,15.0,20.0,16.0,30.0,7.0
2022-09-24,solvalla,6,4,ante la roque,3,h,erik adielsson,2640.0,0,2640.0,2000000.0,4.0,2.0,18.04,4.59,33337.0,2022-09-09,solvalla-7,örjan kihlström,1.0,2640.0,5.0,5.29,150.0,13.1,2022-08-20,örebro-7,örjan kihlström,20.0,1609.0,5.0,7.76,1000.0,30.0,2022-08-04,gävle-5,örjan kihlström,2.0,1640.0,5.0,3.0,100.0,11.8,2022-07-25,solvalla-8,erik adielsson,2.0,2140.0,5.0,16.88,200.0,13.1,2022-06-28,solvalla-8,örjan kihlström,2.0,2140.0,5.0,7.22,60.0,13.7,16,1,1,1,1,1,13430.958365832146,2.595755573833073,6651.416330443618,9406.523183503248,5152.164935300037,15.0,20.0,16.0,10.0,27.0
2022-09-24,solvalla,6,5,bengan,3,h,ulf ohlsson,2640.0,0,2640.0,2000000.0,5.0,5.0,13.01,4.02,43375.0,2022-09-09,solvalla-9,örjan kihlström,1.0,2640.0,9.0,6.34,150.0,13.6,2022-08-24,solvalla-10,örjan kihlström,15.0,2140.0,9.0,17.07,100.0,13.6,2022-07-14,örebro-4,ulf ohlsson,4.0,2609.0,9.0,2.14,125.0,15.7,2022-07-01,eskilstuna-8,ulf ohlsson,4.0,2140.0,9.0,2.35,100.0,14.6,2022-06-20,örebro-10,ulf ohlsson,4.0,2100.0,9.0,1.77,40.0,14.0,13,1,1,1,1,1,13430.958365832146,10.0,2735.738970442854,2446.919322642204,1547.5676620451568,15.0,16.0,41.0,13.0,11.0
2022-09-24,solvalla,6,6,greensboro zet,3,h,claes sjöström,2640.0,0,2640.0,2000000.0,6.0,7.0,23.43,4.76,43142.0,2022-09-09,solvalla-10,örjan kihlström,1.0,2640.0,3.0,5.08,150.0,13.1,2022-08-04,gävle-9,örjan kihlström,20.0,1640.0,3.0,7.1,100.0,30.0,2022-07-13,solvalla-2,örjan kihlström,1.0,2140.0,3.0,5.11,60.0,12.6,2022-06-23,mantorp-6,örjan kihlström,1.0,2140.0,3.0,1.51,40.0,15.9,2022-06-07,eskilstuna-2,örjan kihlström,1.0,2140.0,3.0,7.21,40.0,15.6,19,1,1,1,0,1,13430.958365832146,0.820849986238988,8494.48391898452,6935.717076596412,6935.717076596412,15.0,36.0,22.0,20.0,16.0
2022-09-24,solvalla,6,7,every day elegant,3,h,per lennartsson,2640.0,0,2640.0,2000000.0,7.0,1.0,40.7,6.42,58045.0,2022-09-09,solvalla-6,per lennartsson,2.0,2640.0,8.0,2.58,150.0,14.1,2022-08-24,solvalla-10,per lennartsson,1.0,2140.0,8.0,6.49,100.0,13.1,2022-08-10,mantorp-9,torbjörn jansson,2.0,2140.0,8.0,8.7,110.0,13.4,2022-07-25,solvalla-8,örjan kihlström,2.0,2140.0,8.0,15.85,200.0,13.7,2022-07-01,eskilstuna-8,örjan kihlström,2.0,2140.0,8.0,1.92,100.0,14.9,24,1,1,1,1,1,8146.288038201084,10966.331584284586,6976.064300232707,9406.523183503248,6651.416330443618,15.0,16.0,14.0,16.0,24.0
2022-09-24,solvalla,6,8,coquaholy,3,h,kim eriksson,2640.0,0,2640.0,2000000.0,8.0,3.0,17.38,5.31,77433.0,2022-09-09,solvalla-10,kim eriksson,2.0,2640.0,1.0,3.53,150.0,13.2,2022-08-24,solvalla-10,kim eriksson,2.0,2140.0,1.0,8.84,100.0,13.5,2022-07-25,solvalla-8,kim eriksson,1.0,2140.0,1.0,12.24,200.0,13.0,2022-07-02,eskilstuna-10,kim eriksson,1.0,2140.0,1.0,15.43,1000.0,14.5,2022-06-16,bergsåker-2,örjan kihlström,1.0,2140.0,1.0,1.81,100.0,13.9,16,1,1,1,1,1,8146.288038201084,6651.416330443618,15508.734855975692,34678.585382982055,10966.331584284586,15.0,16.0,30.0,23.0,16.0
2022-09-24,solvalla,6,9,mister jupiter,3,h,jorma kontio,2640.0,0,2640.0,2000000.0,9.0,3.0,17.1,4.18,44000.0,2022-09-09,solvalla-9,jorma kontio,1.0,2640.0,3.0,2.04,150.0,13.6,2022-08-31,solvalla-5,jorma kontio,1.0,2140.0,3.0,1.29,60.0,14.3,2022-08-08,färjestad-7,jorma kontio,1.0,2140.0,3.0,1.46,40.0,14.0,2022-07-29,romme-1,jorma kontio,1.0,2140.0,3.0,2.04,30.0,14.4,2022-07-18,rättvik-8,jorma kontio,1.0,2140.0,3.0,1.6,20.0,16.8,16,1,1,1,1,0,13430.958365832146,8494.48391898452,6935.717076596412,6006.507181794034,4904.29257725266,15.0,9.0,23.0,10.0,11.0
2022-09-24,solvalla,6,10,monastery boko,3,h,robin bakker,2640.0,0,2640.0,2000000.0,10.0,6.0,11.09,3.18,155156.0,2022-09-09,solvalla-7,robin bakker,2.0,2640.0,8.0,9.45,150.0,13.2,2022-08-28,wolvega-9,micha brouwer,2.0,2100.0,8.0,15.79,,12.9,2022-08-12,wolvega-5,micha brouwer,3.0,2100.0,8.0,,,30.0,2022-07-26,jägersro-8,robin bakker,3.0,1640.0,8.0,15.4,800.0,12.0,2022-06-26,berlin-3,robin bakker,3.0,1900.0,8.0,1.1,,15.8,12,1,1,1,1,1,8146.288038201084,,,11410.689424184813,,15.0,12.0,16.0,17.0,30.0
2022-09-24,solvalla,6,11,xanthis harvey,3,h,örjan kihlström,2640.0,0,2640.0,2000000.0,11.0,15.0,7.29,2.28,52500.0,2022-09-09,solvalla-4,örjan kihlström,2.0,2640.0,9.0,5.45,150.0,13.3,2022-08-26,romme-7,örjan kihlström,2.0,2140.0,9.0,1.14,100.0,13.9,2022-07-11,rättvik-4,örjan kihlström,1.0,2140.0,9.0,1.27,100.0,14.0,2022-07-03,hagmyren-6,örjan kihlström,1.0,2140.0,9.0,1.24,40.0,15.1,2022-06-14,gävle-2,örjan kihlström,1.0,2140.0,9.0,1.32,40.0,14.7,8,1,1,1,1,0,8146.288038201084,6651.416330443618,10966.331584284586,6935.717076596412,6935.717076596412,15.0,14.0,46.0,8.0,19.0
2022-09-24,solvalla,6,12,my dreams,3,h,oskar j andersson,2640.0,0,2640.0,2000000.0,12.0,0.0,50.47,10.37,38360.0,2022-09-09,solvalla-11,oskar j andersson,2.0,2640.0,2.0,37.08,150.0,13.0,2022-08-27,bergsåker-3,oskar j andersson,1.0,2140.0,2.0,4.08,50.0,14.8,2022-08-07,dannero-1,oskar j andersson,1.0,2140.0,2.0,2.09,40.0,15.4,2022-07-29,romme-1,oskar j andersson,1.0,2140.0,2.0,3.79,30.0,14.5,2022-07-15,årjäng-8,oskar j andersson,1.0,2140.0,2.0,1.54,20.0,17.2,26,1,1,1,1,0,8146.288038201084,7754.367427987846,6935.717076596412,6006.507181794034,4904.29257725266,15.0,13.0,20.0,9.0,14.0
2022-09-24,solvalla,7,1,laredo boko,4,h,robert bergh,3140.0,1,3140.0,300000.0,1.0,9.0,15.25,4.18,22333.0,2022-09-15,gävle-3,robert bergh,1.0,2640.0,8.0,2.43,25.0,15.3,2022-07-30,bollnäs-9,robert bergh,1.0,2640.0,8.0,3.75,110.0,14.1,2022-07-23,axevalla-6,robert bergh,5.0,2140.0,8.0,3.05,110.0,13.3,2022-07-03,hagmyren-3,rikard n skoglund,5.0,2160.0,8.0,1.47,30.0,15.2,2022-06-18,boden-3,robert bergh,5.0,2140.0,8.0,2.42,50.0,14.1,15,1,1,1,0,1,5483.165792142293,11501.58559756547,1556.570344516668,812.8923507108439,1049.439512187499,9.0,47.0,7.0,20.0,15.0
2022-09-24,solvalla,7,2,bottnas idol,4,h,preben sövik,3140.0,1,3140.0,300000.0,2.0,2.0,21.83,4.97,26395.0,2022-08-28,charlottenlund-10,preben sövik,2.0,2950.0,,5.44,,15.0,2022-08-11,åby-4,ken ecce,1.0,2640.0,,5.47,35.0,15.0,2022-07-23,axevalla-10,preben sövik,1.0,3140.0,,7.79,100.0,15.1,2022-07-07,halmstad-1,preben sövik,1.0,2640.0,,47.87,100.0,14.9,2022-02-12,åby-3,preben sövik,1.0,2640.0,,3.79,40.0,16.4,18,0,0,0,1,1,,6487.769258055282,10966.331584284586,10966.331584284586,6935.717076596412,27.0,17.0,19.0,16.0,145.0
2022-09-24,solvalla,7,3,high on pepper,4,v,jorma kontio,3140.0,1,3140.0,300000.0,3.0,13.0,9.66,3.12,19882.0,2022-09-17,färjestad-10,jorma kontio,2.0,3140.0,2.0,4.36,110.0,15.1,2022-09-06,eskilstuna-6,jorma kontio,1.0,2140.0,2.0,2.5,30.0,12.4,2022-08-27,bergsåker-6,rikard n skoglund,6.0,2140.0,2.0,13.69,110.0,13.5,2022-08-05,lindesberg-4,jorma kontio,6.0,2680.0,2.0,4.71,25.0,15.4,2022-07-29,romme-10,jorma kontio,6.0,3140.0,2.0,4.27,60.0,30.0,10,0,1,1,0,0,6976.064300232707,6006.507181794034,944.1076379488159,450.0856565026091,697.2697008005748,7.0,11.0,10.0,22.0,7.0
2022-09-24,solvalla,7,4,mellby indigo,5,v,björn goop,3140.0,1,3140.0,300000.0,4.0,5.0,14.9,4.79,23066.0,2022-09-16,umåker-6,ulf ohlsson,1.0,3140.0,1.0,1.38,35.0,16.9,2022-02-06,gävle-7,rikard n skoglund,2.0,3140.0,1.0,1.36,40.0,17.5,2022-02-03,bergsåker-1,robert bergh,1.0,2660.0,1.0,1.48,30.0,16.7,2022-01-18,bollnäs-3,rikard n skoglund,1.0,2640.0,1.0,2.04,25.0,15.2,2021-11-25,åby-3,rikard n skoglund,1.0,2660.0,1.0,1.49,30.0,16.7,15,0,1,0,1,0,6487.769258055282,4206.725054048198,6006.507181794034,5483.165792142293,6006.507181794034,8.0,222.0,3.0,16.0,54.0
2022-09-24,solvalla,7,5,herman hazelaar,4,v,tomas pettersson,3140.0,1,3140.0,300000.0,5.0,1.0,32.63,9.21,22849.0,2022-09-10,hagmyren-9,carl johan jepson,6.0,2140.0,7.0,14.73,110.0,13.7,2022-08-18,östersund-6,tomas pettersson,1.0,2660.0,7.0,2.0,25.0,15.0,2022-08-06,rättvik-2,tomas pettersson,1.0,2160.0,7.0,2.13,35.0,14.1,2022-07-24,axevalla-8,tomas pettersson,1.0,2160.0,7.0,17.85,100.0,13.3,2022-06-28,solvalla-5,tomas pettersson,1.0,2640.0,7.0,2.69,40.0,16.3,22,1,0,0,0,0,944.1076379488159,5483.165792142293,6487.769258055282,10966.331584284586,6935.717076596412,14.0,23.0,12.0,13.0,26.0
2022-09-24,solvalla,7,6,versace face,5,v,örjan kihlström,3140.0,1,3160.0,300000.0,1.0,16.0,5.95,2.21,37103.0,2022-09-10,hagmyren-5,örjan kihlström,4.0,2140.0,6.0,8.23,110.0,13.2,2022-08-27,bergsåker-10,örjan kihlström,15.0,2640.0,6.0,8.3,110.0,13.4,2022-08-17,solvalla-11,örjan kihlström,2.0,3140.0,6.0,11.25,100.0,14.2,2022-07-26,jägersro-11,örjan kihlström,2.0,3140.0,6.0,3.99,250.0,14.9,2022-06-25,rättvik-4,örjan kihlström,2.0,3160.0,6.0,1.79,75.0,15.2,6,0,1,0,0,0,2566.350636345657,10.488088481701515,6651.416330443618,10516.812635120497,5760.2955133108435,14.0,14.0,10.0,22.0,31.0
2022-09-24,solvalla,7,7,starbec's a.to z.,6,h,anders svanstedt,3140.0,1,3160.0,300000.0,2.0,2.0,22.18,5.25,15815.0,2022-08-31,åby-9,anders svanstedt,1.0,3160.0,4.0,6.88,60.0,14.7,2022-08-21,vaggeryd-10,anders svanstedt,2.0,2670.0,4.0,5.89,35.0,15.2,2022-07-14,örebro-9,anders svanstedt,5.0,1609.0,4.0,24.62,50.0,11.9,2022-06-20,örebro-4,anders svanstedt,5.0,2680.0,4.0,2.71,35.0,15.6,2022-06-02,åby-9,anders svanstedt,5.0,2140.0,4.0,2.68,40.0,12.8,18,0,0,1,0,1,8494.48391898452,3935.0309681516123,1049.439512187499,878.0240901127003,938.6472350101867,24.0,10.0,38.0,24.0,18.0
2022-09-24,solvalla,7,8,persos otello,6,v,claes sjöström,3140.0,1,3160.0,300000.0,3.0,1.0,41.58,12.26,15844.0,2022-09-16,kalmar-8,örjan kihlström,6.0,3160.0,5.0,3.58,150.0,15.5,2022-08-20,örebro-2,claes sjöström,1.0,3180.0,5.0,2.83,50.0,15.8,2022-08-09,solvalla-3,claes sjöström,1.0,2180.0,5.0,5.17,40.0,12.8,2022-07-30,kalmar-7,dwight pieters,1.0,2660.0,5.0,11.45,25.0,13.7,2022-06-07,eskilstuna-6,kim eriksson,1.0,3160.0,5.0,13.5,60.0,18.1,24,0,0,0,0,0,1102.4801989769737,7754.367427987846,6935.717076596412,5483.165792142293,8494.48391898452,8.0,27.0,11.0,10.0,53.0
2022-09-24,solvalla,7,9,hefner am,5,v,ulf ohlsson,3140.0,1,3160.0,300000.0,4.0,3.0,21.32,6.74,23640.0,2022-08-27,bergsåker-10,ulf ohlsson,20.0,2640.0,1.0,16.67,110.0,30.0,2022-08-07,dannero-12,ulf ohlsson,2.0,2640.0,1.0,3.77,100.0,14.1,2022-07-23,axevalla-10,magnus a djuse,2.0,3180.0,1.0,8.25,100.0,14.2,2022-07-02,eskilstuna-11,ulf ohlsson,2.0,3140.0,1.0,7.19,400.0,30.0,2022-06-25,rättvik-4,ulf ohlsson,2.0,3160.0,1.0,7.96,75.0,15.2,18,1,1,0,0,0,0.8609147285877977,6651.416330443618,6651.416330443618,13302.832660887236,5760.2955133108435,28.0,20.0,15.0,21.0,7.0
2022-09-24,solvalla,7,10,g.r.j.'s wolverine,8,v,jörgen s eriksson,3140.0,1,3160.0,300000.0,5.0,1.0,39.75,9.07,11620.0,2022-09-06,eskilstuna-9,torbjörn jansson,1.0,2680.0,2.0,18.11,50.0,13.4,2022-08-05,lindesberg-6,jonathan carre,1.0,2180.0,2.0,2.07,25.0,14.4,2022-07-18,rättvik-3,jonathan carre,1.0,1640.0,2.0,2.35,22.0,12.6,2022-07-02,eskilstuna-11,kim eriksson,1.0,3140.0,2.0,124.72,400.0,14.9,2022-06-15,åmål-3,jörgen s eriksson,1.0,2900.0,2.0,28.33,60.0,17.1,24,0,0,1,0,0,7754.367427987846,5483.165792142293,5143.665449037786,21932.663168569172,8494.48391898452,18.0,32.0,18.0,16.0,17.0
2022-09-24,solvalla,7,11,king cole,5,v,daniel wäjersten,3140.0,1,3160.0,300000.0,6.0,17.0,5.68,2.42,28651.0,2022-08-17,solvalla-11,per linderoth,1.0,3140.0,3.0,2.48,100.0,14.1,2022-07-07,halmstad-12,per linderoth,1.0,3140.0,3.0,6.71,200.0,13.8,2022-06-25,skellefteå-5,per linderoth,1.0,2140.0,3.0,3.17,100.0,13.6,2022-06-11,östersund-4,daniel wäjersten,1.0,3140.0,3.0,11.81,100.0,16.5,2022-05-20,romme-8,daniel wäjersten,1.0,2140.0,3.0,3.17,40.0,13.9,6,0,0,0,0,1,10966.331584284586,15508.734855975692,10966.331584284586,10966.331584284586,6935.717076596412,38.0,41.0,12.0,14.0,22.0
2022-09-24,solvalla,7,12,hurricane woodland,5,v,erik adielsson,3140.0,1,3160.0,300000.0,7.0,1.0,43.69,12.14,13563.0,2022-09-16,kalmar-8,simon mitman,2.0,3160.0,1.0,93.35,150.0,15.3,2022-08-27,kalmar-6,magnus fermskog,1.0,3140.0,1.0,20.06,25.0,16.2,2022-08-20,örebro-9,anton knutsson,15.0,2100.0,1.0,56.33,110.0,13.9,2022-06-26,kalmar-3,anton knutsson,15.0,3140.0,1.0,32.72,110.0,16.4,2022-06-08,tingsryd-9,anton knutsson,15.0,1609.0,1.0,67.56,110.0,12.0,24,0,0,1,0,1,8146.288038201084,5483.165792142293,10.488088481701515,10.488088481701515,10.488088481701515,8.0,20.0,7.0,55.0,18.0
2022-09-24,solvalla,7,13,amalencius b.b.,5,v,magnus a djuse,3140.0,1,3180.0,300000.0,1.0,18.0,6.08,2.43,49703.0,2022-09-14,solvalla-6,örjan kihlström,5.0,1640.0,2.0,2.03,60.0,11.9,2022-07-02,eskilstuna-8,örjan kihlström,15.0,2140.0,2.0,2.75,250.0,12.6,2022-06-18,boden-9,örjan kihlström,1.0,2640.0,2.0,2.38,125.0,14.5,2022-05-28,solvalla-12,santtu raitala,1.0,3160.0,2.0,24.22,1000.0,13.1,2022-05-14,umåker-11,örjan kihlström,1.0,2640.0,2.0,3.22,125.0,14.4,6,1,1,1,0,1,1149.6033871246218,15.811388300841896,12260.73144313165,34678.585382982055,12260.73144313165,10.0,74.0,14.0,21.0,14.0
2022-09-24,solvalla,7,14,golden guard,6,h,mats e djuse,3140.0,1,3180.0,300000.0,2.0,3.0,15.08,4.69,22620.0,2022-09-17,färjestad-11,magnus a djuse,4.0,2640.0,9.0,7.59,125.0,13.2,2022-08-29,halmstad-9,claes svensson,3.0,2140.0,9.0,4.95,125.0,12.8,2022-08-13,åby-5,claes svensson,15.0,2140.0,9.0,27.14,250.0,12.1,2022-07-23,axevalla-5,magnus a djuse,15.0,2140.0,9.0,16.77,125.0,12.2,2022-07-09,halmstad-7,claes svensson,15.0,1640.0,9.0,2.18,125.0,11.2,15,1,1,1,0,1,2735.738970442854,4510.471031652402,15.811388300841896,11.180339887498949,11.180339887498949,7.0,19.0,16.0,21.0,14.0
2022-09-24,solvalla,7,15,oracle tile,6,h,kristian malmin,3140.0,1,3200.0,300000.0,1.0,8.0,7.92,2.78,48326.0,2022-08-13,åby-11,kristian malmin,3.0,3140.0,3.0,50.23,1500.0,12.6,2022-07-16,årjäng-5,kristian malmin,2.0,2640.0,3.0,2.97,125.0,12.8,2022-06-25,orkla-8,kristian malmin,1.0,3440.0,3.0,9.9,,14.2,2022-06-11,bjerke-8,kristian malmin,1.0,2100.0,3.0,3.0,,15.7,2022-05-14,jarlsberg-6,kristian malmin,1.0,2100.0,3.0,2.0,,12.9,9,1,1,0,1,1,15624.729985779142,7436.509530762067,,,,42.0,28.0,21.0,14.0,28.0
