datum,bana,avd,startnr,häst,ålder,kön,kusk,lopp_dist,start,dist,pris,spår,streck,vodds,podds,kr,h1_dat,h1_bana,h1_kusk,h1_plac,h1_dist,h1_spår,h1_odds,h1_pris,h1_kmtid,h2_dat,h2_bana,h2_kusk,h2_plac,h2_dist,h2_spår,h2_odds,h2_pris,h2_kmtid,h3_dat,h3_bana,h3_kusk,h3_plac,h3_dist,h3_spår,h3_odds,h3_pris,h3_kmtid,h4_dat,h4_bana,h4_kusk,h4_plac,h4_dist,h4_spår,h4_odds,h4_pris,h4_kmtid,h5_dat,h5_bana,h5_kusk,h5_plac,h5_dist,h5_spår,h5_odds,h5_pris,h5_kmtid,bins,h1_auto,h2_auto,h3_auto,h4_auto,h5_auto,h1_perf,h2_perf,h3_perf,h4_perf,h5_perf,senast,delta1,delta2,delta3,delta4,proba,f,spela,insats,prob_order
2021-08-28,BERGSÅKER,1,12,ADMIRAL AS,5,v,Örjan Kihlström,2640.0,0,2640.0,61.0,12.0,61.0,1.39,1.14,55260.0,2021-08-18,Solvalla-10,Mats E Djuse,15.0,2140.0,3.0,3.75,1500.0,30.0,2021-07-26,Solvalla-4,Örjan Kihlström,1.0,2140.0,3.0,1.4,100.0,10.8,2021-07-03,Färjestad-5,Örjan Kihlström,1.0,2140.0,3.0,1.86,220.0,10.9,2021-06-16,Solvalla-5,Örjan Kihlström,1.0,2140.0,3.0,1.41,100.0,19.8,2021-05-22,Gävle-11,Örjan Kihlström,1.0,2640.0,3.0,1.64,110.0,13.7,0,1,1,1,1,1,38.72983346207417,10966.331584284586,16265.698340872146,10966.331584284586,11501.58559756547,10.0,23.0,23.0,17.0,25.0,0.867768289272236,0.5287126207395079,True,105.74252414790158,1
2021-08-28,BERGSÅKER,1,7,GARDNER SHAW,5,v,Jörgen Westholm,2640.0,0,2640.0,14.0,7.0,14.0,10.31,2.0,35233.0,2021-07-30,Romme-12,Jörgen Westholm,1.0,3180.0,1.0,4.75,60.0,14.1,2021-07-05,Rättvik-14,Jörgen Westholm,15.0,2140.0,1.0,,,16.3,2021-06-27,Kalmar-6,Jörgen Westholm,20.0,3160.0,1.0,5.2,110.0,30.0,2021-05-30,Solvalla-3,Per Lennartsson,20.0,2660.0,1.0,3.63,150.0,30.0,2021-02-24,Solvalla-9,Örjan Kihlström,20.0,2140.0,1.0,2.38,100.0,30.0,11,0,0,0,0,0,8494.48391898452,,0.8609147285877977,1.005331810828057,0.820849986238988,29.0,25.0,8.0,28.0,95.0,0.6414543383543423,0.6029424520336486,True,120.58849040672972,2
2021-08-28,BERGSÅKER,1,9,DIGITAL CLASS,6,s,Ulf Ohlsson,2640.0,0,2640.0,4.0,9.0,4.0,18.08,2.55,19159.0,2021-08-18,Solvalla-8,Ulf Ohlsson,2.0,2640.0,8.0,6.59,200.0,13.6,2021-07-31,Hagmyren-8,Ulf Ohlsson,2.0,2180.0,8.0,3.0,110.0,13.1,2021-07-17,Årjäng-7,Per Lennartsson,3.0,2640.0,8.0,40.75,125.0,13.0,2021-07-02,Färjestad-9,Ulf Ohlsson,3.0,2180.0,8.0,14.62,220.0,12.2,2021-06-22,Solvalla-4,Ulf Ohlsson,3.0,2140.0,8.0,8.58,60.0,12.4,16,1,0,1,0,1,9406.523183503248,6976.064300232707,4510.471031652402,5983.816015903301,3124.9459971558285,10.0,18.0,14.0,15.0,10.0,0.3913411504613763,0.3557053864368667,True,71.14107728737335,3
2021-08-28,BERGSÅKER,1,5,EVEN'S COOL BOY,6,h,Robert Dunder,2640.0,0,2640.0,5.0,5.0,5.0,19.23,3.62,49875.0,2021-07-31,Hagmyren-5,Robert Dunder,15.0,2140.0,4.0,7.68,125.0,12.8,2021-07-03,Färjestad-10,Robert Dunder,5.0,2140.0,4.0,30.09,250.0,11.6,2021-06-12,Östersund-10,Robert Dunder,4.0,1640.0,4.0,4.38,125.0,10.7,2021-05-15,Umåker-9,Robert Dunder,4.0,1640.0,4.0,18.89,125.0,11.5,2021-05-01,Solänget-8,Robert Dunder,4.0,1640.0,4.0,2.44,25.0,13.5,17,1,1,1,1,0,11.180339887498949,2346.6180875254668,2735.738970442854,2735.738970442854,1223.459661321102,28.0,28.0,21.0,28.0,14.0,0.37779280355365596,0.3436618547634012,True,68.73237095268024,4
2021-08-28,BERGSÅKER,1,6,FORT KNOX,5,v,Björn Goop,2640.0,0,2640.0,5.0,6.0,5.0,15.39,2.85,48738.0,2021-08-07,Rättvik-7,Björn Goop,4.0,2140.0,3.0,18.74,125.0,13.0,2021-07-14,Visby-10,Björn Goop,3.0,3160.0,3.0,7.31,100.0,14.8,2021-06-27,Kalmar-6,Björn Goop,15.0,3160.0,3.0,6.34,110.0,16.5,2021-06-01,Eskilstuna-10,Carl Johan Jepson,15.0,3180.0,3.0,3.58,35.0,14.4,2020-11-21,Jägersro-4,Björn Goop,15.0,2160.0,3.0,2.47,150.0,17.0,15,1,0,0,0,0,2735.738970442854,4034.287934927351,10.488088481701515,5.916079783099616,12.24744871391589,21.0,24.0,17.0,26.0,192.0,0.3682567560821788,0.32435521029219816,True,64.87104205843963,5
2021-08-28,BERGSÅKER,1,2,BALOTELLI CROWN,8,v,Hanna Forslin,2640.0,0,2640.0,3.0,2.0,3.0,21.29,3.45,12503.0,2021-08-20,Umåker-6,Hanna Forslin,1.0,2160.0,3.0,2.28,30.0,15.1,2021-06-19,Boden-11,Hanna Forslin,5.0,2640.0,3.0,11.67,125.0,13.4,2021-05-29,Solvalla-7,Hanna Forslin,2.0,2140.0,3.0,31.84,250.0,11.2,2021-05-15,Umåker-9,Hanna Forslin,2.0,1640.0,3.0,24.25,125.0,12.3,2021-04-17,Bergsåker-10,Hanna Forslin,2.0,1640.0,3.0,50.88,125.0,10.9,18,0,1,1,1,1,6006.507181794034,1659.309562544265,10516.812635120497,7436.509530762067,7436.509530762067,8.0,62.0,21.0,14.0,28.0,0.29723359531698923,0.26259749848687536,True,52.519499697375075,6
2021-08-28,BERGSÅKER,1,10,IVORY DI QUATTRO,6,h,Robert Bergh,2640.0,0,2640.0,3.0,10.0,3.0,24.36,3.91,35960.0,2021-08-14,Åby-9,Rikard N Skoglund,20.0,2140.0,4.0,32.69,250.0,30.0,2021-07-31,Hagmyren-5,Rikard N Skoglund,5.0,2140.0,4.0,31.15,125.0,12.2,2021-07-17,Årjäng-7,Rikard N Skoglund,5.0,2640.0,4.0,20.23,125.0,13.3,2021-06-26,Rättvik-7,Robert Bergh,5.0,3200.0,4.0,2.99,75.0,13.8,2021-06-19,Boden-11,Rikard N Skoglund,5.0,2640.0,4.0,6.6,125.0,30.0,19,1,1,1,0,1,1.2978777869165365,1659.309562544265,1659.309562544265,1285.2956603873304,1659.309562544265,14.0,14.0,14.0,21.0,7.0,0.2667850137447638,0.23539738590849513,True,47.079477181699026,7
2021-08-28,BERGSÅKER,1,11,MAS CAPACITY,6,v,Rikard N Skoglund,2640.0,0,2640.0,2.0,11.0,2.0,24.75,4.6,30198.0,2021-07-04,Lahti-11,Antti Teivainen,2.0,2140.0,,9.2,,12.2,2021-07-03,Lahti-7,Antti Teivainen,1.0,2140.0,,6.0,,13.0,2021-06-10,Lahti-9,Antti Teivainen,1.0,2140.0,,6.2,,13.1,2021-05-30,Solvalla-3,Jorma Kontio,1.0,2660.0,,20.02,150.0,13.0,2021-05-08,Åby-9,Jorma Kontio,1.0,2640.0,,18.62,110.0,15.0,19,1,1,1,0,1,,,,13430.958365832146,11501.58559756547,55.0,1.0,23.0,11.0,22.0,0.2581938409394684,0.2269598974000776,True,45.39197948001552,8
2021-08-28,BERGSÅKER,1,3,EXODUS BRICK,5,h,Mika Forss,2640.0,0,2640.0,0.0,3.0,0.0,78.15,13.14,53788.0,2021-08-07,Rättvik-11,Jörgen Westholm,20.0,2680.0,1.0,66.57,300.0,30.0,2021-07-08,Halmstad-10,William Ekberg,6.0,3160.0,1.0,22.38,200.0,15.1,2021-06-19,Boden-11,Björn Goop,3.0,2640.0,1.0,36.7,125.0,13.3,2021-05-22,Gävle-5,Jörgen Westholm,3.0,2140.0,1.0,11.3,125.0,13.3,2021-05-15,Umåker-10,Jörgen Westholm,3.0,2140.0,1.0,60.36,200.0,13.6,29,0,0,1,0,1,1.4217538815581408,1273.034479311176,4510.471031652402,4510.471031652402,5705.344712092407,21.0,30.0,19.0,28.0,7.0,0.16529985057220636,0.15448066522641513,True,30.896133045283026,9
2021-08-28,BERGSÅKER,1,1,HELL PATROL,4,h,Magnus A Djuse,2640.0,0,2640.0,1.0,1.0,1.0,39.32,6.21,43973.0,2021-08-21,Gävle-11,Björn Goop,5.0,1640.0,10.0,15.32,125.0,11.5,2021-08-14,Åby-9,Stefan Persson,15.0,2140.0,10.0,64.61,250.0,12.9,2021-07-27,Jägersro-9,Björn Goop,5.0,2140.0,10.0,41.84,100.0,12.2,2021-07-08,Halmstad-8,Björn Goop,5.0,1609.0,10.0,5.85,100.0,12.1,2021-06-27,Kalmar-5,Björn Goop,5.0,2140.0,10.0,6.02,125.0,13.2,23,1,1,1,1,1,1659.309562544265,15.811388300841896,1484.131591025766,1484.131591025766,1659.309562544265,7.0,7.0,18.0,19.0,11.0,0.1532844237414728,0.1311885057806553,True,26.23770115613106,10
2021-08-28,BERGSÅKER,1,8,MAKING LOVE,10,v,Erik Adielsson,2640.0,0,2640.0,0.0,8.0,0.0,88.53,11.73,17885.0,2021-08-07,Rättvik-7,Petter Lundberg,20.0,2140.0,1.0,77.29,125.0,30.0,2021-07-23,Romme-9,Petter Lundberg,1.0,2140.0,1.0,5.57,10.0,13.0,2021-07-07,Lindesberg-10,Petter Lundberg,5.0,2640.0,1.0,210.31,100.0,14.9,2021-06-24,Dannero-6,Petter Lundberg,5.0,2640.0,1.0,82.9,60.0,18.9,2021-05-17,Frankrike-5,Pierre Yves Verva,5.0,2950.0,1.0,104.0,,30.0,29,1,1,1,0,0,0.9177381842800719,3467.858538298206,1484.131591025766,1149.6033871246218,,21.0,15.0,16.0,13.0,38.0,0.15147375905518165,0.14177963999948853,True,28.355927999897705,11
2021-08-28,BERGSÅKER,1,4,VACQUEYRAS,12,v,Thomas Åhlund,2640.0,0,2640.0,0.0,4.0,0.0,77.06,16.49,8684.0,2021-08-21,Gävle-11,Thomas Åhlund,7.0,1640.0,2.0,62.89,125.0,11.6,2021-08-07,Rättvik-7,Jorma Kontio,15.0,2140.0,2.0,94.74,125.0,14.0,2021-07-31,Hagmyren-5,Thomas Åhlund,15.0,2140.0,2.0,84.56,125.0,13.3,2021-07-10,Mariehamn-6,Thomas Åhlund,15.0,1640.0,2.0,7.98,,12.0,2021-06-12,Mariehamn-7,Thomas Åhlund,15.0,2160.0,2.0,10.92,,16.9,29,1,1,1,1,0,610.4258745992146,11.180339887498949,11.180339887498949,,,7.0,14.0,7.0,21.0,28.0,0.11790613882711656,0.10630879645040234,True,21.261759290080466,12
2021-08-28,BERGSÅKER,2,7,CONCH ON INN,3,h,Rikard N Skoglund,2140.0,1,2140.0,19.0,7.0,19.0,3.4,1.85,22357.0,2021-06-20,Eskilstuna-9,Rikard N Skoglund,15.0,2140.0,3.0,14.39,100.0,30.0,2021-06-04,Bergsåker-5,Ulf Eriksson,7.0,2140.0,3.0,14.67,50.0,16.7,2021-05-19,Solvalla-8,Rikard N Skoglund,2.0,2140.0,3.0,1.55,60.0,14.4,2021-04-30,Solvalla-1,Rikard N Skoglund,2.0,2140.0,3.0,3.4,60.0,14.3,2021-04-16,Romme-5,Rikard N Skoglund,2.0,2140.0,3.0,2.57,40.0,17.1,2,1,1,1,1,0,10.0,386.0672212867682,5152.164935300037,5152.164935300037,4206.725054048198,69.0,16.0,16.0,19.0,14.0,0.6706783887369067,0.5334610507106179,True,106.69221014212357,1
2021-08-28,BERGSÅKER,2,8,DOUBLE O.SEVEN,4,v,Björn Goop,2140.0,1,2140.0,15.0,8.0,15.0,7.82,2.33,25500.0,2021-08-11,Solvalla-8,Björn Goop,1.0,2140.0,1.0,2.27,60.0,13.6,2021-07-08,Halmstad-6,Björn Goop,6.0,1640.0,1.0,4.02,100.0,13.0,2021-06-22,Solvalla-6,Björn Goop,1.0,2140.0,1.0,3.34,40.0,13.7,2021-05-31,Färjestad-4,Björn Goop,1.0,2140.0,1.0,2.08,25.0,14.1,2021-05-05,Solvalla-3,Carl Johan Jepson,1.0,2140.0,1.0,3.42,40.0,16.2,8,1,1,1,1,1,8494.48391898452,900.1713130052182,6935.717076596412,5483.165792142293,6935.717076596412,17.0,34.0,16.0,22.0,26.0,0.6320796571983844,0.5781323928579716,True,115.62647857159432,2
2021-08-28,BERGSÅKER,2,2,EMPEROR,5,h,Magnus A Djuse,2140.0,1,2140.0,12.0,2.0,12.0,11.26,3.44,13538.0,2021-08-17,Skellefteå-1,Magnus A Djuse,1.0,1640.0,4.0,1.87,25.0,13.5,2021-08-04,Östersund-8,Magnus A Djuse,3.0,2140.0,4.0,2.79,60.0,15.6,2021-07-17,Bollnäs-7,Mats E Djuse,20.0,2640.0,4.0,2.25,30.0,30.0,2021-06-28,Solänget-2,Mats E Djuse,20.0,2640.0,4.0,1.63,25.0,17.1,2021-06-18,Bollnäs-7,Mats E Djuse,20.0,2140.0,4.0,2.43,30.0,14.6,12,1,1,0,0,1,5483.165792142293,3124.9459971558285,0.4495980537908989,0.410424993119494,0.4495980537908989,11.0,13.0,18.0,19.0,10.0,0.5643892912007322,0.5219321071072363,True,104.38642142144725,3
2021-08-28,BERGSÅKER,2,3,VÄSTERBO ALL IN,4,v,Erik Adielsson,2140.0,1,2140.0,12.0,3.0,12.0,8.36,2.83,18158.0,2021-08-08,Dannero-8,Petter Lundberg,1.0,2140.0,1.0,5.33,100.0,15.5,2021-07-14,Bergsåker-1,Daniel Parling,1.0,1640.0,1.0,5.91,30.0,14.2,2020-12-01,Romme-4,Magnus A Djuse,5.0,2140.0,1.0,5.09,30.0,17.9,2020-11-17,Eskilstuna-3,Magnus A Djuse,5.0,2160.0,1.0,4.93,25.0,16.8,2020-10-31,Romme-9,Jorma Kontio,5.0,2160.0,1.0,4.38,30.0,30.0,9,0,1,0,0,0,10966.331584284586,6006.507181794034,812.8923507108439,742.065795512883,812.8923507108439,20.0,25.0,225.0,14.0,17.0,0.5621214974922409,0.5026271357384694,True,100.52542714769388,4
2021-08-28,BERGSÅKER,2,9,MAJESTIC UP,4,v,Carl Johan Jepson,2140.0,1,2140.0,10.0,9.0,10.0,7.54,2.48,20750.0,2021-08-14,Åby-6,Mats E Djuse,5.0,2140.0,11.0,67.09,220.0,13.4,2021-07-24,Axevalla-6,Claes Sjöström,3.0,2140.0,11.0,12.0,110.0,14.0,2021-07-13,Solvalla-4,Claes Sjöström,2.0,2140.0,11.0,9.3,40.0,14.9,2021-06-22,Solvalla-5,Claes Sjöström,2.0,2640.0,11.0,2.8,40.0,16.7,2021-06-04,Romme-6,Claes Sjöström,2.0,2140.0,11.0,7.17,30.0,30.0,8,1,0,1,0,0,2201.322892003233,4231.196882217894,4206.725054048198,4206.725054048198,3643.130763542206,14.0,21.0,11.0,21.0,18.0,0.5247861020300527,0.45212342649947973,True,90.42468529989594,5
2021-08-28,BERGSÅKER,2,11,RAJA KNIGHT,4,v,Robert Bergh,2140.0,1,2140.0,8.0,11.0,8.0,9.68,2.59,27488.0,2021-08-18,Solvalla-3,Rikard N Skoglund,1.0,2160.0,5.0,2.43,80.0,14.2,2021-07-30,Solvalla-2,Rikard N Skoglund,3.0,2140.0,5.0,26.86,40.0,12.9,2021-07-13,Solvalla-4,Rikard N Skoglund,3.0,2140.0,5.0,48.92,40.0,15.0,2021-04-22,Örebro-6,Mika Forss,3.0,2140.0,5.0,2.92,25.0,16.7,2021-04-13,Eskilstuna-6,Jorma Kontio,3.0,2160.0,5.0,11.11,30.0,15.8,10,0,1,1,0,0,9808.58515450532,2551.5077222615173,2551.5077222615173,2017.1439674636756,2209.670505430644,10.0,19.0,17.0,82.0,9.0,0.49503117355842224,0.43685504147989945,True,87.37100829597989,6
2021-08-28,BERGSÅKER,2,6,FINALIZER,5,v,Ulf Ohlsson,2140.0,1,2140.0,8.0,6.0,8.0,10.16,3.07,6187.0,2021-07-19,Rättvik-8,Christina A Hande,2.0,2160.0,1.0,1.74,20.0,18.0,2021-06-17,Bergsåker-4,Christina A Hande,1.0,2140.0,1.0,4.86,30.0,14.4,2021-06-03,Gävle-6,Christina A Hande,1.0,2160.0,1.0,4.76,25.0,14.6,2021-05-09,Solvalla-8,Christina A Hande,1.0,2140.0,1.0,4.5,10.0,15.6,2021-04-24,Romme-13,Christina A Hande,1.0,2140.0,1.0,,,19.9,11,0,1,0,1,0,2974.603812304827,6006.507181794034,5483.165792142293,3467.858538298206,,40.0,32.0,14.0,25.0,15.0,0.4790623467017068,0.42219142385254815,True,84.43828477050963,7
2021-08-28,BERGSÅKER,2,4,FLIX DARA,4,v,Daniel Wäjersten,2140.0,1,2140.0,4.0,4.0,4.0,19.95,5.27,15792.0,2021-08-15,Hagmyren-9,Daniel Wäjersten,1.0,1640.0,4.0,1.7,20.0,13.7,2021-08-02,Bergsåker-7,Jimmy H Andersson,3.0,2640.0,4.0,3.26,30.0,16.0,2021-07-27,Solänget-6,Daniel Wäjersten,1.0,2140.0,4.0,2.49,25.0,15.6,2021-07-17,Bollnäs-7,Daniel Wäjersten,1.0,2640.0,4.0,6.61,30.0,16.1,2021-07-05,Östersund-4,Daniel Wäjersten,1.0,2140.0,4.0,7.25,25.0,14.7,17,0,1,0,0,1,4904.29257725266,2209.670505430644,5483.165792142293,6006.507181794034,5483.165792142293,13.0,13.0,6.0,10.0,12.0,0.33155738995817985,0.2962833735971339,True,59.25667471942678,8
2021-08-28,BERGSÅKER,2,1,DREAMS HAPPEN,4,s,Jörgen Westholm,2140.0,1,2140.0,4.0,1.0,4.0,26.16,6.0,11531.0,2021-08-17,Eskilstuna-10,Mika Forss,1.0,2140.0,4.0,6.45,25.0,14.9,2021-07-30,Solvalla-5,Jörgen Westholm,20.0,2140.0,4.0,9.06,40.0,30.0,2021-07-12,Rättvik-7,Jörgen Westholm,2.0,2140.0,4.0,3.35,50.0,14.7,2021-07-05,Rättvik-3,Jörgen Westholm,2.0,2140.0,4.0,3.05,35.0,15.6,2021-06-22,Solvalla-6,Jörgen Westholm,2.0,2140.0,4.0,47.07,40.0,14.9,20,1,1,1,1,1,5483.165792142293,0.5191511147666147,4703.261591751624,3935.0309681516123,4206.725054048198,11.0,18.0,18.0,7.0,13.0,0.3231167406160306,0.2962135904020413,True,59.24271808040827,9
2021-08-28,BERGSÅKER,2,10,S.G.KINGSTONE,4,v,Örjan Kihlström,2140.0,1,2140.0,5.0,10.0,5.0,20.87,5.97,10209.0,2021-08-09,Solvalla-6,Torbjörn Jansson,1.0,1640.0,7.0,26.96,60.0,11.9,2021-07-31,Hagmyren-3,Erik Adielsson,20.0,1640.0,7.0,5.8,30.0,30.0,2021-06-30,Solvalla-4,Torbjörn Jansson,7.0,1640.0,7.0,12.88,60.0,12.3,2021-06-14,Lindesberg-4,Kim Eriksson,7.0,1640.0,7.0,2.05,22.0,19.5,2021-05-14,Solvalla-4,Torbjörn Jansson,7.0,1640.0,7.0,2.42,40.0,12.4,18,1,1,1,1,1,8494.48391898452,0.4495980537908989,422.9154516242031,256.0880233726638,345.309020272667,19.0,9.0,31.0,16.0,31.0,0.31813382691487496,0.28381746188794366,True,56.76349237758873,10
2021-08-28,BERGSÅKER,2,12,BOSSE BEE,5,v,Mats E Djuse,2140.0,1,2140.0,2.0,12.0,2.0,23.49,6.46,12834.0,2021-08-17,Skellefteå-7,Hanna Olofsson,4.0,2660.0,10.0,3.31,25.0,16.5,2021-08-07,Harstad-4,Hanna Olofsson,1.0,2040.0,10.0,1.9,,13.3,2021-07-24,Skellefteå-8,Hanna Olofsson,1.0,2140.0,10.0,8.21,25.0,15.7,2021-07-11,Skellefteå-4,Jenny Engfors,1.0,2140.0,10.0,1.81,10.0,18.1,2021-07-02,Lycksele-1,Hanna Olofsson,1.0,2140.0,10.0,6.09,25.0,16.7,19,0,1,1,1,0,1223.459661321102,,5483.165792142293,3467.858538298206,5483.165792142293,11.0,10.0,14.0,13.0,9.0,0.1779668407377907,0.1414157887474746,True,28.28315774949492,11
2021-08-28,BERGSÅKER,2,5,GAZOLINE,4,v,Mika Forss,2140.0,1,2140.0,1.0,5.0,1.0,29.2,7.49,8870.0,2021-08-13,Umåker-4,Mats E Djuse,5.0,2140.0,4.0,13.37,50.0,14.4,2021-07-28,Boden-3,Hanna Olofsson,2.0,3140.0,4.0,16.54,60.0,16.9,2021-07-09,Lycksele-2,Mats E Djuse,2.0,2640.0,4.0,1.87,20.0,17.7,2021-07-06,Lycksele-1,Hanna Olofsson,2.0,2140.0,4.0,,20.0,30.0,2021-07-02,Lycksele-5,Hanna Olofsson,2.0,1640.0,4.0,3.87,20.0,15.1,21,1,0,1,0,0,1049.439512187499,5152.164935300037,2974.603812304827,2974.603812304827,2974.603812304827,15.0,16.0,19.0,3.0,4.0,0.13424054566469582,0.10353985579464957,True,20.707971158929915,12
2021-08-28,BERGSÅKER,3,8,MÅNLYKKE A.M.,7,h,Gunnar Melander,2640.0,0,2640.0,86.0,8.0,86.0,1.27,1.03,59874.0,2021-08-04,Östersund-9,Gunnar Melander,3.0,2140.0,7.0,1.8,150.0,21.8,2021-07-06,Hagmyren-6,Gunnar Melander,1.0,1640.0,7.0,1.52,200.0,19.9,2021-06-12,Östersund-6,Gunnar Melander,15.0,2180.0,7.0,1.11,220.0,24.4,2021-05-08,Åby-2,Gunnar Melander,15.0,2160.0,7.0,1.05,125.0,22.1,2021-04-17,Bergsåker-7,Gunnar Melander,15.0,2140.0,7.0,3.45,110.0,21.5,0,1,1,0,0,1,4940.973458019238,15508.734855975692,14.832396974191326,11.180339887498949,10.488088481701515,24.0,29.0,24.0,35.0,21.0,0.8300630509342357,0.2006669432832568,True,40.133388656651356,1
2021-08-28,BERGSÅKER,3,5,BJÖRS FREJ,11,h,Örjan Kihlström,2640.0,0,2640.0,4.0,5.0,4.0,11.28,2.07,23261.0,2021-08-15,Hagmyren-4,Ulf Ohlsson,1.0,2160.0,6.0,2.75,20.0,24.0,2021-08-12,Bergsåker-3,Per Linderoth,6.0,2680.0,6.0,34.75,50.0,24.3,2021-08-04,Östersund-9,Per Linderoth,15.0,2140.0,6.0,221.47,150.0,23.1,2021-07-22,Bergsåker-8,Erik Adielsson,15.0,2160.0,6.0,11.23,40.0,24.9,2021-06-15,Gävle-7,Jorma Kontio,15.0,2160.0,6.0,13.72,35.0,23.3,12,0,0,1,0,0,4904.29257725266,636.517239655588,12.24744871391589,6.324555320336759,5.916079783099616,13.0,3.0,8.0,13.0,37.0,0.37790104340204894,0.3173855806979681,True,63.47711613959361,2
2021-08-28,BERGSÅKER,3,4,MEL ODIN,15,h,Micael Melander,2640.0,0,2640.0,3.0,4.0,3.0,17.19,2.25,23992.0,2021-07-22,Bergsåker-8,Micael Melander,1.0,2160.0,8.0,54.84,40.0,24.0,2021-07-06,Hagmyren-6,Micael Melander,15.0,1640.0,8.0,125.26,200.0,21.5,2021-05-28,Hagmyren-8,Micael Melander,3.0,2160.0,8.0,58.22,50.0,23.5,2021-05-15,Umåker-3,Micael Melander,3.0,1640.0,8.0,78.08,110.0,25.5,2021-05-03,Skellefteå-1,Micael Melander,3.0,2180.0,8.0,6.45,25.0,24.3,16,0,1,0,1,0,6935.717076596412,14.142135623730951,2852.6723560462033,4231.196882217894,2017.1439674636756,37.0,16.0,39.0,13.0,12.0,0.24099353863448753,0.19411234892692034,True,38.822469785384065,3
2021-08-28,BERGSÅKER,3,12,B.W.RUNE,6,h,Mats E Djuse,2640.0,0,2640.0,2.0,12.0,2.0,17.99,2.71,35987.0,2021-08-18,Solvalla-2,Mats E Djuse,3.0,2140.0,6.0,3.62,200.0,23.6,2021-08-12,Bergsåker-3,Mats E Djuse,5.0,2680.0,6.0,4.4,50.0,24.0,2021-07-30,Seinäjoki-6,Olli Koivunen,3.0,2100.0,6.0,24.1,,24.7,2021-07-22,Bergsåker-8,Mats E Djuse,3.0,2160.0,6.0,8.1,40.0,24.0,2021-07-06,Hagmyren-7,Mats E Djuse,3.0,2140.0,6.0,6.51,200.0,24.8,16,0,0,1,0,1,5705.344712092407,1049.439512187499,,2551.5077222615173,5705.344712092407,10.0,6.0,13.0,8.0,16.0,0.2361782756591598,0.1912211406184982,True,38.24422812369964,4
2021-08-28,BERGSÅKER,3,1,GULI RUBIN,9,v,Erik Adielsson,2640.0,0,2640.0,1.0,1.0,1.0,28.5,3.61,15648.0,2021-07-17,Årjäng-3,Erik Adielsson,6.0,2160.0,4.0,4.12,100.0,24.0,2021-06-19,Boden-7,Erik Adielsson,1.0,2160.0,4.0,7.12,110.0,25.1,2021-05-28,Hagmyren-8,Örjan Kihlström,2.0,2140.0,4.0,3.76,50.0,24.3,2021-05-08,Åby-2,Erik Adielsson,2.0,2160.0,4.0,36.15,125.0,23.6,2021-04-25,Solvalla-7,Erik Adielsson,2.0,2660.0,4.0,8.82,100.0,24.7,21,0,0,0,0,0,900.1713130052182,11501.58559756547,4703.261591751624,7436.509530762067,6651.416330443618,42.0,28.0,22.0,20.0,13.0,0.20226593291535805,0.17325742138500744,True,34.65148427700149,5
2021-08-28,BERGSÅKER,3,3,DON VIKING,12,v,Sandra Eriksson,2640.0,0,2640.0,2.0,3.0,2.0,23.51,3.45,18771.0,2021-08-14,Ylivieska-12,Hannu Torvinen,5.0,2600.0,,11.9,,27.1,2021-08-13,Ylivieska-7,Hannu Torvinen,15.0,1600.0,,14.8,,25.1,2021-08-03,Solänget-4,Lena Fritz,1.0,1140.0,,2.73,40.0,30.0,2021-07-28,Boden-5,Sandra Eriksson,1.0,2180.0,,4.52,60.0,25.4,2021-07-09,Lycksele-4,Sandra Eriksson,1.0,2180.0,,2.64,50.0,24.4,19,1,1,1,0,0,,,6935.717076596412,8494.48391898452,7754.367427987846,14.0,1.0,10.0,6.0,19.0,0.19682151001469353,0.1611405464436004,True,32.22810928872008,6
2021-08-28,BERGSÅKER,3,10,JÄRVSÖODIN,8,h,Ulf Ohlsson,2640.0,0,2640.0,1.0,10.0,1.0,29.8,3.59,22883.0,2021-08-04,Östersund-9,Ulf Ohlsson,15.0,2140.0,2.0,51.96,150.0,22.9,2021-07-22,Bergsåker-8,Ulf Ohlsson,5.0,2160.0,2.0,2.72,40.0,24.4,2021-07-12,Rättvik-9,Mats E Djuse,1.0,2140.0,2.0,1.77,30.0,23.7,2021-06-24,Dannero-4,Ulf Ohlsson,1.0,2640.0,2.0,3.0,60.0,24.4,2021-06-12,Östersund-6,Ulf Ohlsson,1.0,2180.0,2.0,53.52,220.0,22.7,21,1,0,1,0,0,12.24744871391589,938.6472350101867,6006.507181794034,8494.48391898452,16265.698340872146,24.0,13.0,10.0,18.0,12.0,0.17600872907651624,0.14739792105833974,True,29.479584211667948,7
2021-08-28,BERGSÅKER,3,6,TAND KRAFT,8,h,Jan-Olov Persson,2640.0,0,2640.0,0.0,6.0,0.0,51.21,8.49,39865.0,2021-08-20,Gävle-4,Jan-Olov Persson,15.0,1640.0,6.0,77.71,35.0,22.6,2021-08-15,Hagmyren-4,Jan-Olov Persson,3.0,2160.0,6.0,11.17,20.0,25.0,2021-08-03,Solänget-4,Susanne H Osterling,4.0,1140.0,6.0,10.13,40.0,30.0,2021-07-22,Bergsåker-8,Jan-Olov Persson,4.0,2160.0,6.0,17.59,40.0,24.8,2021-07-06,Hagmyren-6,Magnus A Djuse,4.0,1640.0,6.0,149.27,200.0,25.4,26,1,0,1,0,1,5.916079783099616,1804.188412660961,1547.5676620451568,1547.5676620451568,3460.4664921133917,8.0,5.0,12.0,12.0,16.0,0.13113643441423578,0.11383184238902638,True,22.766368477805276,8
2021-08-28,BERGSÅKER,3,9,SMEDSBO FAKSEN,10,h,Björn Goop,2640.0,0,2640.0,0.0,9.0,0.0,48.06,8.81,21016.0,2021-08-03,Solänget-4,Caroline Forsner,2.0,1140.0,7.0,27.5,40.0,30.0,2021-07-22,Bergsåker-8,Emilia Leo,15.0,2160.0,7.0,73.73,40.0,25.0,2021-07-12,Rättvik-9,Magnus A Djuse,6.0,2140.0,7.0,76.04,30.0,24.1,2021-06-15,Gävle-7,Ulf Ohlsson,6.0,2140.0,7.0,25.42,35.0,24.1,2021-05-21,Romme-6,Emilia Leo,6.0,1660.0,7.0,38.9,30.0,22.8,25,1,0,1,0,0,4206.725054048198,6.324555320336759,493.04413375200147,532.5485306196407,493.04413375200147,25.0,12.0,10.0,27.0,25.0,0.11335370479770113,0.09451294204372113,True,18.902588408744226,9
2021-08-28,BERGSÅKER,3,7,FAKS NILS,13,v,Jan Ove Olsen,2640.0,0,2640.0,0.0,7.0,0.0,51.98,12.43,6370.0,2021-08-15,Hagmyren-4,Jan Ove Olsen,5.0,2140.0,1.0,77.43,20.0,26.1,2021-08-04,Östersund-4,Jan Ove Olsen,7.0,1640.0,1.0,97.23,60.0,23.3,2021-07-22,Bergsåker-8,Mika Forss,20.0,2140.0,1.0,64.08,40.0,30.0,2021-07-12,Rättvik-9,Jan Ove Olsen,20.0,2140.0,1.0,110.0,30.0,25.2,2021-06-30,Solvalla-5,Mika Forss,20.0,2140.0,1.0,95.79,100.0,25.2,26,0,1,0,1,1,663.723825017706,422.9154516242031,0.5191511147666147,0.4495980537908989,0.820849986238988,13.0,11.0,13.0,10.0,12.0,0.11249723316003232,0.09508839112707886,True,19.01767822541577,10
2021-08-28,BERGSÅKER,3,11,HULTE MAGNUS,14,h,Magnus A Djuse,2640.0,0,2640.0,0.0,11.0,0.0,43.62,8.14,20918.0,2021-08-20,Solvalla-14,Magnus A Djuse,15.0,2180.0,1.0,,,27.1,2021-08-15,Hagmyren-4,Magnus A Djuse,20.0,2160.0,1.0,28.67,20.0,30.0,2020-09-25,Bergsåker-9,Kenth Åkerlund,20.0,2660.0,1.0,124.61,150.0,30.0,2020-09-10,Gävle-7,Kenth Åkerlund,20.0,2140.0,1.0,53.63,35.0,30.0,2020-08-29,Bergsåker-7,Kenth Åkerlund,20.0,2640.0,1.0,101.78,250.0,24.5,24,0,0,0,1,1,,0.3670952737120288,1.005331810828057,0.4856214008546075,1.2978777869165365,8.0,5.0,324.0,15.0,12.0,0.10720204650472735,0.08625418274369327,True,17.250836548738654,11
2021-08-28,BERGSÅKER,4,13,HEVIN BOKO,7,s,Andreas Lövdal,2140.0,1,2160.0,18.0,1.0,18.0,5.29,2.17,83637.0,2021-07-25,Axevalla-3,Mika Forss,2.0,2140.0,1.0,1.97,100.0,14.4,2021-06-27,Kalmar-7,Mika Forss,1.0,2140.0,1.0,3.76,110.0,12.0,2021-06-16,Solvalla-3,Mika Forss,4.0,1660.0,1.0,2.23,100.0,11.7,2021-05-29,Solvalla-10,Mika Forss,4.0,1640.0,1.0,24.12,220.0,9.6,2020-11-28,Solvalla-5,Mika Forss,4.0,2140.0,1.0,4.21,300.0,12.4,5,1,1,0,1,1,6651.416330443618,11501.58559756547,2446.919322642204,3629.3678757248513,4238.188588838319,34.0,28.0,11.0,18.0,182.0,0.7083186551043902,0.6403276656182341,True,128.06553312364682,1
2021-08-28,BERGSÅKER,4,3,ZANTE GRIF,6,s,Kim Moberg,2140.0,1,2140.0,20.0,3.0,20.0,5.24,1.98,21776.0,2021-08-11,Solvalla-9,Erik Adielsson,2.0,2140.0,11.0,9.95,110.0,12.1,2021-07-17,Årjäng-10,Erik Adielsson,5.0,2160.0,11.0,5.19,110.0,13.4,2021-06-27,Kalmar-4,Ulf Ohlsson,2.0,2160.0,11.0,3.78,110.0,13.2,2021-06-06,Axevalla-10,Emilia Leo,2.0,2140.0,11.0,3.51,150.0,12.3,2021-05-22,Gävle-6,Kim Moberg,2.0,2160.0,11.0,17.72,110.0,30.0,5,1,0,0,1,0,6976.064300232707,1556.570344516668,6976.064300232707,8146.288038201084,6976.064300232707,17.0,25.0,20.0,21.0,15.0,0.6730476957968536,0.5959363032961116,True,119.18726065922232,2
2021-08-28,BERGSÅKER,4,14,UNIQUE JUNI,8,s,William Ekberg,2140.0,1,2160.0,12.0,2.0,12.0,8.7,2.91,68143.0,2021-08-18,Solvalla-7,Mats E Djuse,3.0,2140.0,9.0,14.09,1000.0,11.3,2021-05-29,Solvalla-10,Erik Adielsson,6.0,1640.0,9.0,8.89,220.0,10.5,2021-05-15,Vincennes-7,Matthieu Abrivard,6.0,2850.0,9.0,11.4,,13.0,2021-04-24,Enghien-7,Matthieu Abrivard,6.0,2150.0,9.0,38.1,,11.5,2021-04-10,Vincennes-4,Matthieu Abrivard,6.0,2700.0,9.0,11.4,,13.1,10,1,1,0,1,0,12757.538611307587,1335.169825927243,,,,10.0,81.0,14.0,21.0,14.0,0.6085997977305007,0.5577686026305657,True,111.55372052611314,3
2021-08-28,BERGSÅKER,4,1,MISS SILVER,6,s,Gustav Johansson,2140.0,1,2140.0,12.0,1.0,12.0,6.85,2.54,21820.0,2021-08-11,Solvalla-9,Kim Eriksson,15.0,2140.0,15.0,20.0,110.0,14.1,2021-07-27,Jägersro-2,Björn Goop,1.0,1640.0,15.0,12.48,200.0,11.3,2021-07-19,Halmstad-7,Christoffer Eriksson,4.0,1640.0,15.0,5.9,25.0,11.6,2021-06-28,Halmstad-10,Rikard N Skoglund,4.0,1640.0,15.0,11.65,40.0,11.9,2021-06-10,Åby-6,Robert Bergh,4.0,2160.0,15.0,9.18,75.0,13.6,7,1,1,1,1,0,10.488088481701515,15508.734855975692,1223.459661321102,1547.5676620451568,2119.0942944191597,17.0,15.0,8.0,21.0,18.0,0.5847905503664174,0.5138145760700784,True,102.76291521401568,4
2021-08-28,BERGSÅKER,4,11,ORLANDO,5,s,Mats E Djuse,2140.0,1,2140.0,11.0,11.0,11.0,11.51,3.36,26410.0,2021-08-14,Åby-7,Magnus A Djuse,3.0,2160.0,2.0,13.96,220.0,13.5,2021-07-25,Axevalla-11,Claes Sjöström,5.0,2160.0,2.0,11.16,110.0,13.2,2021-07-07,Lindesberg-9,Mats E Djuse,1.0,2160.0,2.0,4.38,110.0,13.9,2021-06-15,Gävle-9,Fredrik Wallin,1.0,2160.0,2.0,4.06,75.0,14.2,2021-01-02,Kalmar-10,Mats E Djuse,1.0,2160.0,2.0,4.51,110.0,30.0,12,0,0,0,0,0,5983.816015903301,1556.570344516668,11501.58559756547,9497.121738314101,11501.58559756547,14.0,20.0,18.0,22.0,164.0,0.5493001115559464,0.5064171535688813,True,101.28343071377626,5
2021-08-28,BERGSÅKER,4,15,ACTIVATED,6,s,Magnus A Djuse,2140.0,1,2160.0,9.0,3.0,9.0,12.59,4.05,167044.0,2020-12-27,Vincennes-6,Franck Ouvrie,15.0,2700.0,,66.7,,30.0,2020-12-13,Vincennes-4,Franck Ouvrie,15.0,2850.0,,118.5,,30.0,2020-11-28,Solvalla-8,Carl Johan Jepson,4.0,2180.0,,3.2,220.0,11.7,2020-11-07,Eskilstuna-7,Carl Johan Jepson,4.0,2640.0,,6.41,110.0,13.6,2020-10-24,Örebro-7,Carl Johan Jepson,4.0,2180.0,,7.21,110.0,12.6,13,0,0,0,1,0,,,3629.3678757248513,2566.350636345657,2566.350636345657,244.0,14.0,15.0,21.0,14.0,0.5422308960521801,0.5027339932094002,True,100.54679864188003,6
2021-08-28,BERGSÅKER,4,7,IES ELISABET,5,s,Johan Brandel,2140.0,1,2140.0,5.0,7.0,5.0,10.25,3.74,24116.0,2021-08-01,Enghien-8,Franck Ouvrie,20.0,2150.0,,5.9,,30.0,2021-07-15,Enghien-4,Franck Ouvrie,7.0,2150.0,,5.8,,13.7,2021-07-02,Vincennes-1,Franck Ouvrie,3.0,2100.0,,13.7,,12.4,2021-06-22,Vincennes-3,Franck Ouvrie,3.0,2850.0,,14.4,,15.8,2021-06-12,Östersund-7,Mats E Djuse,3.0,2140.0,,7.79,110.0,13.7,11,1,1,1,0,1,,,,,4231.196882217894,27.0,17.0,13.0,10.0,10.0,0.38968242642878104,0.3237021482048655,True,64.74042964097309,7
2021-08-28,BERGSÅKER,4,8,AVA,7,s,Olle Wäjersten,2140.0,1,2140.0,3.0,8.0,3.0,11.99,3.57,15123.0,2021-08-07,Harstad-6,Hanna Olofsson,6.0,1600.0,,1.6,,12.4,2021-07-28,Boden-10,Hanna Olofsson,2.0,2140.0,,19.26,110.0,13.5,2021-07-06,Lycksele-9,Hanna Olofsson,1.0,2160.0,,1.94,40.0,14.3,2021-07-06,Lycksele-4,Hanna Olofsson,1.0,1640.0,,1.53,20.0,14.9,2021-06-19,Boden-9,Hanna Olofsson,1.0,2180.0,,7.65,110.0,13.8,13,1,1,0,0,0,,6976.064300232707,6935.717076596412,4904.29257725266,11501.58559756547,21.0,10.0,22.0,0.0,17.0,0.2828702395650034,0.2176173041296079,True,43.523460825921575,8
2021-08-28,BERGSÅKER,4,9,WHELK,7,s,David Grundmann,2140.0,1,2140.0,3.0,9.0,3.0,22.34,6.8,23395.0,2021-08-14,Örebro-4,Claes Sjöström,15.0,1640.0,6.0,2.39,25.0,16.9,2021-07-26,Rättvik-6,Jörgen Westholm,1.0,2140.0,6.0,1.7,20.0,13.3,2021-07-02,Färjestad-9,Mika Forss,20.0,2160.0,6.0,11.34,220.0,30.0,2021-06-25,Hagmyren-9,Marcus Lilius,20.0,1640.0,6.0,2.32,50.0,12.0,2021-06-16,Solvalla-9,Jörgen Westholm,20.0,1640.0,6.0,21.9,100.0,11.3,18,0,1,0,1,1,5.0,4904.29257725266,1.2175172852156155,0.5804285916064725,0.820849986238988,14.0,19.0,24.0,7.0,9.0,0.2809718983679042,0.24727798545168606,True,49.455597090337214,9
2021-08-28,BERGSÅKER,4,6,SAGA DOC,8,s,Niclas Hammarström,2140.0,1,2140.0,3.0,6.0,3.0,15.6,5.1,9038.0,2021-08-11,Solvalla-9,Troels Andersen,5.0,2140.0,14.0,25.52,110.0,12.5,2021-07-29,Gävle-7,Troels Andersen,2.0,2140.0,14.0,7.31,30.0,13.9,2021-07-21,Eskilstuna-9,Troels Andersen,6.0,2140.0,14.0,11.8,60.0,13.3,2021-07-04,Bollnäs-8,Troels Andersen,6.0,2140.0,14.0,36.63,35.0,12.7,2021-06-15,Gävle-9,Troels Andersen,6.0,2160.0,14.0,14.11,75.0,14.3,15,1,1,1,1,0,1556.570344516668,3643.130763542206,697.2697008005748,532.5485306196407,779.5712248205124,17.0,13.0,8.0,17.0,19.0,0.26881881153879933,0.21873790821953898,True,43.74758164390779,10
2021-08-28,BERGSÅKER,4,2,QEEN ROC,5,s,Marcus Lilius,2140.0,1,2140.0,2.0,2.0,2.0,41.21,8.17,21288.0,2021-08-21,Gävle-5,Magnus A Djuse,8.0,2640.0,2.0,18.04,110.0,14.6,2021-07-25,Axevalla-11,Magnus A Djuse,8.0,2160.0,2.0,13.64,110.0,13.6,2021-07-02,Färjestad-9,Kevin Oscarsson,15.0,2160.0,2.0,15.92,220.0,15.8,2021-06-12,Östersund-7,Kevin Oscarsson,15.0,2140.0,2.0,13.76,110.0,13.6,2021-05-29,Solvalla-5,Magnus A Djuse,15.0,2160.0,2.0,81.76,220.0,13.0,24,0,0,0,1,0,347.31779025430075,347.31779025430075,14.832396974191326,10.488088481701515,14.832396974191326,7.0,27.0,23.0,20.0,14.0,0.2373375070881069,0.21837052143996236,True,43.67410428799247,11
2021-08-28,BERGSÅKER,4,12,BEAUTY WIND,4,s,Carl Philip Lindblom,2140.0,1,2140.0,2.0,12.0,2.0,29.21,8.13,36422.0,2021-08-11,Solvalla-9,Carl Johan Jepson,15.0,2140.0,12.0,32.18,110.0,30.0,2021-07-10,Halmstad-11,Björn Goop,15.0,2640.0,12.0,7.74,110.0,15.1,2021-07-02,Färjestad-9,Björn Goop,4.0,2160.0,12.0,5.28,220.0,13.1,2021-06-16,Solvalla-6,Björn Goop,4.0,2160.0,12.0,13.5,110.0,12.9,2021-05-29,Solvalla-5,Björn Goop,4.0,2160.0,12.0,36.15,220.0,12.7,21,1,1,0,0,0,10.488088481701515,10.488088481701515,3629.3678757248513,2566.350636345657,3629.3678757248513,17.0,32.0,8.0,16.0,18.0,0.1853156322769173,0.15643635656890303,True,31.287271313780607,12
2021-08-28,BERGSÅKER,4,10,GALANT SISU,5,s,Jakob Smith,2140.0,1,2140.0,1.0,10.0,1.0,44.88,6.44,24708.0,2021-08-11,Solvalla-9,Rikard N Skoglund,3.0,2140.0,8.0,39.8,110.0,12.5,2021-07-07,Lindesberg-9,Carl Johan Jepson,5.0,2160.0,8.0,9.06,110.0,14.4,2021-06-22,Solvalla-4,Björn Goop,5.0,2140.0,8.0,24.04,60.0,12.8,2021-05-15,Umåker-6,Björn Goop,5.0,2160.0,8.0,12.77,110.0,13.7,2021-04-25,Solvalla-9,Björn Goop,5.0,1640.0,8.0,3.12,40.0,11.5,25,1,0,1,0,1,4231.196882217894,1556.570344516668,1149.6033871246218,1556.570344516668,938.6472350101867,17.0,35.0,15.0,38.0,20.0,0.1583697114113494,0.1391894404772416,True,27.83788809544832,13
2021-08-28,BERGSÅKER,5,3,MATEO DE REVE,5,h,Björn Goop,3140.0,0,3140.0,38.0,3.0,38.0,2.7,1.48,12813.0,2021-08-11,Solvalla-10,Björn Goop,1.0,2640.0,4.0,2.83,60.0,13.2,2021-07-25,Axevalla-4,Björn Goop,1.0,2160.0,4.0,1.44,50.0,14.4,2021-07-14,Visby-8,Björn Goop,1.0,2620.0,4.0,3.04,60.0,13.8,2021-06-24,Axevalla-1,Björn Goop,1.0,2140.0,4.0,6.44,25.0,14.0,2021-05-02,Frankrike-5,Anthony Barrier,1.0,1609.0,4.0,31.0,,12.3,1,1,0,1,1,1,8494.48391898452,7754.367427987846,8494.48391898452,5483.165792142293,,17.0,17.0,11.0,20.0,53.0,0.8222091323876151,0.7176262690862122,True,143.52525381724243,1
2021-08-28,BERGSÅKER,5,5,ALBERT ZONETT,5,v,Robert Dunder,3140.0,0,3140.0,15.0,5.0,15.0,5.96,1.92,18575.0,2021-08-13,Umåker-8,Robert Dunder,3.0,1640.0,4.0,2.8,50.0,12.7,2021-08-01,Dannero-8,Robert Dunder,1.0,2660.0,4.0,1.36,25.0,15.8,2021-07-05,Östersund-3,Robert Dunder,1.0,2140.0,4.0,1.67,25.0,14.1,2021-06-28,Solänget-4,Robert Dunder,1.0,2140.0,4.0,1.98,25.0,14.6,2021-06-14,Solänget-8,Robert Dunder,1.0,3140.0,4.0,1.46,35.0,18.2,6,1,0,1,0,0,2852.6723560462033,5483.165792142293,5483.165792142293,5483.165792142293,6487.769258055282,15.0,12.0,27.0,7.0,14.0,0.6196821330398451,0.5430051437333622,True,108.60102874667244,2
2021-08-28,BERGSÅKER,5,2,MADE OF STARS,5,v,Jörgen Westholm,3140.0,0,3140.0,14.0,2.0,14.0,9.66,2.46,18250.0,2021-08-11,Solvalla-10,Jörgen Westholm,2.0,2640.0,5.0,5.86,60.0,13.4,2021-05-15,Umåker-5,Jörgen Westholm,20.0,2640.0,5.0,11.4,110.0,30.0,2021-04-24,Halmstad-9,Björn Goop,3.0,3140.0,5.0,5.74,110.0,14.5,2021-04-04,Romme-3,Jörgen Westholm,3.0,3160.0,5.0,6.32,100.0,15.7,2021-03-13,Axevalla-7,Jörgen Westholm,3.0,3140.0,5.0,10.92,110.0,15.9,10,1,0,1,0,0,5152.164935300037,0.8609147285877977,4231.196882217894,4034.287934927351,4231.196882217894,17.0,88.0,21.0,20.0,22.0,0.5673830595570812,0.5174272927622869,True,103.48545855245739,3
2021-08-28,BERGSÅKER,5,6,CARRY CASH,5,s,Mika Forss,3140.0,0,3140.0,12.0,6.0,12.0,7.76,2.75,19728.0,2021-08-14,Åby-8,Jörgen Westholm,8.0,2140.0,5.0,8.64,220.0,12.7,2021-07-24,Axevalla-9,Jörgen Westholm,3.0,2140.0,5.0,8.08,110.0,12.0,2021-06-27,Kalmar-9,Jörgen Westholm,2.0,1640.0,5.0,11.0,110.0,11.2,2021-06-11,Solvalla-6,Jörgen Westholm,2.0,2140.0,5.0,3.57,40.0,12.1,2021-05-30,Solvalla-3,Jörgen Westholm,2.0,2640.0,5.0,52.2,150.0,14.3,8,1,1,1,1,0,491.18152943108606,4231.196882217894,6976.064300232707,4206.725054048198,8146.288038201084,14.0,21.0,27.0,16.0,12.0,0.5479487184965586,0.4810772271498956,True,96.21544542997911,4
2021-08-28,BERGSÅKER,5,8,GAYLORD AM,5,v,Anders Eriksson,3140.0,0,3140.0,9.0,8.0,9.0,10.51,3.14,28987.0,2021-08-09,Solvalla-8,Anders Eriksson,2.0,2140.0,8.0,7.02,60.0,12.9,2021-07-14,Visby-10,Anders Eriksson,1.0,3120.0,8.0,2.56,100.0,15.5,2021-06-21,Visby-9,Kim Moberg,1.0,2120.0,8.0,2.44,50.0,13.8,2021-06-11,Solvalla-7,Anders Eriksson,1.0,1640.0,8.0,6.65,40.0,12.4,2021-04-16,Romme-8,Anders Eriksson,1.0,2640.0,8.0,1.87,30.0,17.0,11,1,0,1,1,0,5152.164935300037,10966.331584284586,7754.367427987846,6935.717076596412,6006.507181794034,19.0,26.0,23.0,10.0,56.0,0.4820106481936717,0.4275427878565183,True,85.50855757130365,5
2021-08-28,BERGSÅKER,5,4,G.K.JUSTUS,4,v,Rikard N Skoglund,3140.0,0,3140.0,4.0,4.0,4.0,12.41,3.14,23750.0,2021-08-14,Åby-6,Rikard N Skoglund,2.0,2140.0,5.0,36.24,220.0,13.1,2021-07-30,Solvalla-6,Rikard N Skoglund,4.0,2140.0,5.0,3.43,40.0,13.6,2021-07-03,Färjestad-6,Per Lennartsson,7.0,2140.0,5.0,10.13,220.0,12.4,2021-06-24,Dannero-9,Rikard N Skoglund,7.0,2140.0,5.0,4.76,110.0,13.6,2021-06-12,Östersund-8,Per Lennartsson,7.0,2140.0,5.0,11.13,110.0,13.7,13,1,1,1,1,0,9865.64474537587,1547.5676620451568,809.8214353480527,572.6302284848314,572.6302284848314,14.0,15.0,27.0,9.0,12.0,0.28729998407613655,0.22483723070857622,True,44.96744614171524,6
2021-08-28,BERGSÅKER,5,7,TATTOO AVENGER,6,v,Magnus A Djuse,3140.0,0,3140.0,2.0,7.0,2.0,25.44,4.91,9703.0,2021-08-21,Gävle-9,Mats E Djuse,6.0,2140.0,1.0,4.81,110.0,12.9,2021-07-31,Hagmyren-10,Mats E Djuse,7.0,2140.0,1.0,7.7,110.0,13.8,2021-07-10,Kaustinen-8,Santtu Raitala,1.0,2100.0,1.0,2.0,,12.7,2021-06-22,Bergsåker-3,Mats E Djuse,1.0,2140.0,1.0,6.42,30.0,13.5,2021-05-28,Hagmyren-7,Mats E Djuse,1.0,2140.0,1.0,11.99,40.0,13.3,20,1,0,1,1,1,944.1076379488159,572.6302284848314,,6006.507181794034,6935.717076596412,7.0,21.0,21.0,18.0,25.0,0.23730787339503892,0.2061011579038376,True,41.22023158076752,7
2021-08-28,BERGSÅKER,5,1,OMEGA SUPERSTAR,5,s,Robert Bergh,3140.0,0,3140.0,2.0,1.0,2.0,28.51,5.6,9735.0,2021-08-11,Solvalla-9,Mika Forss,6.0,2140.0,5.0,28.16,110.0,12.6,2021-07-29,Åby-8,Anton Knutsson,5.0,2140.0,5.0,4.02,40.0,16.0,2021-07-19,Skellefteå-3,Rikard N Skoglund,1.0,2140.0,5.0,1.67,25.0,14.0,2021-07-14,Bergsåker-6,Micael Melander,1.0,2140.0,5.0,5.3,30.0,30.0,2021-07-05,Mantorp-7,Rikard N Skoglund,1.0,2140.0,5.0,13.43,30.0,13.6,21,1,1,1,1,1,944.1076379488159,938.6472350101867,5483.165792142293,6006.507181794034,6006.507181794034,17.0,13.0,10.0,5.0,9.0,0.23027448135354076,0.2022946369825317,True,40.45892739650634,8
2021-08-28,BERGSÅKER,5,12,AMIRAL,5,h,Ulf Ohlsson,3140.0,0,3140.0,2.0,12.0,2.0,18.72,6.27,18638.0,2021-07-29,Gävle-10,Mats E Djuse,2.0,2160.0,3.0,1.77,50.0,15.1,2021-07-29,Gävle-5,Mats E Djuse,1.0,1640.0,3.0,2.44,25.0,12.9,2021-07-20,Solvalla-3,Ulf Ohlsson,4.0,2140.0,3.0,3.65,40.0,13.6,2021-03-20,Mantorp-11,Örjan Kihlström,4.0,3140.0,3.0,4.59,110.0,16.6,2021-03-09,Romme-1,Ulf Ohlsson,4.0,2140.0,3.0,2.59,30.0,16.1,17,0,1,1,0,1,4703.261591751624,5483.165792142293,1547.5676620451568,2566.350636345657,1340.2329094063966,30.0,0.0,9.0,122.0,11.0,0.2203257675654168,0.17632609304879246,True,35.26521860975849,9
2021-08-28,BERGSÅKER,5,9,AMARCORD L.G.,5,h,Örjan Kihlström,3140.0,0,3140.0,1.0,9.0,1.0,26.33,6.67,10424.0,2021-07-29,Gävle-10,Felicia Molin,15.0,2160.0,5.0,11.43,50.0,30.0,2021-07-29,Gävle-5,Felicia Molin,2.0,1640.0,5.0,3.28,25.0,13.4,2021-07-14,Bergsåker-3,Felicia Molin,4.0,2640.0,5.0,47.73,30.0,13.8,2021-06-20,Eskilstuna-2,Zeb Jonasson,4.0,2140.0,5.0,1.74,30.0,30.0,2021-05-26,Bergsåker-6,Felicia Molin,4.0,2140.0,5.0,3.75,40.0,14.2,20,0,1,1,1,1,7.0710678118654755,3325.708165221809,1340.2329094063966,1340.2329094063966,1547.5676620451568,30.0,0.0,15.0,24.0,25.0,0.15298089694270164,0.1195415324319516,True,23.90830648639032,10
2021-08-28,BERGSÅKER,5,10,MISS LOVELACE,7,s,Jenny A Björk,3140.0,0,3140.0,1.0,10.0,1.0,18.8,5.55,7597.0,2021-08-07,Rättvik-6,Jenny A Björk,1.0,2640.0,8.0,100.75,110.0,15.2,2021-07-07,Lindesberg-7,Jenny A Björk,15.0,3160.0,8.0,70.96,60.0,30.0,2021-06-22,Bergsåker-4,Per Linderoth,2.0,2640.0,8.0,12.42,30.0,15.9,2021-06-03,Gävle-4,Jenny A Björk,2.0,2140.0,8.0,45.19,25.0,14.3,2021-05-20,Rättvik-4,Jenny A Björk,2.0,2660.0,8.0,64.3,25.0,15.9,17,0,0,1,1,0,11501.58559756547,7.745966692414834,3643.130763542206,3325.708165221809,3325.708165221809,21.0,31.0,15.0,19.0,14.0,0.1488621944676476,0.10104546381976262,True,20.209092763952523,11
2021-08-28,BERGSÅKER,5,11,SECRET OF JOY,8,s,Mats E Djuse,3140.0,0,3140.0,0.0,11.0,0.0,75.18,14.89,6001.0,2021-08-19,Östersund-10,Rikard N Skoglund,4.0,2640.0,8.0,14.45,25.0,16.0,2021-08-04,Östersund-6,Rikard N Skoglund,15.0,2160.0,8.0,21.18,60.0,14.7,2021-07-16,Hoting-6,Mats E Djuse,1.0,2040.0,8.0,5.02,25.0,15.5,2021-07-10,Hoting-1,Rikard N Skoglund,1.0,2080.0,8.0,1.77,10.0,16.2,2021-07-05,Östersund-3,Mats E Djuse,1.0,2140.0,8.0,38.3,25.0,14.5,28,1,0,0,0,1,1223.459661321102,7.745966692414834,5483.165792142293,3467.858538298206,5483.165792142293,9.0,15.0,19.0,6.0,5.0,0.12069091825693844,0.10883719647555448,True,21.767439295110897,12
2021-08-28,BERGSÅKER,6,4,SWAGGER,5,v,Sandra Eriksson,1640.0,0,1640.0,37.0,4.0,37.0,2.76,1.53,26846.0,2021-08-09,Skellefteå-3,Sandra Eriksson,2.0,2140.0,10.0,1.33,25.0,16.7,2021-07-28,Boden-10,Sandra Eriksson,20.0,2140.0,10.0,1.97,110.0,30.0,2021-07-19,Skellefteå-4,Sandra Eriksson,1.0,2140.0,10.0,1.18,25.0,15.9,2021-06-19,Boden-10,Sandra Eriksson,1.0,1640.0,10.0,1.89,110.0,11.1,2021-05-31,Skellefteå-1,Sandra Eriksson,1.0,2140.0,10.0,1.23,25.0,14.2,1,1,1,1,1,1,3325.708165221809,0.8609147285877977,5483.165792142293,11501.58559756547,5483.165792142293,19.0,12.0,9.0,30.0,19.0,0.784762742588839,0.6624688463324975,True,132.4937692664995,1
2021-08-28,BERGSÅKER,6,9,BREZZA DU KRAS,4,s,Alessandro Gocciadoro,1640.0,0,1640.0,27.0,9.0,27.0,4.08,1.66,31049.0,2021-08-11,Solvalla-2,Mika Forss,2.0,2140.0,5.0,1.61,60.0,12.1,2021-07-20,Solvalla-1,Mika Forss,1.0,1640.0,5.0,1.46,40.0,10.2,2021-06-22,Solvalla-3,Mika Forss,1.0,1640.0,5.0,3.66,60.0,9.8,2021-06-09,Vaggeryd-8,Mika Forss,1.0,1640.0,5.0,5.04,60.0,11.0,2021-05-16,Italien-4,Federico Esposito,1.0,1640.0,5.0,2.1,,30.0,3,1,1,1,1,1,5152.164935300037,6935.717076596412,8494.48391898452,8494.48391898452,,17.0,22.0,28.0,13.0,24.0,0.7631014923163922,0.6861863924191169,True,137.2372784838234,2
2021-08-28,BERGSÅKER,6,6,FRODO S.,5,v,Björn Goop,1640.0,0,1640.0,16.0,6.0,16.0,6.85,2.03,25017.0,2021-08-07,Rättvik-12,Björn Goop,1.0,2140.0,2.0,3.24,110.0,12.1,2021-07-25,Axevalla-10,Björn Goop,1.0,2140.0,2.0,4.54,100.0,13.4,2021-07-08,Halmstad-11,Håkan B Johansson,15.0,1640.0,2.0,6.05,125.0,30.0,2021-05-30,Solvalla-8,Mats E Djuse,15.0,1640.0,2.0,25.95,150.0,10.6,2021-05-08,Åby-9,Björn Goop,15.0,2640.0,2.0,27.28,110.0,13.4,7,1,1,1,1,1,11501.58559756547,10966.331584284586,11.180339887498949,12.24744871391589,10.488088481701515,21.0,13.0,17.0,39.0,22.0,0.6771243911804559,0.6219319794164312,True,124.38639588328624,3
2021-08-28,BERGSÅKER,6,3,GOGOBET SISU,5,h,Mika Forss,1640.0,0,1640.0,8.0,3.0,8.0,10.78,3.28,28147.0,2021-08-21,Gävle-5,Mats E Djuse,15.0,2640.0,3.0,4.31,110.0,30.0,2021-08-01,Seinäjoki-11,Santtu Raitala,3.0,2100.0,3.0,2.5,,15.5,2021-07-09,Kaustinen-7,Santtu Raitala,1.0,2120.0,3.0,3.0,,13.3,2021-06-19,Boden-6,Örjan Kihlström,1.0,2140.0,3.0,3.28,110.0,13.6,2021-06-12,Östersund-9,Mats E Djuse,1.0,2640.0,3.0,5.64,110.0,15.5,12,0,1,0,0,1,10.488088481701515,,,11501.58559756547,11501.58559756547,7.0,20.0,23.0,20.0,7.0,0.5450137002161627,0.49849158367384805,True,99.6983167347696,4
2021-08-28,BERGSÅKER,6,10,CRITERION,5,v,Mats E Djuse,1640.0,0,1640.0,4.0,10.0,4.0,14.37,4.23,29016.0,2021-08-09,Solvalla-3,Mats E Djuse,1.0,2140.0,2.0,23.42,60.0,13.0,2021-07-31,Enghien-7,Franck Ouvrie,15.0,2150.0,2.0,38.8,,12.6,2021-07-06,Eskilstuna-6,Fredrik Wallin,20.0,2140.0,2.0,2.37,10.0,30.0,2021-06-18,Solvalla-7,Mats E Djuse,20.0,2140.0,2.0,7.57,40.0,12.9,2021-06-03,Gävle-3,Mats E Djuse,20.0,2660.0,2.0,17.68,25.0,15.5,14,1,1,1,1,0,8494.48391898452,,0.25957555738330734,0.5191511147666147,0.410424993119494,19.0,9.0,25.0,18.0,15.0,0.3233552738217348,0.2727460946012213,True,54.54921892024426,5
2021-08-28,BERGSÅKER,6,7,SPEEDY TILLY,6,v,Robert Bergh,1640.0,0,1640.0,2.0,7.0,2.0,16.99,5.19,18862.0,2021-08-08,Dannero-7,Robert Bergh,3.0,2660.0,2.0,4.94,100.0,30.0,2021-07-28,Boden-10,Robert Bergh,3.0,2140.0,2.0,3.62,110.0,13.5,2021-07-09,Lycksele-3,Rikard N Skoglund,1.0,2140.0,2.0,1.4,25.0,13.2,2021-06-19,Boden-10,Nicklas Westerholm,1.0,1640.0,2.0,18.48,110.0,12.3,2021-04-04,Romme-10,Per Lennartsson,1.0,2640.0,2.0,20.3,110.0,14.9,16,0,1,1,1,1,4034.287934927351,4231.196882217894,5483.165792142293,11501.58559756547,11501.58559756547,20.0,11.0,19.0,20.0,76.0,0.26435043979448164,0.21834358799926473,True,43.66871759985295,6
2021-08-28,BERGSÅKER,6,5,SELF EXPLOSIVE,6,v,Rebecca Dahlén,1640.0,0,1640.0,2.0,5.0,2.0,16.88,3.99,14812.0,2021-08-19,Östersund-7,Jonathan Carre,1.0,2140.0,1.0,1.39,75.0,15.4,2021-08-07,Rättvik-4,Jonathan Carre,1.0,2160.0,1.0,2.92,100.0,14.0,2021-07-07,Lindesberg-5,Jonathan Carre,1.0,2140.0,1.0,2.24,60.0,13.6,2021-06-19,Boden-10,Rebecca Dahlén,1.0,1640.0,1.0,90.35,110.0,12.7,2021-06-06,Axevalla-10,Rebecca Dahlén,1.0,2140.0,1.0,20.41,150.0,12.6,16,0,0,1,1,1,9497.121738314101,10966.331584284586,8494.48391898452,11501.58559756547,13430.958365832146,9.0,12.0,31.0,18.0,13.0,0.22649685876273087,0.17778759294174415,True,35.55751858834883,7
2021-08-28,BERGSÅKER,6,2,XANTHIS DE ROI,6,v,Daniel Wäjersten,1640.0,0,1640.0,2.0,2.0,2.0,20.4,3.76,14981.0,2021-08-13,Umåker-9,Daniel Wäjersten,2.0,2140.0,3.0,4.24,50.0,13.3,2021-07-31,Hagmyren-11,Daniel Wäjersten,5.0,2640.0,3.0,23.32,110.0,13.8,2021-07-07,Lindesberg-7,Daniel Wäjersten,4.0,3180.0,3.0,3.44,60.0,15.6,2021-06-22,Bergsåker-1,Daniel Wäjersten,4.0,2140.0,3.0,4.11,30.0,14.5,2021-02-12,Östersund-6,Daniel Wäjersten,4.0,2640.0,3.0,1.39,35.0,17.0,18,1,1,0,1,1,4703.261591751624,1556.570344516668,1895.3755572212776,1340.2329094063966,1447.6169935559349,15.0,13.0,24.0,15.0,130.0,0.22133363022846891,0.18119618848766836,True,36.239237697533675,8
2021-08-28,BERGSÅKER,6,1,IN LINE TOOMA,9,h,Oskar Kylin Blom,1640.0,0,1640.0,1.0,1.0,1.0,38.56,4.04,8797.0,2021-08-16,Färjestad-8,Magnus Jakobsson,5.0,1640.0,8.0,90.14,35.0,12.3,2021-05-29,Solvalla-1,Oskar Kylin Blom,15.0,640.0,8.0,13.02,100.0,30.0,2021-04-29,Gävle-7,Oskar Kylin Blom,2.0,1140.0,8.0,16.42,50.0,30.0,2021-04-16,Romme-9,Oskar Kylin Blom,2.0,1640.0,8.0,35.86,35.0,13.4,2021-03-23,Eskilstuna-9,Carl Johan Jepson,2.0,1640.0,8.0,17.77,35.0,20.3,23,1,1,1,1,1,878.0240901127003,10.0,4703.261591751624,3935.0309681516123,3935.0309681516123,12.0,79.0,30.0,13.0,24.0,0.13456148490801392,0.11151999089598022,True,22.303998179196043,9
2021-08-28,BERGSÅKER,6,8,LISA S.E.,7,s,Per Linderoth,1640.0,0,1640.0,0.0,8.0,0.0,20.0,4.85,8944.0,2021-08-08,Dannero-11,Per Linderoth,1.0,2180.0,2.0,32.82,110.0,13.3,2021-07-31,Hagmyren-8,Oskar J Andersson,4.0,2160.0,2.0,38.84,110.0,14.2,2021-07-18,Solänget-8,Per Linderoth,2.0,2160.0,2.0,8.78,30.0,14.8,2021-07-04,Bollnäs-2,Per Linderoth,2.0,3160.0,2.0,17.27,50.0,15.7,2021-06-25,Hagmyren-9,Per Linderoth,2.0,1640.0,2.0,21.02,50.0,12.1,17,0,0,0,0,1,11501.58559756547,2566.350636345657,3643.130763542206,4703.261591751624,4703.261591751624,20.0,8.0,13.0,14.0,9.0,0.1336004664405008,0.08800049099000085,True,17.60009819800017,10
2021-08-28,BERGSÅKER,6,11,VINCENT CHASE,7,v,Ulf Ohlsson,1640.0,0,1640.0,0.0,11.0,0.0,50.87,11.74,12769.0,2021-08-15,Tingsryd-6,Jennifer Persson,4.0,1609.0,11.0,4.72,35.0,14.4,2021-07-22,Bergsåker-3,Jennifer Persson,3.0,2180.0,11.0,8.31,50.0,15.8,2021-07-12,Rättvik-8,Mika Forss,15.0,1640.0,11.0,40.46,30.0,16.7,2021-06-04,Bergsåker-4,Jennifer Persson,15.0,1640.0,11.0,3.74,30.0,13.4,2021-05-22,Gävle-1,Jennifer Persson,15.0,1640.0,11.0,15.94,50.0,12.8,26,1,0,1,1,1,1447.6169935559349,2852.6723560462033,5.477225575051661,5.477225575051661,7.0710678118654755,13.0,24.0,10.0,38.0,13.0,0.10976288969309422,0.09191173448341095,True,18.38234689668219,11
2021-08-28,BERGSÅKER,7,4,WHO'S WHO,7,h,Örjan Kihlström,2140.0,0,2140.0,28.0,4.0,28.0,2.79,1.39,292006.0,2021-08-14,Åby-11,Örjan Kihlström,15.0,3140.0,6.0,2.65,1500.0,30.0,2021-07-27,Jägersro-10,Örjan Kihlström,1.0,1609.0,6.0,3.01,1609.0,10.7,2021-06-19,Boden-12,Örjan Kihlström,1.0,2140.0,6.0,7.07,1000.0,11.3,2021-05-29,Solvalla-11,Örjan Kihlström,1.0,3180.0,6.0,3.08,1000.0,11.9,2021-05-08,Åby-11,Örjan Kihlström,1.0,2140.0,6.0,4.38,1500.0,11.3,1,1,1,1,0,1,38.72983346207417,43988.52456290306,34678.585382982055,34678.585382982055,42472.4195949226,14.0,18.0,38.0,21.0,21.0,0.8053519746381919,0.6966100610282431,True,139.3220122056486,1
2021-08-28,BERGSÅKER,7,8,MILLIGAN'S SCHOOL,8,h,Ulf Eriksson,2140.0,0,2140.0,22.0,8.0,22.0,5.24,1.92,147858.0,2021-08-14,Åby-11,Ulf Eriksson,1.0,3140.0,10.0,8.27,1500.0,11.9,2021-07-24,Axevalla-11,Ulf Eriksson,1.0,2640.0,10.0,4.37,150.0,11.6,2021-07-03,Färjestad-7,Ulf Eriksson,6.0,2140.0,10.0,6.25,300.0,10.9,2021-06-26,Rättvik-9,Ulf Eriksson,6.0,2140.0,10.0,2.83,100.0,10.6,2021-06-05,Mantorp-7,Ulf Eriksson,6.0,2640.0,10.0,7.69,150.0,14.0,5,1,1,1,1,1,42472.4195949226,13430.958365832146,1559.1424496410248,900.1713130052182,1102.4801989769737,14.0,21.0,21.0,7.0,21.0,0.7705906217420521,0.7164846363038567,True,143.29692726077135,2
2021-08-28,BERGSÅKER,7,3,VERY KRONOS,7,h,Erik Adielsson,2140.0,0,2140.0,24.0,3.0,24.0,4.22,1.83,103184.0,2021-08-14,Åby-11,Erik Adielsson,20.0,3140.0,11.0,9.74,1500.0,30.0,2021-07-27,Jägersro-10,Erik Adielsson,20.0,1609.0,11.0,4.13,1609.0,30.0,2021-06-19,Boden-12,Erik Adielsson,2.0,2140.0,11.0,2.84,1000.0,11.4,2021-05-30,Solvalla-7,Erik Adielsson,2.0,1609.0,11.0,8.23,250.0,10.7,2021-05-08,Åby-11,Erik Adielsson,2.0,2140.0,11.0,7.91,1500.0,11.0,4,1,1,1,1,1,3.1791383264381876,3.2926215575933586,21033.625270240995,10516.812635120497,25760.824676500182,14.0,18.0,38.0,20.0,22.0,0.7382586436499474,0.6569725081375087,True,131.39450162750174,3
2021-08-28,BERGSÅKER,7,5,GARETH BOKO,8,h,Magnus A Djuse,2140.0,0,2140.0,7.0,5.0,7.0,13.47,3.46,107283.0,2021-07-27,Jägersro-10,Magnus A Djuse,15.0,1609.0,6.0,13.82,1609.0,11.3,2021-07-11,Jarlsberg-10,Tom Erik Solberg,3.0,2100.0,6.0,5.0,,11.8,2021-06-19,Boden-12,Mats E Djuse,4.0,2140.0,6.0,8.84,1000.0,11.7,2021-05-30,Solvalla-12,Mats E Djuse,4.0,1609.0,6.0,14.06,3000.0,9.1,2021-05-30,Solvalla-7,Mats E Djuse,4.0,1609.0,6.0,6.0,250.0,9.9,14,1,1,1,1,1,40.11234224026316,,7737.838310225784,13402.329094063967,3868.919155112892,32.0,16.0,22.0,20.0,0.0,0.4692405448520647,0.4266776374624949,True,85.33552749249897,4
2021-08-28,BERGSÅKER,7,10,ZARENNE FAS,6,h,Carl Johan Jepson,2140.0,0,2140.0,6.0,10.0,6.0,17.0,3.72,133127.0,2021-08-14,Åby-11,Johan Untersteiner,2.0,3140.0,4.0,19.48,1500.0,12.0,2021-07-29,Åby-7,Magnus A Djuse,1.0,1609.0,4.0,1.68,125.0,10.4,2021-07-17,Årjäng-11,Magnus A Djuse,2.0,1640.0,4.0,10.33,500.0,9.8,2021-07-08,Halmstad-10,Magnus A Djuse,2.0,3180.0,4.0,4.62,200.0,14.0,2021-06-27,Kalmar-11,Magnus A Djuse,2.0,1640.0,4.0,11.45,150.0,30.0,16,1,1,1,0,1,25760.824676500182,12260.73144313165,14873.019061524134,9406.523183503248,8146.288038201084,14.0,16.0,12.0,9.0,11.0,0.4361887396989259,0.40095053593010876,True,80.19010718602175,5
2021-08-28,BERGSÅKER,7,6,CLICK BAIT,5,h,Per Lennartsson,2140.0,0,2140.0,4.0,6.0,4.0,16.92,3.25,83405.0,2021-08-18,Solvalla-10,Per Lennartsson,3.0,2140.0,5.0,12.86,1500.0,10.7,2021-07-31,Hagmyren-7,Per Lennartsson,1.0,1640.0,5.0,2.66,150.0,10.2,2021-07-17,Årjäng-11,Per Lennartsson,3.0,1640.0,5.0,2.71,500.0,9.8,2021-07-03,Färjestad-7,Per Lennartsson,3.0,2140.0,5.0,2.14,300.0,10.5,2021-06-12,Östersund-11,Per Lennartsson,3.0,2140.0,5.0,42.55,700.0,11.4,16,1,1,1,1,1,15624.729985779142,13430.958365832146,9020.942063304805,6987.5916756562965,10673.722593046099,10.0,18.0,14.0,14.0,21.0,0.3835355366996912,0.34481289453258634,True,68.96257890651727,6
2021-08-28,BERGSÅKER,7,1,HICKOTHEPOOH,9,v,Vidar Hop,2140.0,0,2140.0,4.0,1.0,4.0,11.42,3.74,41587.0,2021-07-27,Jägersro-10,Vidar Hop,4.0,1609.0,10.0,24.68,1609.0,11.1,2021-07-11,Jarlsberg-10,Vidar Hop,1.0,2100.0,10.0,17.1,,11.4,2021-06-13,Bjerke-10,Vidar Hop,20.0,2100.0,10.0,4.8,,30.0,2021-05-30,Solvalla-6,Vidar Hop,20.0,1609.0,10.0,19.46,250.0,10.4,2021-05-09,Vermo-12,Vidar Hop,20.0,1620.0,10.0,36.9,,9.9,12,1,1,1,1,1,9815.166530413699,,,1.2978777869165365,,32.0,16.0,28.0,14.0,21.0,0.365136075330258,0.30420863534275877,True,60.841727068551755,7
2021-08-28,BERGSÅKER,7,9,MELLBY FREE,7,s,Björn Goop,2140.0,0,2140.0,3.0,9.0,3.0,18.35,4.47,260509.0,2021-08-18,Solvalla-7,Björn Goop,2.0,2140.0,5.0,3.44,1000.0,10.7,2021-07-10,Halmstad-3,Björn Goop,1.0,1640.0,5.0,2.16,110.0,11.2,2021-06-27,Kalmar-7,Björn Goop,2.0,2140.0,5.0,1.92,110.0,12.1,2021-04-10,Jägersro-11,Björn Goop,2.0,2140.0,5.0,10.71,150.0,12.6,2020-11-28,Solvalla-5,Björn Goop,2.0,2140.0,5.0,2.91,300.0,11.2,17,1,1,1,1,1,21033.625270240995,11501.58559756547,6976.064300232707,8146.288038201084,11520.591026621687,10.0,39.0,13.0,78.0,133.0,0.2936703111686255,0.2529596662792091,True,50.59193325584182,8
2021-08-28,BERGSÅKER,7,2,ESPRIT SISU,7,v,Daniel Wäjersten,2140.0,0,2140.0,1.0,2.0,1.0,33.32,6.58,39309.0,2021-08-21,Gävle-7,Daniel Wäjersten,1.0,2640.0,9.0,13.61,150.0,12.7,2021-07-31,Hagmyren-7,Daniel Wäjersten,3.0,1640.0,9.0,4.99,150.0,10.4,2021-07-22,Bergsåker-9,Ulf Ohlsson,3.0,2640.0,9.0,2.5,100.0,13.5,2021-07-07,Lindesberg-6,Daniel Wäjersten,3.0,1640.0,9.0,6.24,100.0,10.4,2021-06-24,Dannero-6,Daniel Wäjersten,3.0,2660.0,9.0,2.14,60.0,13.9,22,1,1,1,1,0,13430.958365832146,4940.973458019238,4034.287934927351,4034.287934927351,3124.9459971558285,7.0,21.0,9.0,15.0,13.0,0.21393200860473457,0.18961059797988108,True,37.92211959597622,9
2021-08-28,BERGSÅKER,7,7,MINDYOURVALUE W.F.,8,v,Robert Bergh,2140.0,0,2140.0,1.0,7.0,1.0,35.58,4.0,95643.0,2021-08-14,Åby-11,Rikard N Skoglund,3.0,3140.0,3.0,63.8,1500.0,12.1,2021-07-28,Boden-9,Robert Bergh,1.0,2140.0,3.0,3.52,100.0,12.8,2021-07-22,Bergsåker-9,Nicklas Westerholm,15.0,2640.0,3.0,7.11,100.0,14.5,2021-07-01,Åby-8,Emilia Leo,15.0,2140.0,3.0,2.15,250.0,11.8,2021-05-30,Solvalla-10,Örjan Kihlström,15.0,1640.0,3.0,19.28,300.0,9.9,23,1,1,1,1,1,15624.729985779142,10966.331584284586,10.0,15.811388300841896,17.320508075688775,14.0,17.0,6.0,21.0,32.0,0.1924896224223814,0.16913767396727386,True,33.827534793454774,10
