datum,bana,avd,nr,häst,ålder,kön,kusk,lopp_dist,start,dist,pris,spår,streck,vodds,podds,plac,h1_dat,h1_bana,h1_kusk,h1_plac,h1_dist,h1_spår,h1_odds,h1_pris,h1_kmtid,h2_dat,h2_bana,h2_kusk,h2_plac,h2_dist,h2_spår,h2_odds,h2_pris,h2_kmtid,h3_dat,h3_bana,h3_kusk,h3_plac,h3_dist,h3_spår,h3_odds,h3_pris,h3_kmtid,h4_dat,h4_bana,h4_kusk,h4_plac,h4_dist,h4_spår,h4_odds,h4_pris,h4_kmtid,h5_dat,h5_bana,h5_kusk,h5_plac,h5_dist,h5_spår,h5_odds,h5_pris,h5_kmtid,bins,h1_auto,h2_auto,h3_auto,h4_auto,h5_auto,h1_perf,h2_perf,h3_perf,h4_perf,h5_perf,senast,delta1,delta2,delta3,delta4,rel_kr,streck_avst,rel_rank,h1_samma_bana,h2_samma_bana,h3_samma_bana,h1_samma_kusk,h2_samma_kusk,h3_samma_kusk,proba_cat1L1,proba_cat2L1,proba_xgb1L1,proba_xgb2L1,proba_cat1L2,proba_cat2L2,proba_xgb1L2,proba_xgb2L2,Meta,välj
2022-12-17,romme,1,6,gordini brick,4,v,ulf ohlsson,2640.0,1,2640.0,110000.0,6.0,37.0,2.97,1.63,15,2022-10-29,romme,ulf ohlsson,3.0,2640.0,4.0,15.03,110.0,14.9,2022-10-08,åby,patrik fernlund,1.0,2140.0,4.0,3.57,150.0,13.8,2022-09-19,romme,patrik fernlund,1.0,2140.0,4.0,1.21,30.0,14.1,2022-09-01,gävle,anders eriksson,1.0,2140.0,4.0,5.53,25.0,14.9,2022-07-23,axevalla,marcus lilius,1.0,2140.0,4.0,5.38,110.0,13.8,2,0,1,1,0,0,4231.196882217894,13430.958365832146,6006.507181794034,5483.165792142293,11501.58559756547,49.0,21.0,19.0,18.0,40.0,0.1904725770871387,0.0,0.0833333333333333,False,False,False,True,False,False,0.335885852916271,0.3401775606145346,0.3028023,0.3482823,0.3064512212599854,0.3172418509308105,0.26700604,0.26389968,0.0953180028192427,True
2022-12-17,romme,1,1,global crossover,4,v,fredrik wallin,2640.0,1,2640.0,110000.0,1.0,3.0,32.16,5.79,1,2022-11-30,solvalla,mika forss,5.0,2640.0,3.0,20.39,110.0,14.2,2022-11-18,romme,linus lönn,15.0,2140.0,3.0,1.58,60.0,16.0,2022-10-30,solvalla,björn goop,5.0,2140.0,3.0,75.4,200.0,11.8,2022-10-10,färjestad,björn goop,5.0,2140.0,3.0,17.91,110.0,11.7,2022-09-24,solvalla,magnus a djuse,5.0,2140.0,3.0,5.36,220.0,12.4,22,1,1,1,1,1,1556.570344516668,7.745966692414834,2098.879024374998,1556.570344516668,2201.322892003233,17.0,12.0,19.0,20.0,16.0,0.1038433812649391,34.0,0.5833333333333334,False,False,False,False,False,False,0.0371727700964335,0.0284354491394002,0.14637375,0.122271754,0.0451720473235161,0.0429435173191984,0.2464361,0.26468378,0.0069946880835951,True
2022-12-17,romme,2,12,grisle odin g.l.,6,h,ulf ohlsson,2140.0,1,2180.0,220000.0,5.0,45.0,2.01,1.28,6,2022-12-03,bergsåker,magnus a djuse,2.0,2180.0,3.0,2.63,200.0,22.8,2022-11-09,solvalla,öystein tjomsland,4.0,2140.0,3.0,1.17,100.0,22.8,2022-11-04,umåker,öystein tjomsland,1.0,2180.0,3.0,1.22,75.0,23.2,2022-10-29,romme,björn goop,1.0,2160.0,3.0,1.46,110.0,30.0,2022-10-20,gävle,öystein tjomsland,1.0,2160.0,3.0,1.13,100.0,22.2,0,0,1,0,0,0,9406.523183503248,2446.919322642204,9497.1217383141,11501.58559756547,10966.331584284586,14.0,24.0,5.0,6.0,9.0,0.3416884126191815,0.0,0.0833333333333333,False,False,False,False,False,False,0.3727715155580495,0.385728831602687,0.3977989,0.4064279,0.3832684276603764,0.3420265691836436,0.524007,0.4728843,0.1657702897573656,True
2022-12-17,romme,3,3,global dancer,3,s,carl johan jepson,2140.0,0,2140.0,175000.0,3.0,45.0,2.26,1.41,1,2022-11-23,solvalla,magnus a djuse,20.0,2140.0,8.0,3.82,100.0,30.0,2022-11-04,bollnäs,oskar kylin blom,2.0,2160.0,8.0,2.11,100.0,14.9,2022-10-17,mantorp,magnus a djuse,1.0,2140.0,8.0,2.91,300.0,14.2,2022-09-23,solvalla,magnus a djuse,1.0,2140.0,8.0,2.89,100.0,12.5,2022-09-09,solvalla,erik adielsson,1.0,2140.0,8.0,20.44,150.0,13.4,1,1,0,1,1,1,0.820849986238988,6651.416330443618,18994.2434766282,10966.331584284586,13430.958365832146,24.0,19.0,18.0,24.0,14.0,0.1603106058170726,0.0,0.0909090909090909,False,False,False,False,False,False,0.3575449464632913,0.3955417661574721,0.19460827,0.23998427,0.3414169306022795,0.4082165904152915,0.14066978,0.16580841,0.0680710629962808,True
2022-12-17,romme,3,9,solöns skrammel,3,s,jorma kontio,2140.0,0,2140.0,175000.0,9.0,8.0,8.49,2.31,15,2022-11-08,rättvik,jorma kontio,1.0,1640.0,4.0,3.33,25.0,13.4,2022-10-30,solvalla,ulf ohlsson,15.0,2140.0,4.0,101.08,200.0,14.1,2022-10-10,färjestad,björn goop,3.0,2140.0,4.0,44.5,110.0,13.2,2022-09-20,solänget,henrik svensson,3.0,2140.0,4.0,23.94,110.0,15.8,2022-09-02,bollnäs,henrik svensson,3.0,2140.0,4.0,9.0,40.0,15.0,9,1,1,1,1,1,5483.165792142293,14.142135623730953,4231.196882217894,4231.196882217894,2551.5077222615173,39.0,9.0,20.0,20.0,18.0,0.0754047769574488,37.0,0.3636363636363636,False,False,False,True,False,False,0.0459684183229232,0.0578121351053042,0.04669152,0.06731381,0.0451122764221526,0.0476191044273529,0.03555828,0.046080988,0.0023285727501768,True
2022-12-17,romme,3,11,ninepoints birdie,3,s,ulf ohlsson,2140.0,0,2140.0,175000.0,11.0,6.0,12.58,3.22,5,2022-11-09,solvalla,ulf ohlsson,15.0,2140.0,7.0,6.05,100.0,15.3,2022-10-21,solvalla,ulf ohlsson,1.0,2140.0,7.0,1.47,60.0,14.6,2022-10-12,solvalla,björn goop,1.0,2140.0,7.0,3.62,60.0,13.8,2022-09-09,solvalla,jörgen westholm,1.0,2140.0,7.0,103.81,150.0,13.7,2022-08-24,solvalla,jörgen westholm,1.0,2140.0,7.0,23.22,100.0,14.7,13,1,1,1,1,1,10.0,8494.48391898452,8494.48391898452,13430.958365832146,10966.331584284586,38.0,19.0,9.0,33.0,16.0,0.0825091349399397,39.0,0.4545454545454545,False,False,False,True,True,False,0.0422500781995528,0.0478708573128695,0.041458625,0.06010662,0.0418153620163707,0.0337617716277393,0.059391018,0.06006558,0.0022445840013446,True
2022-12-17,romme,4,12,shehuntyoudown,6,s,emilia leo,2140.0,1,2160.0,110000.0,5.0,6.0,18.4,4.59,1,2022-12-03,bergsåker,emilia leo,2.0,2160.0,6.0,20.89,110.0,14.3,2022-11-18,romme,mattias hansson,1.0,2140.0,6.0,6.23,60.0,15.3,2022-11-01,gävle,marcus lilius,1.0,2640.0,6.0,5.04,50.0,13.8,2022-10-21,bollnäs,erik lindegren,1.0,2140.0,6.0,4.48,10.0,15.2,2022-10-01,romme,frida asplund,1.0,2660.0,6.0,27.14,35.0,16.0,17,0,1,1,1,0,6976.064300232707,8494.48391898452,7754.367427987846,3467.858538298206,6487.769258055282,14.0,15.0,17.0,11.0,20.0,0.0559618398883383,15.0,0.3571428571428571,False,False,False,True,False,False,0.0765571318000325,0.067898407540378,0.5152556,0.35920808,0.0933464594284463,0.0972812110192534,0.3682932,0.42594662,0.034215463806549,True
2022-12-17,romme,4,4,somethingroyal,4,s,stefan persson,2140.0,1,2140.0,110000.0,4.0,8.0,16.97,4.58,15,2022-12-04,mantorp,björn goop,1.0,2160.0,4.0,1.3,40.0,16.8,2022-11-25,romme,peter zadel,1.0,1640.0,4.0,7.31,30.0,13.3,2022-09-17,färjestad,björn goop,15.0,2140.0,4.0,3.62,50.0,15.8,2022-09-05,färjestad,björn goop,15.0,2140.0,4.0,5.99,25.0,14.7,2022-08-20,örebro,björn goop,15.0,2100.0,4.0,4.99,30.0,14.9,16,0,1,0,1,1,6935.717076596412,6006.507181794034,7.071067811865476,5.0,5.477225575051661,13.0,9.0,69.0,12.0,16.0,0.089211908773483,13.0,0.2857142857142857,False,False,False,False,False,False,0.1122424916208061,0.1032769201605157,0.09691556,0.08748345,0.086908792161661,0.0805617305920597,0.08172369,0.069999665,0.0079209834058863,True
2022-12-17,romme,4,1,livi princess h.m.,5,s,erik adielsson,2140.0,1,2140.0,110000.0,1.0,18.0,4.53,1.84,2,2022-12-09,solvalla,erik adielsson,2.0,2140.0,9.0,3.73,40.0,15.1,2022-11-21,mantorp,sven-åke eriksson,6.0,2160.0,9.0,5.0,30.0,17.4,2022-11-01,gävle,claes sjöström,1.0,2140.0,9.0,24.74,30.0,13.5,2022-10-10,mantorp,sven-åke eriksson,1.0,2640.0,9.0,19.43,25.0,14.8,2022-09-23,solvalla,claes sjöström,1.0,2660.0,9.0,37.17,60.0,15.5,4,1,0,1,1,0,4206.725054048198,493.0441337520015,6006.507181794034,5483.165792142293,8494.48391898452,8.0,18.0,20.0,22.0,17.0,0.0461462713939191,3.0,0.1428571428571428,False,False,False,True,False,False,0.2125411250921016,0.1712863228850329,0.051486164,0.061987516,0.1403159584910904,0.1296368312374138,0.036136065,0.03598416,0.0072403911285338,True
2022-12-17,romme,4,14,quarcia,7,s,tomas pettersson,2140.0,1,2180.0,110000.0,1.0,5.0,10.83,3.81,15,2022-11-18,romme,tomas pettersson,15.0,2140.0,10.0,8.83,40.0,14.8,2022-08-06,rättvik,tomas pettersson,15.0,2140.0,10.0,10.08,125.0,12.9,2022-07-24,axevalla,tomas pettersson,15.0,2140.0,10.0,23.09,100.0,13.5,2022-07-03,hagmyren,tomas pettersson,15.0,1640.0,10.0,12.41,70.0,11.7,2022-06-25,rättvik,tomas pettersson,15.0,2140.0,10.0,57.77,100.0,12.0,12,1,1,1,1,1,6.324555320336759,11.180339887498947,10.0,8.366600265340756,10.0,29.0,104.0,13.0,21.0,8.0,0.1083055157803444,16.0,0.4285714285714285,False,False,False,True,True,True,0.0516177902076474,0.0515327659719264,0.15901706,0.12941828,0.0589906977047803,0.0506477004035472,0.12899086,0.12524259,0.0071695865562784,True
2022-12-17,romme,4,3,västerbo maharani,4,s,mats e djuse,2140.0,1,2140.0,110000.0,3.0,8.0,12.12,3.31,4,2022-11-23,solvalla,elias strandberg,4.0,2140.0,8.0,55.08,50.0,14.1,2022-11-01,gävle,mats e djuse,4.0,2140.0,8.0,4.57,30.0,13.6,2022-10-21,solvalla,karin nilsson,1.0,2160.0,8.0,8.15,40.0,14.5,2022-09-19,romme,karin nilsson,1.0,2140.0,8.0,9.63,30.0,14.2,2022-09-09,bollnäs,kajsa frick,1.0,2140.0,8.0,4.52,30.0,14.3,13,1,1,0,1,1,1730.233246056696,1340.2329094063966,6935.717076596412,6006.507181794034,6006.507181794034,24.0,22.0,11.0,32.0,10.0,0.0625928820189445,13.0,0.2857142857142857,False,False,False,False,True,False,0.0846242617020504,0.0932234923594574,0.10021306,0.086047865,0.0732531655700245,0.0713547861332214,0.050277803,0.039328277,0.0051493670498822,True
2022-12-17,romme,4,8,cala mayor de b.,5,s,per lennartsson,2140.0,1,2160.0,110000.0,1.0,3.0,23.87,5.52,6,2022-11-26,solvalla,per lennartsson,15.0,2160.0,1.0,22.59,220.0,14.1,2022-11-12,eskilstuna,per lennartsson,3.0,2160.0,1.0,49.86,110.0,13.5,2022-10-29,romme,marcus lilius,3.0,2160.0,1.0,10.93,110.0,13.4,2022-09-24,solvalla,per lennartsson,3.0,2160.0,1.0,64.94,220.0,13.6,2022-08-20,örebro,per lennartsson,3.0,2160.0,1.0,5.52,110.0,14.1,19,0,0,0,0,0,14.832396974191326,4231.196882217894,4231.196882217894,5983.816015903301,4231.196882217894,21.0,14.0,14.0,35.0,35.0,0.1099723104303401,18.0,0.5714285714285714,False,False,False,True,True,False,0.0474475666598631,0.0350853987789479,0.08165669,0.0701073,0.0495849998820773,0.0436466180110056,0.141151,0.12749757,0.0043893027426713,True
2022-12-17,romme,5,2,working class hero,3,h,jörgen westholm,2140.0,0,2140.0,110000.0,2.0,42.0,2.2,1.37,6,2022-11-18,romme,jörgen westholm,1.0,2140.0,3.0,1.97,30.0,14.6,2022-11-02,solvalla,björn goop,1.0,2140.0,3.0,3.43,60.0,14.6,2022-10-25,eskilstuna,jörgen westholm,1.0,2140.0,3.0,4.38,30.0,16.5,2022-07-29,eskilstuna,jörgen westholm,1.0,2140.0,3.0,13.4,40.0,15.8,2022-06-22,solvalla,örjan kihlström,1.0,2140.0,3.0,2.25,60.0,15.7,1,1,1,0,1,0,6006.507181794034,8494.48391898452,6006.507181794034,6935.717076596412,8494.48391898452,29.0,16.0,8.0,88.0,37.0,0.1730416202714496,0.0,0.0909090909090909,False,False,False,True,False,True,0.348284792220827,0.3582570436365136,0.24374914,0.24770123,0.2997367429142986,0.3141069706668918,0.16239569,0.17729437,0.0672236169233282,True
2022-12-17,romme,5,4,drizzle,4,v,rikard n skoglund,2140.0,0,2140.0,110000.0,4.0,17.0,4.7,1.75,1,2022-12-03,bergsåker,rikard n skoglund,6.0,2640.0,2.0,28.13,110.0,15.9,2022-11-23,bergsåker,rikard n skoglund,4.0,1640.0,2.0,11.02,110.0,13.3,2022-11-15,axevalla,rikard n skoglund,1.0,1640.0,2.0,3.04,30.0,12.4,2022-11-04,solvalla,rikard n skoglund,1.0,2140.0,2.0,23.6,40.0,13.8,2022-10-21,bollnäs,fredrik wallin,1.0,2140.0,2.0,1.7,10.0,15.4,4,1,1,1,1,1,944.107637948816,2566.350636345657,6006.507181794034,6935.717076596412,3467.858538298206,14.0,10.0,8.0,11.0,14.0,0.0834211080682536,25.0,0.2727272727272727,False,False,False,True,True,True,0.0779593248769134,0.1000809443880669,0.58541304,0.51919454,0.1031096330456669,0.1155706347125765,0.42254567,0.51595,0.0498207203006098,True
2022-12-17,romme,5,6,kratos di quattro,5,v,jorma kontio,2140.0,0,2140.0,110000.0,6.0,22.0,4.95,1.79,20,2022-12-07,vermo,ari moilanen,1.0,2120.0,,5.2,,14.8,2022-12-03,vermo,ari moilanen,1.0,2120.0,,11.6,,15.4,2022-11-26,åbo,ari moilanen,1.0,2100.0,,4.9,,16.4,2022-11-22,tammerfors,ari moilanen,1.0,2600.0,,,,17.1,2022-11-07,mantorp,jorma kontio,1.0,2140.0,,2.15,25.0,15.8,5,1,1,1,1,1,,,,,5483.165792142293,10.0,4.0,7.0,4.0,15.0,0.0667037828402901,20.0,0.1818181818181818,False,False,False,False,False,False,0.1254006931686359,0.1833680198218778,0.18453842,0.17491546,0.1308635464198869,0.1397310850260876,0.12110167,0.11570762,0.0208828894322363,True
2022-12-17,romme,6,11,dark roadster,6,v,jörgen s eriksson,1640.0,0,1640.0,125000.0,11.0,25.0,3.92,1.73,1,2022-11-27,färjestad,jörgen s eriksson,1.0,1640.0,6.0,16.53,60.0,12.0,2022-10-20,gävle,ida riesterer,15.0,1640.0,6.0,6.7,50.0,12.4,2022-09-27,eskilstuna,ida riesterer,1.0,1640.0,6.0,3.34,40.0,11.8,2022-09-14,solvalla,ida riesterer,1.0,1640.0,6.0,2.55,60.0,12.0,2022-08-18,gävle,ida riesterer,1.0,2140.0,6.0,2.72,25.0,13.6,3,1,0,1,1,1,8494.48391898452,7.071067811865476,6935.717076596412,8494.48391898452,5483.165792142293,20.0,38.0,23.0,13.0,27.0,0.1050401408510028,3.0,0.1666666666666666,False,False,False,True,False,False,0.2694255247077001,0.2357734602391331,0.43112314,0.44879457,0.2458401200015553,0.2919999400403946,0.35306737,0.35183904,0.102318679510518,True
2022-12-17,romme,6,2,condior,6,v,jörgen westholm,1640.0,0,1640.0,125000.0,2.0,28.0,3.45,1.7,8,2022-11-30,solvalla,per lennartsson,1.0,1640.0,4.0,4.72,60.0,11.5,2022-11-11,solvalla,mats e djuse,2.0,2140.0,4.0,6.63,40.0,13.1,2022-10-21,romme,jörgen westholm,15.0,1640.0,4.0,3.57,40.0,13.1,2022-10-10,färjestad,jörgen westholm,15.0,2140.0,4.0,3.15,50.0,12.9,2022-09-29,örebro,jörgen westholm,15.0,2140.0,4.0,20.06,60.0,14.4,2,1,1,1,1,0,8494.48391898452,4206.725054048198,6.324555320336759,7.071067811865476,7.745966692414834,17.0,19.0,21.0,11.0,11.0,0.110591624756754,0.0,0.0833333333333333,False,False,False,False,False,True,0.3150239610434629,0.255393219654724,0.45871875,0.37995726,0.2099537467218356,0.2089858217746419,0.3019474,0.41326857,0.0936072705214777,True
2022-12-17,romme,6,4,kimi di quattro,5,v,claes sjöström,1640.0,0,1640.0,125000.0,4.0,10.0,7.56,2.63,5,2022-12-07,solvalla,agnes larsson,5.0,2140.0,1.0,5.58,50.0,15.9,2022-11-12,eskilstuna,markus b svedberg,15.0,3180.0,1.0,11.35,100.0,15.5,2022-10-29,romme,ulf ohlsson,2.0,2140.0,1.0,8.1,110.0,12.9,2022-10-18,hagmyren,kaj widell,2.0,2140.0,1.0,1.63,22.0,14.5,2022-08-08,romme,claes sjöström,2.0,2140.0,1.0,1.57,30.0,13.5,8,1,0,1,0,0,1049.439512187499,10.0,6976.064300232707,3119.790798145967,3643.130763542206,10.0,25.0,14.0,11.0,71.0,0.1432097517416833,18.0,0.25,False,False,False,False,False,False,0.1250236823145248,0.1127152482545991,0.1996055,0.17336453,0.1200512881455653,0.1064884393639367,0.15437327,0.14709595,0.0193971290378013,True
2022-12-17,romme,6,5,axel ruda,5,v,örjan kihlström,1640.0,0,1640.0,125000.0,5.0,9.0,10.08,3.11,2,2022-12-09,bollnäs,ulf ohlsson,1.0,2140.0,9.0,6.2,30.0,15.1,2022-11-22,bollnäs,ulf ohlsson,2.0,2140.0,9.0,7.45,40.0,13.4,2022-11-11,bollnäs,pär ländin,2.0,1640.0,9.0,2.75,10.0,14.4,2022-11-01,gävle,peter eriksson,2.0,1640.0,9.0,17.62,40.0,11.7,2022-10-17,bergsåker,ulf ohlsson,2.0,2140.0,9.0,20.55,30.0,13.6,11,1,1,1,1,1,6006.507181794034,4206.725054048198,2103.362527024099,4206.725054048198,3643.130763542206,8.0,17.0,11.0,10.0,15.0,0.0755220837861288,19.0,0.3333333333333333,False,False,False,False,False,False,0.0872640065213298,0.0828873198480206,0.16728304,0.12600681,0.0739874657256016,0.0718558513272925,0.075517185,0.06265191,0.0078694140631448,True
2022-12-17,romme,6,1,the bald eagle,6,v,oskar kylin blom,1640.0,0,1640.0,125000.0,1.0,8.0,12.07,2.79,15,2022-11-30,solvalla,oskar kylin blom,3.0,1640.0,1.0,4.59,60.0,11.8,2022-11-22,bollnäs,oskar kylin blom,5.0,2140.0,1.0,3.57,40.0,14.3,2022-11-11,solvalla,oskar kylin blom,5.0,2140.0,1.0,7.4,40.0,13.5,2022-10-15,rättvik,isabell eriksson,5.0,2140.0,1.0,2.14,10.0,14.1,2022-10-05,solvalla,oskar kylin blom,5.0,1640.0,1.0,1.97,60.0,11.5,13,1,1,1,1,1,3124.9459971558285,938.6472350101868,938.6472350101868,469.32361750509335,1149.6033871246218,17.0,8.0,11.0,27.0,10.0,0.0908623754285762,20.0,0.4166666666666667,False,False,False,True,True,True,0.0615726158970369,0.0766203686045499,0.057526335,0.087016106,0.0574174511825839,0.0613961850539458,0.031552564,0.023673804,0.0028081580762562,True
2022-12-17,romme,6,10,merritt,8,v,erik adielsson,1640.0,0,1640.0,125000.0,10.0,5.0,12.96,3.24,20,2022-12-03,bergsåker,rikard n skoglund,3.0,1640.0,2.0,12.94,125.0,11.5,2022-11-11,solvalla,rikard n skoglund,6.0,2140.0,2.0,15.58,40.0,13.5,2022-10-26,solvalla,erik adielsson,1.0,1640.0,2.0,11.73,60.0,11.8,2022-10-06,östersund,henrik svensson,1.0,2140.0,2.0,29.74,40.0,13.6,2022-09-25,rättvik,marcus lilius,1.0,2140.0,2.0,19.6,40.0,13.9,13,1,1,1,1,1,4510.471031652402,569.3183266881678,8494.48391898452,6935.717076596412,6935.717076596412,14.0,22.0,16.0,20.0,11.0,0.0784283993361806,23.0,0.6666666666666666,False,False,False,False,False,True,0.0379984812770882,0.0367623301616052,0.053752,0.11444315,0.0419390992417263,0.0367649800600847,0.05246334,0.08307275,0.0027566423611743,True
2022-12-17,romme,7,5,hannibal face,5,v,örjan kihlström,2140.0,0,2140.0,110000.0,5.0,60.0,1.79,1.3,1,2022-11-26,solvalla,magnus a djuse,6.0,2140.0,7.0,16.68,220.0,13.0,2022-11-15,östersund,mats e djuse,20.0,1640.0,7.0,2.21,25.0,30.0,2022-10-29,romme,magnus a djuse,1.0,2140.0,7.0,2.59,110.0,12.8,2022-10-06,östersund,ulf ohlsson,1.0,2140.0,7.0,1.72,40.0,13.6,2022-08-27,bergsåker,mats e djuse,1.0,2640.0,7.0,4.06,110.0,13.3,0,1,1,1,1,1,1335.169825927243,0.410424993119494,11501.58559756547,6935.717076596412,11501.58559756547,21.0,11.0,17.0,23.0,40.0,0.1071923957349399,0.0,0.0833333333333333,False,False,False,False,False,False,0.3164780339207754,0.4828317546864817,0.5037303,0.6222997,0.3745330088677884,0.481143473589823,0.6250382,0.56680894,0.2351588073301095,True
2022-12-17,romme,1,4,flirting diamond,5,v,martin malmqvist,2640.0,1,2640.0,110000.0,4.0,1.0,42.64,7.42,20,2022-12-01,axevalla,victor rosleff,2.0,2140.0,10.0,17.82,25.0,14.8,2022-11-03,kalmar,anton knutsson,5.0,2140.0,10.0,24.39,25.0,14.5,2022-09-29,visby,martin malmqvist,5.0,2620.0,10.0,4.02,25.0,16.4,2022-09-13,visby,martin malmqvist,5.0,2120.0,10.0,4.62,25.0,15.8,2022-08-23,visby,martin malmqvist,5.0,2120.0,10.0,,10.0,14.7,24,1,1,0,1,1,3325.708165221809,742.065795512883,742.065795512883,742.065795512883,469.32361750509335,16.0,28.0,35.0,16.0,21.0,0.0718486279058423,36.0,0.75,False,False,False,False,False,True,0.0322292364573546,0.02091105641028,0.029276427,0.055623885,0.0337134844880119,0.0298531738275185,0.04808467,0.05897041,0.0013303321235483,False
2022-12-17,romme,1,8,capone vox,5,v,mats e djuse,2640.0,1,2640.0,110000.0,8.0,2.0,35.06,5.51,20,2022-12-02,solvalla,andreas lövdal,1.0,2640.0,4.0,3.74,40.0,16.7,2022-11-17,bergsåker,jimmy h andersson,5.0,2640.0,4.0,12.71,30.0,15.3,2022-11-02,solvalla,andreas lövdal,3.0,2140.0,4.0,12.37,40.0,13.8,2022-10-21,romme,krister jakobsson,3.0,2140.0,4.0,58.54,40.0,14.0,2022-10-07,rättvik,krister jakobsson,3.0,2660.0,4.0,14.5,35.0,15.8,22,1,1,1,1,0,6935.717076596412,812.8923507108439,2551.5077222615173,2551.5077222615173,2386.7169291026403,15.0,15.0,15.0,12.0,14.0,0.0497726274939159,35.0,0.6666666666666666,False,False,False,False,False,False,0.0292149741269571,0.0212409225653635,0.0119343605,0.018050432,0.0319292148239507,0.0288541760580477,0.023686526,0.02278811,0.000507771189759,False
2022-12-17,romme,1,2,maestro zon,5,v,oskar j andersson,2640.0,1,2640.0,110000.0,2.0,17.0,4.5,1.89,3,2022-12-07,solvalla,oskar j andersson,4.0,2640.0,10.0,6.64,60.0,16.3,2022-11-22,färjestad,oskar j andersson,1.0,2140.0,10.0,4.69,25.0,15.3,2022-08-08,färjestad,oskar j andersson,2.0,2140.0,10.0,2.04,30.0,14.5,2022-07-11,rättvik,oskar j andersson,2.0,1660.0,10.0,6.26,30.0,12.8,2022-01-11,eskilstuna,michael larsson,2.0,2640.0,10.0,7.67,40.0,19.5,4,1,1,0,0,1,1895.3755572212776,5483.165792142293,3643.130763542206,3643.130763542206,4206.725054048198,10.0,15.0,106.0,28.0,181.0,0.1189274738616469,20.0,0.1666666666666666,False,False,False,True,True,True,0.1391943425358016,0.148925973018359,0.0011513052,0.0016789569,0.1250224180972221,0.1247257971838009,0.008254795,0.0061604003,0.0004222020762654,False
2022-12-17,romme,1,5,babaris,4,v,mika forss,2640.0,1,2640.0,110000.0,5.0,1.0,52.81,8.19,2,2022-12-02,solvalla,mika forss,1.0,2140.0,11.0,9.32,40.0,15.8,2022-11-24,rättvik,hans r strömberg,6.0,2140.0,11.0,59.77,25.0,14.3,2022-11-14,romme,mats e djuse,15.0,2140.0,11.0,16.9,30.0,17.1,2022-10-31,rättvik,hans r strömberg,15.0,1640.0,11.0,16.37,22.0,14.1,2022-10-22,rättvik,martina jonsson,15.0,2140.0,11.0,4.37,25.0,17.1,26,1,1,1,1,1,6935.717076596412,450.0856565026091,5.477225575051661,4.69041575982343,5.0,15.0,8.0,10.0,14.0,9.0,0.0478810183253025,36.0,0.75,False,False,False,True,False,False,0.0221265219571348,0.0202378265054068,0.01149342,0.012647187,0.0251909727670562,0.0228048534909852,0.016539179,0.012518014,0.0002966268522961,False
2022-12-17,romme,1,7,max håleryd,6,v,torbjörn jansson,2640.0,1,2640.0,110000.0,7.0,12.0,6.77,2.19,8,2022-11-30,solvalla,björn goop,4.0,2640.0,11.0,15.32,110.0,14.2,2022-11-15,axevalla,björn goop,1.0,2660.0,11.0,3.44,40.0,14.9,2022-10-31,mantorp,juhani partanen,1.0,3140.0,11.0,8.84,50.0,16.0,2022-10-19,solvalla,micael lindblom,1.0,2140.0,11.0,9.81,40.0,13.8,2022-09-30,solvalla,juhani partanen,1.0,2140.0,11.0,7.11,40.0,30.0,7,1,0,0,1,1,2566.350636345657,6935.717076596412,7754.367427987846,6935.717076596412,6935.717076596412,17.0,15.0,15.0,12.0,19.0,0.0902714919864064,25.0,0.3333333333333333,False,False,False,False,False,False,0.0741335204309885,0.0772545550523076,0.0012319074,0.0016820984,0.0624789207471053,0.0615484555274859,0.0076015196,0.0070553822,0.0002224256943174,False
2022-12-17,romme,1,11,mysterious lucifer,4,v,örjan kihlström,2640.0,1,2640.0,110000.0,11.0,15.0,6.17,2.0,6,2022-12-03,bergsåker,magnus a djuse,3.0,2140.0,12.0,14.01,110.0,14.1,2022-11-24,rättvik,robert bergh,1.0,2140.0,12.0,4.89,25.0,13.9,2022-10-21,umåker,micael melander,15.0,2140.0,12.0,3.44,100.0,16.4,2022-10-16,boden,stefan edin,15.0,2140.0,12.0,1.87,35.0,16.2,2022-09-30,bollnäs,robert bergh,15.0,2140.0,12.0,9.3,40.0,13.9,6,1,1,0,0,1,4231.196882217894,5483.165792142293,10.0,5.916079783099616,6.324555320336759,14.0,9.0,34.0,5.0,16.0,0.0627699879132136,22.0,0.25,False,False,False,False,False,False,0.088320454071746,0.0990629595567542,0.0009866769,0.0016193814,0.0614332925752973,0.0670089772132414,0.0048647155,0.003947506,0.0001823280277315,False
2022-12-17,romme,1,3,ad astra,4,s,morgan ivarsson,2640.0,1,2640.0,110000.0,3.0,7.0,8.37,2.6,4,2022-11-27,färjestad,morgan ivarsson,3.0,2640.0,1.0,2.26,35.0,16.1,2022-11-14,färjestad,morgan ivarsson,1.0,2140.0,1.0,4.67,30.0,13.6,2022-10-26,solvalla,morgan ivarsson,2.0,3160.0,1.0,43.17,60.0,15.9,2022-10-07,solvalla,morgan ivarsson,2.0,2140.0,1.0,5.95,40.0,14.1,2022-09-29,örebro,morgan ivarsson,2.0,2100.0,1.0,55.19,60.0,30.0,9,0,1,0,1,1,2386.7169291026403,6006.507181794034,5152.164935300037,4206.725054048198,5152.164935300037,20.0,13.0,19.0,19.0,8.0,0.0775180353281047,30.0,0.4166666666666667,False,False,False,True,True,True,0.0389632890872227,0.0549362521266543,0.0005158691,0.0066272826,0.0514483907039446,0.0545870386149115,0.0045887097,0.004911382,0.0001467020983641,False
2022-12-17,romme,1,10,solkattens eros,6,v,rikard n skoglund,2640.0,1,2640.0,110000.0,10.0,1.0,44.31,7.28,20,2022-12-06,eskilstuna,rikard n skoglund,2.0,2640.0,4.0,21.54,40.0,15.0,2022-11-28,eskilstuna,rikard n skoglund,4.0,2140.0,4.0,3.84,25.0,15.0,2022-11-18,örebro,rikard n skoglund,1.0,2100.0,4.0,34.73,25.0,14.0,2022-09-06,eskilstuna,claes sjöström,1.0,2140.0,4.0,124.0,30.0,15.8,2022-08-29,mantorp,magnus jakobsson,1.0,2160.0,4.0,39.77,25.0,16.7,24,1,1,1,1,0,4206.725054048198,1223.459661321102,5483.165792142293,6006.507181794034,5483.165792142293,11.0,8.0,10.0,73.0,8.0,0.0542496165290868,36.0,0.75,False,False,False,True,True,True,0.0250524117047318,0.0206875864325278,0.0010277139,0.0015740598,0.0307306269883016,0.0254935527049498,0.004655932,0.0047654337,6.178611936823343e-05,False
2022-12-17,romme,1,9,olimp,6,v,carl johan jepson,2640.0,1,2640.0,110000.0,9.0,0.0,70.16,12.41,5,2022-12-02,solvalla,simon helm,2.0,2640.0,5.0,25.69,40.0,16.8,2022-11-25,solvalla,patrick hedqvist,15.0,2140.0,5.0,38.09,40.0,15.4,2022-11-04,solvalla,magnus a djuse,2.0,2140.0,5.0,8.88,40.0,15.8,2022-10-26,solvalla,niclas hammarström,2.0,2640.0,5.0,36.83,40.0,17.0,2022-08-12,gävle,patrick hedqvist,2.0,2140.0,5.0,3.98,30.0,14.6,28,1,1,1,1,1,4206.725054048198,6.324555320336759,4206.725054048198,4206.725054048198,3643.130763542206,15.0,7.0,21.0,9.0,75.0,0.048883733787175,37.0,0.8333333333333334,False,False,False,False,False,False,0.0253647182961365,0.0198872401290963,6.778596e-05,0.0013352233,0.0293932987125044,0.0304086815655872,0.0006381934,0.0009964496,1.2692230248949994e-05,False
2022-12-17,romme,1,12,prometheus,6,h,benny christensen,2640.0,1,2640.0,110000.0,12.0,4.0,19.29,4.43,7,2022-12-04,mantorp,benny christensen,2.0,2640.0,11.0,5.39,40.0,15.6,2022-10-26,solvalla,benny christensen,7.0,3180.0,11.0,10.25,60.0,16.6,2022-10-13,örebro,benny christensen,2.0,2660.0,11.0,22.42,30.0,14.7,2022-09-30,solvalla,benny christensen,2.0,2140.0,11.0,17.56,40.0,14.0,2022-09-06,eskilstuna,benny christensen,2.0,2660.0,11.0,15.01,50.0,15.2,17,1,0,0,1,0,4206.725054048198,422.9154516242031,3643.130763542206,4206.725054048198,4703.261591751624,13.0,39.0,13.0,13.0,24.0,0.0835614285172277,33.0,0.5,False,False,False,True,True,True,0.0309893267746849,0.0299381288239284,2.9801777e-05,0.0014309665,0.0374599994603478,0.0404137151970441,0.00039273736,0.00093771657,1.2186940632603636e-05,False
2022-12-17,romme,2,6,tekno jerven,6,h,jimmy jonsson,2140.0,1,2160.0,220000.0,5.0,15.0,7.65,2.65,1,2022-12-03,bergsåker,jimmy jonsson,20.0,2160.0,2.0,8.37,200.0,30.0,2022-11-22,bollnäs,jimmy jonsson,3.0,2140.0,2.0,3.67,50.0,24.6,2022-11-12,bergsåker,jimmy jonsson,4.0,2160.0,2.0,3.93,50.0,23.5,2022-10-20,gävle,jimmy jonsson,4.0,2160.0,2.0,38.86,100.0,23.6,2022-10-15,solänget,jimmy jonsson,4.0,2640.0,2.0,18.43,100.0,25.3,8,0,1,0,0,1,1.160857183212945,2852.672356046204,1730.233246056696,2446.919322642204,2446.919322642204,14.0,11.0,10.0,23.0,5.0,0.103739250759792,30.0,0.25,False,False,False,True,True,True,0.091354840076018,0.0874061855767465,0.45399377,0.45546225,0.1091916573820321,0.1271336157173539,0.40003562,0.44945213,0.0450559335315604,False
2022-12-17,romme,2,9,valle mattis,12,h,öyvind ruttenborg,2140.0,1,2180.0,220000.0,2.0,1.0,45.34,6.34,15,2022-11-12,orkla,öyvind ruttenborg,15.0,1740.0,,13.4,,24.4,2022-10-08,biri,karina osmark,6.0,2120.0,,3.1,,27.6,2022-09-06,bjerke,karina osmark,2.0,1680.0,,6.0,,24.3,2022-08-18,östersund,karina osmark,2.0,2180.0,,17.39,75.0,26.1,2022-08-06,rättvik,torbjörn jansson,2.0,1660.0,,70.28,110.0,21.7,25,0,0,0,0,0,,,,5760.295513310844,6976.064300232707,35.0,35.0,32.0,19.0,12.0,0.0399135637877763,44.0,0.5833333333333334,False,False,False,True,False,False,0.025029229101208,0.0244734623824925,0.17686845,0.17923346,0.0419987840744821,0.0391162208017887,0.16051215,0.1721042,0.0054484921948822,False
2022-12-17,romme,2,8,b.w.rune,7,h,mats e djuse,2140.0,1,2180.0,220000.0,1.0,9.0,9.74,2.34,4,2022-11-09,solvalla,mats e djuse,7.0,2140.0,2.0,29.45,100.0,22.9,2022-10-29,romme,mats e djuse,20.0,2160.0,2.0,19.71,110.0,30.0,2022-10-08,åbo,harri koivunen,3.0,2100.0,2.0,41.7,,23.9,2022-09-17,färjestad,mats e djuse,3.0,2140.0,2.0,48.17,300.0,22.1,2022-08-27,bergsåker,örjan kihlström,3.0,2640.0,2.0,22.9,250.0,24.7,11,1,0,1,1,1,545.9815003314424,0.8609147285877977,,6987.5916756562965,6378.769305653794,38.0,11.0,21.0,21.0,21.0,0.1030284266461106,36.0,0.3333333333333333,False,False,False,True,True,False,0.0657220482700087,0.0613421374010204,0.032614883,0.06863072,0.0503884044121087,0.0465049056789848,0.07795209,0.07815797,0.0033690595415688,False
2022-12-17,romme,2,10,guli rubin,10,v,erik adielsson,2140.0,1,2180.0,220000.0,3.0,1.0,52.57,7.22,15,2022-12-10,romme,jörgen westholm,20.0,1640.0,6.0,4.12,30.0,30.0,2022-11-09,solvalla,erik adielsson,15.0,2140.0,6.0,46.86,100.0,23.0,2022-10-01,skellefteå,oskar j andersson,8.0,1640.0,6.0,155.93,150.0,22.1,2022-09-17,färjestad,erik adielsson,8.0,2140.0,6.0,83.13,300.0,22.5,2022-08-27,bergsåker,erik adielsson,8.0,2640.0,6.0,66.78,250.0,24.5,26,1,1,1,1,1,0.4495980537908989,10.0,405.5797995022296,573.5764530806138,523.6012696767594,7.0,31.0,39.0,14.0,21.0,0.0525062078639261,44.0,0.5833333333333334,False,False,False,False,True,False,0.0272810780650459,0.0232162662117333,0.050601114,0.040302195,0.025781267579899,0.0222720561045391,0.08045624,0.060658973,0.0013793215187713,False
2022-12-17,romme,2,7,arragon,12,v,carl johan jepson,2140.0,1,2160.0,220000.0,6.0,0.0,58.33,9.05,8,2022-12-10,romme,jorma kontio,4.0,1640.0,5.0,9.64,30.0,24.5,2022-11-10,gävle,magnus a djuse,2.0,2160.0,5.0,25.55,50.0,24.7,2022-10-29,romme,magnus a djuse,8.0,2140.0,5.0,51.07,110.0,24.0,2022-10-01,romme,kenneth gorski,8.0,2200.0,5.0,20.23,10.0,26.5,2022-08-19,bollnäs,tomas pettersson,8.0,1640.0,5.0,126.92,50.0,30.0,27,1,0,0,0,1,1340.2329094063966,4703.261591751624,347.31779025430075,104.72025393535188,234.16160642048672,7.0,30.0,12.0,28.0,43.0,0.0373388008871084,45.0,0.6666666666666666,False,False,False,False,False,False,0.0224239058158578,0.0183508812968544,0.027894557,0.0350176,0.0235167896634185,0.0204956482102275,0.0481926,0.051743858,0.0008337065593415,False
2022-12-17,romme,2,3,soldhöjdens drake,5,h,torbjörn jansson,2140.0,1,2160.0,220000.0,2.0,22.0,3.97,1.51,2,2022-12-03,bergsåker,torbjörn jansson,3.0,2160.0,3.0,37.83,200.0,23.6,2022-11-22,bollnäs,torbjörn jansson,5.0,2140.0,3.0,4.58,50.0,24.9,2022-11-10,gävle,torbjörn jansson,1.0,2160.0,3.0,2.93,50.0,24.3,2022-11-04,umåker,ola åsebö,1.0,2160.0,3.0,36.55,75.0,24.2,2022-10-20,gävle,torbjörn jansson,1.0,2160.0,3.0,37.23,100.0,24.2,3,0,1,0,0,0,5705.344712092407,1049.439512187499,7754.367427987846,9497.1217383141,10966.331584284586,14.0,11.0,12.0,6.0,15.0,0.0914593692936619,23.0,0.1666666666666666,False,False,False,True,True,True,0.1128573213583722,0.1525219084066176,0.0006048169,0.0017158638,0.1028768927013027,0.1222510340134072,0.002399455,0.0032477493,0.0002045542691142,False
2022-12-17,romme,2,11,järvsöodin,9,h,marcus lilius,2140.0,1,2180.0,220000.0,4.0,1.0,41.19,5.57,5,2022-11-09,solvalla,marcus lilius,5.0,2140.0,8.0,66.47,100.0,22.8,2022-10-29,romme,marcus lilius,4.0,2160.0,8.0,71.22,110.0,23.1,2022-10-15,solänget,marcus lilius,2.0,2640.0,8.0,41.39,100.0,24.0,2022-10-08,biri,ingvar nyberg,2.0,2640.0,8.0,25.4,,23.6,2022-09-17,färjestad,örjan kihlström,2.0,2140.0,8.0,57.29,300.0,23.2,24,1,0,1,0,1,1484.131591025766,2566.350636345657,6651.416330443618,,11520.591026621689,38.0,11.0,14.0,7.0,21.0,0.0668174666860432,44.0,0.5833333333333334,False,False,False,True,True,True,0.0279432169328976,0.0220928304289938,0.0038476908,0.011716492,0.0288569162989294,0.024423624684137,0.005267674,0.0044599012,0.0001465151118779,False
2022-12-17,romme,2,4,bokli rapp n.o.,8,h,björn karlsson,2140.0,1,2160.0,220000.0,3.0,3.0,24.4,3.91,7,2022-11-22,bollnäs,björn karlsson,6.0,2140.0,1.0,5.09,50.0,25.0,2022-10-29,romme,björn karlsson,2.0,2140.0,1.0,35.86,110.0,23.7,2022-10-15,solänget,björn karlsson,3.0,2180.0,1.0,9.41,200.0,26.0,2022-10-03,solänget,björn karlsson,3.0,2220.0,1.0,1.89,50.0,26.2,2022-08-26,bergsåker,björn karlsson,3.0,3180.0,1.0,13.92,50.0,25.7,19,1,0,0,0,0,636.517239655588,6976.064300232707,5705.344712092407,2852.672356046204,2852.672356046204,25.0,24.0,14.0,12.0,38.0,0.0667100532644202,42.0,0.4166666666666667,False,False,False,True,True,True,0.045230746378549,0.0354575998990118,0.0014726523,0.0019422689,0.040349829512071,0.0370000342291638,0.0055057956,0.00438836,0.0001134174045464,False
2022-12-17,romme,2,1,åstas gotthard,7,v,kajsa frick,2140.0,1,2140.0,220000.0,1.0,2.0,23.52,4.5,15,2022-11-22,bollnäs,kajsa frick,15.0,2140.0,10.0,30.82,50.0,28.2,2022-10-24,hagmyren,kajsa frick,6.0,2160.0,10.0,3.11,22.0,24.8,2022-09-30,bollnäs,kajsa frick,1.0,1640.0,10.0,4.19,40.0,24.3,2022-09-10,hagmyren,kajsa frick,1.0,2140.0,10.0,71.01,200.0,23.9,2022-08-28,hagmyren,catrine hagman,1.0,1640.0,10.0,6.97,20.0,26.2,19,1,0,1,0,0,7.071067811865476,422.2177713060625,6935.717076596412,15508.734855975692,4904.29257725266,25.0,29.0,24.0,20.0,13.0,0.0408202594350054,43.0,0.5,False,False,False,True,True,True,0.0244498037360085,0.0220358974874488,0.0006753918,0.0036712477,0.0295649661438729,0.0263341669754275,0.0013233136,0.0019530014,4.049109040991507e-05,False
2022-12-17,romme,2,5,björlifanner,9,v,nathalie blom,2140.0,1,2160.0,220000.0,4.0,0.0,54.74,7.87,3,2022-12-10,romme,nathalie blom,15.0,1640.0,8.0,7.5,30.0,24.7,2022-12-03,bergsåker,nathalie blom,7.0,2160.0,8.0,33.5,200.0,24.4,2022-11-22,bollnäs,nathalie blom,1.0,2140.0,8.0,20.95,50.0,24.3,2022-11-12,bergsåker,nathalie blom,1.0,2140.0,8.0,17.62,50.0,24.1,2022-10-29,romme,nathalie blom,1.0,2140.0,8.0,92.94,110.0,24.0,26,1,0,1,0,0,5.477225575051661,772.1344425735364,7754.367427987846,7754.367427987846,11501.58559756547,7.0,7.0,11.0,10.0,14.0,0.0343470211730809,45.0,0.6666666666666666,False,False,False,True,True,True,0.0210718268838347,0.0171081583007016,0.00025512316,0.0014339561,0.0254393424744182,0.0208910398853672,0.0009033022,0.0020041056,1.887351112143342e-05,False
2022-12-17,romme,2,2,faks nils,14,v,jan ove olsen,2140.0,1,2160.0,220000.0,1.0,0.0,81.49,9.73,15,2022-12-10,romme,hanna forslin,3.0,1640.0,9.0,23.9,30.0,24.2,2022-11-23,bergsåker,jan ove olsen,4.0,1640.0,9.0,58.53,60.0,22.3,2022-11-09,solvalla,jan ove olsen,15.0,2140.0,9.0,109.24,100.0,25.2,2022-10-29,romme,jan ove olsen,15.0,2140.0,9.0,118.78,110.0,23.8,2022-10-06,östersund,emil eriksson,15.0,2140.0,9.0,73.81,50.0,25.2,29,1,0,1,0,1,2209.670505430644,1895.3755572212776,10.0,10.488088481701515,7.071067811865476,7.0,17.0,14.0,11.0,23.0,0.021631167583893,45.0,0.6666666666666666,False,False,False,False,True,True,0.0198697517245615,0.0165257749587539,7.872962e-05,0.0014570791,0.0227066939296337,0.0206057395461815,0.00045296893,0.0010621743,9.59611568066484e-06,False
2022-12-17,romme,3,1,titania hills,3,s,stefan persson,2140.0,0,2140.0,175000.0,1.0,3.0,20.4,3.51,15,2022-12-06,axevalla,peter zadel,15.0,1640.0,2.0,3.16,25.0,16.3,2022-09-23,solvalla,björn goop,15.0,2140.0,2.0,34.88,100.0,13.5,2022-09-09,solvalla,björn goop,3.0,2140.0,2.0,22.37,150.0,14.0,2022-08-24,solvalla,björn goop,3.0,2140.0,2.0,51.29,100.0,13.8,2022-08-09,solvalla,björn goop,3.0,2140.0,2.0,10.15,60.0,14.2,18,1,1,1,1,1,5.0,10.0,4940.973458019238,4034.287934927351,3124.9459971558285,11.0,74.0,14.0,16.0,15.0,0.0555847254517464,42.0,0.5454545454545454,False,False,False,False,False,False,0.0317470804000914,0.0229982843634055,0.038098935,0.039842367,0.0336197406331125,0.0272594529270433,0.042103324,0.049908374,0.0012086891517885,False
2022-12-17,romme,3,10,simb trishia,3,s,oskar j andersson,2140.0,0,2140.0,175000.0,10.0,2.0,22.66,4.24,6,2022-11-29,gävle,oskar j andersson,15.0,2160.0,1.0,3.43,40.0,21.8,2022-11-18,örebro,oskar j andersson,2.0,2100.0,1.0,4.99,25.0,14.1,2022-11-08,rättvik,oskar j andersson,2.0,2140.0,1.0,2.15,40.0,15.8,2022-11-01,gävle,oskar j andersson,2.0,2140.0,1.0,4.19,40.0,15.8,2022-10-04,eskilstuna,oskar j andersson,2.0,2140.0,1.0,2.98,40.0,16.5,19,0,1,1,1,0,6.324555320336759,3325.708165221809,4206.725054048198,4206.725054048198,4206.725054048198,18.0,11.0,10.0,7.0,28.0,0.0620604424061235,43.0,0.6363636363636364,False,False,False,True,True,True,0.029546418431532,0.0226229322964198,0.024420625,0.026904074,0.0350261849932951,0.0300314779148378,0.020302486,0.022814304,0.0006801248357967,False
2022-12-17,romme,3,5,carbonfiber,3,s,per lennartsson,2140.0,0,2140.0,175000.0,5.0,19.0,4.21,1.7,3,2022-11-23,solvalla,per lennartsson,2.0,2140.0,4.0,12.75,100.0,13.4,2022-11-09,solvalla,magnus a djuse,20.0,2140.0,4.0,10.92,60.0,30.0,2022-10-30,solvalla,björn goop,15.0,2140.0,4.0,84.85,200.0,14.3,2022-09-24,solvalla,örjan kihlström,15.0,2140.0,4.0,43.56,1400.0,12.4,2022-09-09,solvalla,magnus a djuse,15.0,2140.0,4.0,22.3,150.0,13.8,4,1,1,1,1,1,6651.416330443618,0.6358276652876376,14.142135623730953,37.416573867739416,12.24744871391589,24.0,14.0,10.0,36.0,15.0,0.1358543267290307,26.0,0.1818181818181818,False,False,False,True,False,False,0.1278960099816372,0.1396817395869651,0.0016829377,0.0021566194,0.0900607791765304,0.0918362396430058,0.0071194363,0.006165368,0.0003916951102049,False
2022-12-17,romme,3,7,coquina beach,3,s,carl-erik lindblom,2140.0,0,2140.0,175000.0,7.0,0.0,58.82,8.54,15,2022-11-30,solvalla,carl-erik lindblom,15.0,2140.0,3.0,6.49,40.0,14.4,2022-11-18,örebro,carl-erik lindblom,3.0,2100.0,3.0,47.55,25.0,15.6,2022-11-04,solvalla,carl-erik lindblom,8.0,2140.0,3.0,85.84,60.0,15.7,2022-10-29,romme,carl-erik lindblom,8.0,2140.0,3.0,44.48,30.0,16.1,2022-10-13,örebro,carl-erik lindblom,8.0,2100.0,3.0,36.77,25.0,15.6,27,1,1,1,1,1,6.324555320336759,2017.143967463676,256.51118787629423,181.38080039754416,165.57725979346156,17.0,12.0,14.0,6.0,16.0,0.0409723933721233,45.0,0.8181818181818182,False,False,False,True,True,True,0.0196514937916123,0.0168973604002429,0.009980709,0.012893081,0.0264884464671047,0.0219889941743672,0.013477802,0.01120916,0.0002476262249883,False
2022-12-17,romme,3,6,caradja,3,s,örjan kihlström,2140.0,0,2140.0,175000.0,6.0,10.0,9.81,2.62,4,2022-10-30,solvalla,örjan kihlström,15.0,2140.0,6.0,123.87,200.0,14.2,2022-10-11,bollnäs,oskar j andersson,15.0,2140.0,6.0,79.13,110.0,14.1,2022-09-30,bollnäs,ulf ohlsson,15.0,2140.0,6.0,5.95,100.0,30.0,2022-09-09,solvalla,per lennartsson,15.0,2140.0,6.0,31.28,150.0,13.6,2022-08-20,örebro,ulf ohlsson,15.0,1609.0,6.0,73.05,1000.0,12.3,11,1,1,1,1,1,14.142135623730953,10.488088481701515,10.0,12.24744871391589,31.6227766016838,48.0,19.0,11.0,21.0,20.0,0.1099586025595691,35.0,0.2727272727272727,False,False,False,True,False,False,0.071486345536118,0.0718054054606521,0.0019762905,0.0024964584,0.0495290330298166,0.0435202015195144,0.006495968,0.0053256517,0.0002084638149394,False
2022-12-17,romme,3,2,violin artist,3,s,anna sedström,2140.0,0,2140.0,175000.0,2.0,1.0,44.97,6.16,8,2022-11-24,åby,petter karlsson,4.0,1640.0,4.0,7.78,50.0,14.2,2022-11-04,solvalla,magnus jakobsson,5.0,2140.0,4.0,34.67,60.0,15.2,2022-10-13,örebro,anna sedström,2.0,1609.0,4.0,31.76,40.0,13.7,2022-09-30,solvalla,anna sedström,2.0,2140.0,4.0,72.77,60.0,15.5,2022-08-22,färjestad,anna sedström,2.0,2140.0,4.0,85.03,40.0,15.4,25,1,1,1,1,1,1730.233246056696,1149.6033871246218,4206.725054048198,5152.164935300037,4206.725054048198,23.0,20.0,22.0,13.0,39.0,0.0421868135400705,44.0,0.7272727272727273,False,False,False,False,False,True,0.0244455307908611,0.0184263395006652,0.0010495976,0.005333546,0.030708013712223,0.0278283387723342,0.003981073,0.005170048,8.160707122652359e-05,False
2022-12-17,romme,3,8,aries,3,s,marcus lilius,2140.0,0,2140.0,175000.0,8.0,3.0,20.48,5.04,7,2022-10-30,solvalla,kim eriksson,15.0,2140.0,9.0,157.64,200.0,14.9,2022-10-11,bollnäs,kim eriksson,15.0,2140.0,9.0,26.63,30.0,14.9,2022-09-09,solvalla,kim eriksson,15.0,2140.0,9.0,32.54,150.0,17.9,2022-06-16,bergsåker,kim eriksson,15.0,2140.0,9.0,6.34,100.0,30.0,2022-05-04,solvalla,kim eriksson,15.0,2140.0,9.0,27.59,300.0,15.0,18,1,1,1,1,1,14.142135623730953,5.477225575051661,12.24744871391589,10.0,17.320508075688775,48.0,19.0,32.0,85.0,43.0,0.1750193771453268,42.0,0.5454545454545454,False,False,False,False,False,False,0.0298152850702599,0.0252585182131444,0.0015682366,0.002776112,0.0329857776600924,0.0243519660630177,0.003852138,0.004323922,8.138305070975848e-05,False
2022-12-17,romme,3,4,crazy life,3,s,claes sjöström,2140.0,0,2140.0,175000.0,4.0,1.0,50.2,8.54,2,2022-11-09,solvalla,per lennartsson,6.0,2140.0,6.0,93.9,100.0,14.3,2022-10-21,solvalla,stefan melander,8.0,2140.0,6.0,47.62,60.0,15.5,2022-10-08,åby,örjan kihlström,5.0,2140.0,6.0,6.67,60.0,13.8,2022-09-23,solvalla,claes sjöström,5.0,2140.0,6.0,108.77,100.0,13.4,2022-09-09,solvalla,per lennartsson,5.0,2140.0,6.0,45.68,150.0,14.4,26,1,1,1,1,1,900.1713130052182,256.51118787629423,1149.6033871246218,1484.131591025766,1817.6825545790464,38.0,19.0,13.0,15.0,14.0,0.0601388010815483,44.0,0.7272727272727273,False,False,False,False,False,False,0.0251978598854548,0.02175669138065,0.0016877467,0.0020385552,0.0283977306895276,0.0253788647926672,0.0049967836,0.0046218033,7.485331211668643e-05,False
2022-12-17,romme,4,15,digital class,7,s,ulf ohlsson,2140.0,1,2180.0,110000.0,2.0,10.0,9.69,3.49,7,2022-11-26,solvalla,ulf ohlsson,15.0,2140.0,8.0,40.07,300.0,12.9,2022-11-12,eskilstuna,ulf ohlsson,7.0,2640.0,8.0,10.29,110.0,13.8,2022-11-02,solvalla,ulf ohlsson,7.0,2640.0,8.0,8.23,100.0,12.8,2022-10-08,åby,ulf ohlsson,7.0,2140.0,8.0,12.88,500.0,11.7,2022-09-24,solvalla,björn goop,7.0,2140.0,8.0,19.48,220.0,12.2,10,1,1,1,1,1,17.320508075688775,572.6302284848314,545.9815003314424,1220.8517491984292,809.8214353480527,21.0,14.0,10.0,25.0,14.0,0.1170776437215143,11.0,0.2142857142857142,False,False,False,True,True,True,0.1369880924049212,0.1591224209425442,0.06400147,0.043763828,0.1082515642223012,0.0758599097127716,0.008042598,0.006027697,0.0022203857696328,False
2022-12-17,romme,4,6,icecream in,5,s,örjan kihlström,2140.0,1,2140.0,110000.0,6.0,21.0,3.93,2.08,3,2022-11-18,åbo,hannu torvinen,1.0,2100.0,,1.9,,14.8,2022-11-06,forssa,hannu torvinen,1.0,2140.0,,2.0,,15.2,2022-08-11,åby,carl johan jepson,3.0,1640.0,,46.88,40.0,11.4,2022-07-24,axevalla,carl johan jepson,3.0,2140.0,,57.95,110.0,15.3,2022-06-19,vaggeryd,carl johan jepson,3.0,1646.0,,2.62,40.0,30.0,3,1,1,1,0,1,,,2551.5077222615173,4231.196882217894,2551.5077222615173,29.0,12.0,87.0,18.0,35.0,0.0696756300167582,0.0,0.0714285714285714,False,False,False,False,False,False,0.2840971274653369,0.2139477741091305,0.00083859684,0.0018058203,0.1784470095998564,0.1628442986134718,0.008292802,0.004513191,0.0005624932272908,False
2022-12-17,romme,4,2,zally gel,4,s,kajsa frick,2140.0,1,2140.0,110000.0,2.0,4.0,12.0,3.18,15,2022-11-22,bollnäs,kajsa frick,2.0,2140.0,3.0,12.43,30.0,15.7,2022-11-04,bollnäs,kajsa frick,1.0,1640.0,3.0,3.0,10.0,14.9,2022-10-21,romme,kajsa frick,5.0,2160.0,3.0,58.45,100.0,14.6,2022-08-31,solvalla,kajsa frick,5.0,2140.0,3.0,27.97,125.0,15.6,2022-08-15,romme,kajsa frick,5.0,2160.0,3.0,10.24,50.0,14.6,13,0,1,0,0,0,3643.130763542206,3467.858538298206,1484.131591025766,1659.309562544265,1049.439512187499,25.0,18.0,14.0,51.0,16.0,0.05822940334172,17.0,0.5,False,False,False,True,True,True,0.0366054886666015,0.0362267958168521,0.0011441148,0.0016946258,0.0421008097715449,0.04142671189142,0.0033571192,0.0033097505,8.401621574827568e-05,False
2022-12-17,romme,4,5,diva ravina,5,s,petter karlsson,2140.0,1,2140.0,110000.0,5.0,8.0,13.84,4.25,15,2022-12-05,färjestad,petter karlsson,1.0,2140.0,2.0,5.18,30.0,14.3,2022-11-05,bjerke,petter karlsson,15.0,2600.0,2.0,20.99,,17.2,2022-10-18,axevalla,petter karlsson,1.0,1640.0,2.0,2.84,30.0,12.6,2022-10-08,åby,petter karlsson,1.0,2140.0,2.0,14.88,110.0,30.0,2022-09-30,axevalla,petter karlsson,1.0,2160.0,2.0,8.11,50.0,15.3,14,1,1,1,0,0,6006.507181794034,,6006.507181794034,11501.58559756547,7754.367427987846,12.0,30.0,18.0,10.0,8.0,0.0548145069856312,13.0,0.2857142857142857,False,False,False,True,True,True,0.0940851021372767,0.0914399537958341,0.00044284298,0.0015348888,0.0783456166069034,0.0696910511930907,0.0007209995,0.0011438102,7.16334792419122e-05,False
2022-12-17,romme,4,10,ies juvel,7,s,fredrik wallin,2140.0,1,2160.0,110000.0,3.0,1.0,42.13,7.92,15,2022-11-23,bergsåker,emilia leo,15.0,2160.0,3.0,16.71,150.0,14.0,2022-11-10,gävle,magnus a djuse,3.0,2160.0,3.0,7.47,35.0,12.9,2022-10-20,gävle,örjan kihlström,4.0,2140.0,3.0,18.69,75.0,13.2,2022-10-03,gävle,mats e djuse,4.0,2640.0,3.0,14.09,60.0,13.9,2022-09-10,hagmyren,emilia leo,4.0,2160.0,3.0,12.49,110.0,13.3,24,0,0,1,1,0,12.24744871391589,2386.7169291026403,2119.09429441916,1895.3755572212776,2566.350636345657,24.0,13.0,21.0,17.0,23.0,0.0587036945022878,20.0,0.6428571428571429,False,False,False,False,False,False,0.0319973695647731,0.0260533810918805,0.0006282913,0.0015400677,0.0342244196216044,0.0299144996404712,0.0024784978,0.00241646,4.715918645602611e-05,False
2022-12-17,romme,4,7,indine keeper,6,s,marcus lilius,2140.0,1,2140.0,110000.0,7.0,0.0,121.72,18.44,8,2022-11-22,bollnäs,linus lönn,4.0,2140.0,4.0,62.21,30.0,15.9,2022-11-04,bollnäs,linus lönn,4.0,1640.0,4.0,7.82,10.0,15.2,2022-10-24,hagmyren,mats e djuse,3.0,2140.0,4.0,6.41,20.0,14.2,2022-10-15,solänget,marcus lilius,3.0,2140.0,4.0,39.41,110.0,30.0,2022-10-06,östersund,marcus lilius,3.0,2140.0,4.0,31.26,30.0,15.0,29,0,1,1,0,0,1340.2329094063966,773.7838310225784,1804.188412660961,4231.196882217894,2209.670505430644,25.0,18.0,11.0,9.0,9.0,0.0328751530153625,21.0,0.7142857142857143,False,False,False,False,False,False,0.0233413863829403,0.0188185474497647,0.00061350875,0.0015824015,0.0286744201370259,0.0253321224999613,0.0018777498,0.002576718,3.498889758717186e-05,False
2022-12-17,romme,4,13,tullibardine boe,6,s,richard l jansson,2140.0,1,2160.0,110000.0,6.0,5.0,17.2,4.72,5,2022-12-03,örebro,richard l jansson,1.0,2680.0,3.0,3.0,35.0,15.9,2022-10-12,solvalla,örjan kihlström,7.0,1660.0,3.0,7.7,60.0,13.1,2022-09-25,rättvik,richard l jansson,3.0,2140.0,3.0,13.78,35.0,14.1,2022-07-13,solvalla,richard l jansson,3.0,2160.0,3.0,11.56,110.0,13.7,2022-07-02,eskilstuna,richard l jansson,3.0,2160.0,3.0,6.77,220.0,13.0,16,0,0,1,0,0,6487.769258055282,422.9154516242031,2386.7169291026403,4231.196882217894,5983.816015903301,14.0,52.0,17.0,74.0,11.0,0.0833081130890809,16.0,0.4285714285714285,False,False,False,True,False,True,0.0563797422253515,0.0542541574074104,6.25851e-05,0.0016045375,0.0569202078569263,0.0544083755210792,0.00077685097,0.0013195442,3.142445140832698e-05,False
2022-12-17,romme,4,11,be the one,6,s,henna halme,2140.0,1,2160.0,110000.0,4.0,1.0,42.38,9.54,15,2022-12-10,tammerfors,ari moilanen,5.0,3140.0,,,,17.4,2022-12-01,lahti,henna halme,3.0,2140.0,,14.9,,14.7,2022-10-22,pori,henna halme,6.0,2609.0,,3.1,,14.9,2022-10-12,vermo,henna halme,6.0,2120.0,,2.6,,14.3,2022-10-05,vermo,henna halme,6.0,2120.0,,13.7,,13.7,24,0,1,1,1,1,,,,,,7.0,9.0,40.0,10.0,7.0,0.0531251270422751,20.0,0.6428571428571429,False,False,False,False,True,True,0.0430686420740527,0.0267064714320006,0.00010886057,0.001490979,0.0454550150352655,0.0402727023196558,0.00097469735,0.0014456827,2.6342912793039954e-05,False
2022-12-17,romme,5,11,daniel frontline,4,v,tobias modig,2140.0,0,2140.0,110000.0,11.0,0.0,71.05,7.75,3,2022-12-09,örebro,jennifer österdahl,3.0,2100.0,10.0,9.14,40.0,14.4,2022-12-03,örebro,tobias modig,3.0,2100.0,10.0,11.22,25.0,16.1,2022-11-18,örebro,tobias modig,3.0,2100.0,10.0,16.05,25.0,14.1,2022-11-07,mantorp,tobias modig,3.0,2140.0,10.0,30.28,25.0,15.5,2022-10-15,eskilstuna,tobias modig,3.0,2140.0,10.0,8.42,10.0,16.3,28,1,1,1,1,1,2551.5077222615173,2017.143967463676,2017.143967463676,2017.143967463676,1275.7538611307589,8.0,6.0,15.0,11.0,23.0,0.0587137741129736,42.0,0.7272727272727273,False,False,False,False,True,True,0.0263669680424588,0.0204776847587746,0.073546596,0.039598044,0.029184081110732,0.0233546290932413,0.06113336,0.044633135,0.0013076996309301,False
2022-12-17,romme,5,9,celine,4,s,jonas bergdahl,2140.0,0,2140.0,110000.0,9.0,0.0,78.37,10.68,7,2022-12-09,solvalla,jonas bergdahl,4.0,2140.0,8.0,22.58,40.0,15.6,2022-11-20,solvalla,jonas bergdahl,1.0,2160.0,8.0,2.55,10.0,16.1,2022-11-11,bollnäs,jonas bergdahl,2.0,2140.0,8.0,2.18,10.0,16.0,2022-10-31,rättvik,jonas bergdahl,2.0,2140.0,8.0,19.14,22.0,15.4,2022-10-21,solvalla,jonas bergdahl,2.0,2140.0,8.0,47.83,40.0,15.8,29,1,0,1,1,1,1547.5676620451568,3467.858538298206,2103.362527024099,3119.790798145967,4206.725054048198,8.0,19.0,9.0,11.0,10.0,0.059714406091065,42.0,0.7272727272727273,False,False,False,True,True,True,0.0260859843300701,0.0214437999546191,0.042827882,0.024511108,0.0301290053317304,0.0233645445437799,0.052801404,0.044441596,0.0009924164105425,False
2022-12-17,romme,5,1,edforever,4,v,martin malmqvist,2140.0,0,2140.0,110000.0,1.0,2.0,36.38,4.59,2,2022-11-21,mantorp,magnus a djuse,3.0,1640.0,1.0,5.59,30.0,13.3,2022-11-05,visby,martin malmqvist,2.0,2120.0,1.0,3.96,25.0,15.1,2022-10-25,visby,martin malmqvist,4.0,2120.0,1.0,2.74,25.0,15.7,2022-09-29,visby,martin malmqvist,4.0,2120.0,1.0,2.77,25.0,14.5,2022-09-13,visby,martin malmqvist,4.0,2120.0,1.0,9.5,30.0,15.7,23,1,1,0,1,0,2209.670505430644,3325.708165221809,1223.459661321102,1223.459661321102,1340.2329094063966,26.0,16.0,11.0,26.0,16.0,0.0816831683168316,40.0,0.5454545454545454,False,False,False,False,True,True,0.0341155488482752,0.0251191627230333,0.010336281,0.01603625,0.0377358223577862,0.0338181928376048,0.010542936,0.015220257,0.0004129791257052,False
2022-12-17,romme,5,3,b.b.s.avicii,4,v,jenny a björk,2140.0,0,2140.0,110000.0,3.0,7.0,13.11,2.7,5,2022-12-09,solvalla,jenny a björk,2.0,2140.0,1.0,13.36,40.0,14.2,2022-11-14,romme,jenny a björk,15.0,2140.0,1.0,21.21,30.0,17.1,2022-10-31,rättvik,jenny a björk,1.0,2140.0,1.0,3.04,22.0,17.1,2022-10-22,rättvik,jenny a björk,1.0,2140.0,1.0,46.92,35.0,15.3,2022-10-01,romme,jenny a björk,1.0,2140.0,1.0,3.59,10.0,15.4,13,1,1,1,1,1,4206.725054048198,5.477225575051661,5143.665449037786,6487.769258055282,3467.858538298206,8.0,25.0,14.0,9.0,21.0,0.0607225616178639,35.0,0.3636363636363636,False,False,False,True,True,True,0.0442189842053085,0.0496481645641887,0.003343323,0.014356403,0.0447457047828575,0.0426339561998448,0.003912725,0.005817292,0.0002600822855508,False
2022-12-17,romme,5,10,ajlexes abraxas,4,v,tomas pettersson,2140.0,0,2140.0,110000.0,10.0,2.0,25.36,4.52,8,2022-11-30,solvalla,tomas pettersson,5.0,2140.0,5.0,6.64,40.0,14.7,2022-11-18,romme,tomas pettersson,2.0,2140.0,5.0,7.68,30.0,14.9,2022-10-26,solvalla,claes sjöström,2.0,2140.0,5.0,34.34,60.0,14.1,2022-10-14,romme,jenny a björk,2.0,1640.0,5.0,19.39,30.0,13.7,2022-10-03,gävle,jenny a björk,2.0,2140.0,5.0,51.86,40.0,15.8,20,1,1,1,1,1,938.6472350101868,3643.130763542206,5152.164935300037,3643.130763542206,4206.725054048198,17.0,12.0,23.0,12.0,11.0,0.0755364290228415,40.0,0.5454545454545454,False,False,False,True,True,False,0.0278693582839611,0.0219009393608618,0.008935379,0.015596965,0.0319827756128607,0.0264595308139465,0.005387278,0.0077950535,0.0002344808546552,False
2022-12-17,romme,5,7,coffey,4,v,claes sjöström,2140.0,0,2140.0,110000.0,7.0,2.0,18.4,4.29,20,2022-11-30,solvalla,magnus a djuse,15.0,2140.0,10.0,8.78,40.0,16.1,2022-11-12,eskilstuna,magnus a djuse,6.0,1640.0,10.0,4.98,110.0,13.1,2022-10-29,romme,claes sjöström,7.0,2140.0,10.0,16.43,110.0,13.2,2022-10-21,romme,claes sjöström,7.0,2140.0,10.0,34.75,100.0,14.6,2022-10-06,romme,jorma kontio,7.0,2140.0,10.0,3.46,30.0,15.4,17,1,1,1,0,1,6.324555320336759,944.107637948816,572.6302284848314,545.9815003314424,299.0463837120453,17.0,18.0,14.0,8.0,15.0,0.1488157934334467,40.0,0.5454545454545454,False,False,False,False,False,True,0.0386868153686254,0.0259061058990273,0.0011761294,0.0016334048,0.0357515253318492,0.0296484041370752,0.005418832,0.0039268746,8.117843363131186e-05,False
2022-12-17,romme,5,5,interwall,3,v,viktor lyck,2140.0,0,2140.0,110000.0,5.0,4.0,16.47,3.69,4,2022-12-02,solvalla,viktor lyck,6.0,2140.0,1.0,5.76,60.0,15.7,2022-10-21,romme,viktor lyck,15.0,2140.0,1.0,20.21,100.0,14.3,2022-10-07,rättvik,niclas hammarström,1.0,1640.0,1.0,3.11,30.0,14.0,2022-09-09,solvalla,viktor lyck,1.0,2640.0,1.0,186.46,150.0,13.8,2022-08-26,romme,viktor lyck,1.0,2140.0,1.0,22.34,100.0,13.9,15,1,1,1,1,1,697.2697008005748,10.0,6006.507181794034,13430.958365832146,10966.331584284586,15.0,42.0,14.0,28.0,14.0,0.1048406512383761,38.0,0.4545454545454545,False,False,False,True,True,False,0.0439477485958374,0.0400299820287166,0.00046766785,0.0026940783,0.0466973308973441,0.0385335349331271,0.0025410096,0.0023563628,6.990564989368816e-05,False
2022-12-17,romme,5,12,paoloni stux,5,v,mats e djuse,2140.0,0,2140.0,110000.0,12.0,1.0,42.53,6.74,15,2022-11-30,solvalla,richard l jansson,6.0,2140.0,11.0,16.23,40.0,14.3,2022-10-07,solvalla,jennifer persson,2.0,1640.0,11.0,6.74,40.0,14.9,2022-09-02,solvalla,jennifer persson,4.0,2140.0,11.0,7.58,40.0,16.9,2022-08-16,bergsåker,linnéa edler pålsson,4.0,2140.0,11.0,,15.0,30.0,2022-07-27,lindesberg,johan carlfjord,4.0,1640.0,11.0,2.38,20.0,15.0,24,1,1,1,1,1,569.3183266881678,4206.725054048198,1547.5676620451568,947.6877786106388,1094.2955881771416,17.0,54.0,35.0,17.0,20.0,0.086806704986608,41.0,0.6363636363636364,False,False,False,False,False,False,0.033958410077366,0.0245137195727354,0.00041014142,0.003697289,0.0335936756969009,0.0257698509538084,0.0023913204,0.0040476103,5.702888381382592e-05,False
2022-12-17,romme,6,12,special major,8,h,mika forss,1640.0,0,1640.0,125000.0,12.0,1.0,42.17,8.54,3,2022-12-10,åby,dwight pieters,7.0,2640.0,4.0,11.25,125.0,14.8,2022-11-26,solvalla,mika forss,5.0,2140.0,4.0,26.77,250.0,13.3,2022-11-12,eskilstuna,dwight pieters,1.0,2140.0,4.0,22.89,125.0,13.5,2022-10-29,romme,dwight pieters,1.0,2640.0,4.0,58.68,125.0,14.1,2022-10-17,bergsåker,veikko haapakangas,1.0,2140.0,4.0,5.28,30.0,14.9,24,1,1,0,1,1,610.4258745992146,2346.6180875254668,12260.73144313165,12260.73144313165,6006.507181794034,7.0,14.0,14.0,14.0,12.0,0.0506162231376414,27.0,0.75,False,False,False,False,True,False,0.0316755977093286,0.0266637510315284,0.045505773,0.035120886,0.0351510261911391,0.0307892575649428,0.054566316,0.054164372,0.001441495862203,False
2022-12-17,romme,6,8,jaques noir,9,v,rikard n skoglund,1640.0,0,1640.0,125000.0,8.0,1.0,32.27,8.41,20,2022-12-07,solvalla,rikard n skoglund,3.0,1640.0,5.0,15.72,60.0,13.7,2022-11-11,solvalla,ulf ohlsson,15.0,2140.0,5.0,62.23,40.0,13.7,2022-08-18,gävle,andreas lövdal,6.0,2140.0,5.0,4.46,25.0,14.0,2022-08-09,solvalla,claes sjöström,6.0,1640.0,5.0,29.06,40.0,11.3,2022-07-31,solvalla,jennifer persson,6.0,2140.0,5.0,8.78,10.0,13.6,22,1,1,1,1,1,3124.9459971558285,6.324555320336759,450.0856565026091,569.3183266881678,284.6591633440839,10.0,26.0,85.0,9.0,9.0,0.0626921748506827,27.0,0.75,False,False,False,True,False,False,0.0311071642577988,0.0269508484336405,0.036882617,0.037051458,0.0300033052468682,0.0242272785534344,0.021036968,0.021559276,0.0007839488580195,False
2022-12-17,romme,6,6,anchor man,7,v,troels andersen,1640.0,0,1640.0,125000.0,6.0,6.0,16.15,4.13,7,2022-12-03,bergsåker,troels andersen,8.0,1640.0,10.0,16.12,125.0,12.3,2022-09-25,vincennes,mathieu mottier,7.0,2100.0,10.0,24.0,,12.6,2022-09-14,frankrike,mathieu mottier,6.0,2550.0,10.0,5.9,,14.7,2022-08-28,frankrike,mathieu mottier,6.0,2800.0,10.0,,,30.0,2022-08-20,vincennes,mathieu mottier,6.0,2100.0,10.0,15.1,,12.1,15,1,1,0,0,1,370.24200842632285,,,,,14.0,69.0,11.0,17.0,8.0,0.0768657282215876,22.0,0.5833333333333334,False,False,False,True,False,False,0.0404682297078101,0.0418846859188218,0.0031876233,0.016762227,0.0442329123958883,0.0481544206093767,0.0044082333,0.005374831,0.0002600128546394,False
2022-12-17,romme,6,3,global bookmaker,5,v,mats e djuse,1640.0,0,1640.0,125000.0,3.0,7.0,10.97,3.05,4,2022-12-03,bergsåker,magnus a djuse,7.0,1640.0,8.0,16.35,125.0,12.1,2022-11-12,eskilstuna,magnus a djuse,8.0,2140.0,8.0,20.85,125.0,14.0,2022-10-29,romme,mattias djuse,6.0,2640.0,8.0,40.18,125.0,13.9,2022-10-15,solänget,daniel wäjersten,6.0,2140.0,8.0,10.18,125.0,14.2,2022-09-24,solvalla,magnus a djuse,6.0,2140.0,8.0,29.76,250.0,12.0,12,1,0,1,1,1,610.4258745992146,370.24200842632285,1006.422123637454,1006.422123637454,1423.2958167204197,14.0,21.0,14.0,14.0,21.0,0.1066322963262486,21.0,0.5,False,False,False,False,False,False,0.0441746657604139,0.0576848969621572,0.00101381,0.0021413616,0.0451004370631924,0.0399524529248873,0.004510409,0.0043188236,0.0001180448106477,False
2022-12-17,romme,6,9,mellby don juan,10,v,ulf ohlsson,1640.0,0,1640.0,125000.0,9.0,1.0,41.45,7.49,6,2022-12-03,bergsåker,ulf ohlsson,4.0,1640.0,9.0,63.73,125.0,11.8,2022-11-12,eskilstuna,ulf ohlsson,7.0,2140.0,9.0,32.28,125.0,13.9,2022-10-21,umåker,per linderoth,1.0,2160.0,9.0,38.25,100.0,13.8,2022-10-07,umåker,per linderoth,1.0,2140.0,9.0,4.99,25.0,15.4,2022-09-22,gävle,ulf ohlsson,1.0,2660.0,9.0,47.81,25.0,14.7,24,1,0,0,1,0,2735.738970442854,610.4258745992146,10966.331584284586,5483.165792142293,5483.165792142293,14.0,21.0,22.0,14.0,15.0,0.0625995097172028,27.0,0.75,False,False,False,True,True,False,0.0288839787015487,0.0250621765951964,0.0008916257,0.001618374,0.0286790541863231,0.0240214410833423,0.0022713006,0.0024849938,4.489265321817315e-05,False
2022-12-17,romme,6,7,issiah,8,v,joakim sternsjö,1640.0,0,1640.0,125000.0,7.0,0.0,104.89,14.39,15,2022-11-29,gävle,joakim sternsjö,4.0,1640.0,4.0,20.01,25.0,12.1,2022-10-27,örebro,joakim sternsjö,2.0,2100.0,4.0,3.06,10.0,14.3,2022-10-15,eskilstuna,joakim sternsjö,2.0,2140.0,4.0,8.17,10.0,14.2,2022-10-04,eskilstuna,joakim sternsjö,2.0,2140.0,4.0,91.08,25.0,14.0,2022-09-26,färjestad,joakim sternsjö,2.0,1640.0,4.0,110.63,50.0,12.4,29,1,1,1,1,1,1223.459661321102,2103.362527024099,2103.362527024099,3325.708165221809,4703.261591751624,18.0,33.0,12.0,11.0,8.0,0.0369396918463106,28.0,0.8333333333333334,False,False,False,True,True,True,0.0254515077723127,0.0215496466865196,3.417043e-05,0.0014669801,0.0296020772563384,0.0224526681745142,0.00038918108,0.00069318054,8.379230471683076e-06,False
2022-12-17,romme,7,7,pappajonnys ilse,6,s,alexander ljungman,2140.0,0,2140.0,110000.0,7.0,0.0,79.05,13.11,15,2022-12-09,örebro,alexander ljungman,15.0,2100.0,1.0,10.68,30.0,15.9,2022-10-07,rättvik,ulf ohlsson,1.0,2680.0,1.0,3.27,35.0,15.0,2022-09-25,rättvik,ulf ohlsson,5.0,2140.0,1.0,24.63,35.0,14.4,2022-09-15,örebro,andreas lövdal,5.0,2609.0,1.0,27.84,25.0,15.7,2022-09-07,solvalla,mats e djuse,5.0,2140.0,1.0,27.71,60.0,12.9,29,1,0,1,1,1,5.477225575051661,6487.769258055282,878.0240901127003,742.065795512883,1149.6033871246218,8.0,63.0,12.0,10.0,8.0,0.0556619267655493,60.0,0.6666666666666666,False,False,False,True,False,False,0.0270948824221643,0.0211745003597001,0.052244324,0.04172537,0.0298089497804745,0.0215836767625386,0.08819112,0.06679013,0.0014754933696606,False
2022-12-17,romme,7,12,ara,7,v,erik adielsson,2140.0,0,2140.0,110000.0,12.0,1.0,60.75,9.39,7,2022-11-11,solvalla,erik adielsson,5.0,2140.0,11.0,6.02,40.0,13.2,2022-10-28,solvalla,erik adielsson,1.0,2140.0,11.0,21.67,40.0,12.7,2022-10-01,romme,william ekberg,2.0,2140.0,11.0,3.51,10.0,14.9,2022-07-02,eskilstuna,per lennartsson,2.0,2140.0,11.0,76.97,220.0,14.8,2022-06-04,mantorp,jörgen westholm,2.0,1640.0,11.0,127.52,110.0,10.9,27,1,1,1,1,1,938.6472350101868,6935.717076596412,2103.362527024099,9865.64474537587,6976.064300232707,36.0,14.0,27.0,91.0,28.0,0.0573128079446529,59.0,0.5833333333333334,False,False,False,True,True,False,0.0334739047433969,0.0214189241321813,0.025229465,0.030831743,0.0319298995731755,0.0255038634158914,0.01891098,0.015461426,0.00060366266341,False
2022-12-17,romme,7,2,piccadilly,5,v,jorma kontio,2140.0,0,2140.0,110000.0,2.0,5.0,12.98,2.97,5,2022-12-07,vermo,hannu torvinen,3.0,2120.0,,2.7,,14.8,2022-11-26,åbo,hannu torvinen,2.0,2140.0,,6.2,,14.0,2022-11-18,åbo,hannu torvinen,1.0,2100.0,,9.5,,13.1,2022-11-09,vermo,santtu raitala,1.0,2120.0,,5.7,,14.3,2022-10-19,vermo,tuukka varis,1.0,2120.0,,12.5,,14.0,13,1,0,0,1,1,,,,,,10.0,11.0,8.0,9.0,21.0,0.094125756299303,55.0,0.3333333333333333,False,False,False,False,False,False,0.0714121009819409,0.0617448948714816,0.0013949622,0.002188287,0.0651886355502575,0.0574909982221326,0.005560498,0.0049745315,0.0001932721608164,False
2022-12-17,romme,7,3,reven dejavu,6,v,jörgen westholm,2140.0,0,2140.0,110000.0,3.0,7.0,16.88,3.4,8,2022-11-09,solvalla,mats e djuse,2.0,1640.0,4.0,8.02,60.0,11.1,2022-11-01,gävle,mats e djuse,2.0,1640.0,4.0,6.47,40.0,10.9,2022-10-21,romme,oskar j andersson,4.0,2180.0,4.0,17.75,100.0,13.7,2022-08-06,rättvik,jörgen westholm,4.0,2140.0,4.0,7.04,110.0,14.4,2022-07-16,årjäng,mats e djuse,4.0,1640.0,4.0,46.77,110.0,12.0,16,1,1,0,0,1,5152.164935300037,4206.725054048198,2446.919322642204,2566.350636345657,2566.350636345657,38.0,8.0,11.0,76.0,21.0,0.0887391182252176,53.0,0.25,False,False,False,False,False,False,0.0943976378895766,0.0854462573261298,0.0010327293,0.0016573218,0.0640421258341444,0.0565120059961006,0.00568433,0.004594664,0.0001900626403621,False
2022-12-17,romme,7,1,turenne,7,v,troels andersen,2140.0,0,2140.0,110000.0,1.0,7.0,11.53,2.31,6,2022-12-03,bergsåker,troels andersen,3.0,2140.0,6.0,7.86,110.0,13.9,2022-11-17,bergsåker,troels andersen,5.0,2140.0,6.0,4.16,30.0,14.3,2022-09-24,solvalla,troels andersen,15.0,2140.0,6.0,14.11,220.0,12.9,2022-09-09,bollnäs,troels andersen,15.0,2140.0,6.0,3.76,25.0,14.8,2022-08-06,rättvik,troels andersen,15.0,2640.0,6.0,9.14,110.0,14.3,12,0,1,1,1,1,4231.196882217894,812.8923507108439,14.832396974191326,5.0,10.488088481701515,14.0,16.0,54.0,15.0,34.0,0.0794039808361628,53.0,0.25,False,False,False,True,True,True,0.0860538383998895,0.0751111527664208,0.00075366057,0.0016747015,0.0648804369765915,0.0599031496161399,0.0009427309,0.0011379243,7.636829610519116e-05,False
2022-12-17,romme,7,8,atomic face,4,v,oskar kylin blom,2140.0,0,2140.0,110000.0,8.0,1.0,42.97,7.8,2,2022-11-25,solvalla,claes sjöström,15.0,2140.0,6.0,114.41,400.0,13.2,2022-10-30,solvalla,oskar kylin blom,6.0,2140.0,6.0,21.82,200.0,12.8,2022-09-30,bollnäs,oskar kylin blom,2.0,2140.0,6.0,6.63,100.0,13.4,2022-09-20,solänget,oskar kylin blom,2.0,2140.0,6.0,7.31,110.0,13.0,2022-09-08,gävle,oskar kylin blom,2.0,1640.0,6.0,44.43,150.0,11.4,24,1,1,1,1,1,20.0,1273.034479311176,6651.416330443618,6976.064300232707,8146.288038201084,22.0,26.0,30.0,10.0,12.0,0.1330746385506284,59.0,0.5833333333333334,False,False,False,False,True,True,0.0357487487797188,0.0237276377084976,0.0008041239,0.00197415,0.0345728110796332,0.0272819003525349,0.0033722266,0.003028241,6.001139763703798e-05,False
2022-12-17,romme,7,4,beethoven,6,v,stefan persson,2140.0,0,2140.0,110000.0,4.0,2.0,24.13,4.57,20,2022-12-10,åby,björn goop,20.0,1640.0,7.0,10.66,110.0,30.0,2022-10-05,åby,dwight pieters,3.0,2140.0,7.0,26.64,110.0,13.0,2022-09-12,mantorp,dwight pieters,1.0,1640.0,7.0,5.16,40.0,12.4,2022-08-29,mantorp,dwight pieters,1.0,2140.0,7.0,7.67,25.0,13.6,2022-08-10,mantorp,dwight pieters,1.0,1640.0,7.0,13.82,60.0,12.0,19,1,1,1,1,1,0.8609147285877977,4231.196882217894,6935.717076596412,5483.165792142293,8494.48391898452,7.0,66.0,23.0,14.0,19.0,0.0621931190591679,58.0,0.5,False,False,False,False,False,False,0.0307771883586919,0.0256552236283362,0.0009799541,0.0016140823,0.032325218576968,0.0262130346763223,0.0032563864,0.0031470696,5.7386442560552606e-05,False
2022-12-17,romme,7,10,powerbank,5,v,lars-åke söderholm,2140.0,0,2140.0,110000.0,10.0,1.0,46.33,6.57,20,2022-12-09,solvalla,lars-åke söderholm,2.0,2640.0,3.0,4.42,40.0,14.4,2022-11-28,eskilstuna,lars-åke söderholm,3.0,2140.0,3.0,12.68,25.0,14.0,2022-11-13,eskilstuna,lars-åke söderholm,3.0,2640.0,3.0,20.73,40.0,13.9,2022-10-29,romme,lars-åke söderholm,3.0,1640.0,3.0,7.31,35.0,12.0,2022-10-15,eskilstuna,lars-åke söderholm,3.0,2140.0,3.0,1.61,10.0,13.5,25,1,1,1,1,1,4206.725054048198,2017.143967463676,2551.5077222615173,2386.7169291026403,1275.7538611307589,8.0,11.0,15.0,15.0,14.0,0.0671287432028796,59.0,0.5833333333333334,False,False,False,True,True,True,0.0287190903131698,0.0224067998207195,0.00089007616,0.001656119,0.0338926719622629,0.0285032861731181,0.0029363616,0.0033361076,5.473686091281937e-05,False
2022-12-17,romme,7,9,zeolit,5,v,claes sjöström,2140.0,0,2140.0,110000.0,9.0,8.0,7.71,2.43,3,2022-11-16,solvalla,jari åkerfeldt,1.0,2640.0,7.0,4.46,60.0,13.6,2022-11-09,solvalla,jari åkerfeldt,20.0,1640.0,7.0,8.78,60.0,30.0,2022-10-25,eskilstuna,jari åkerfeldt,2.0,2140.0,7.0,6.57,30.0,15.2,2022-10-08,åby,jennifer persson,2.0,2140.0,7.0,25.98,250.0,30.0,2022-09-24,solvalla,emilia leo,2.0,2140.0,7.0,2.94,100.0,14.1,8,1,1,0,1,1,8494.48391898452,0.6358276652876376,3643.130763542206,10516.812635120496,6651.416330443618,31.0,7.0,15.0,17.0,14.0,0.0938194072145209,52.0,0.1666666666666666,False,False,False,False,False,False,0.1154524168572991,0.0965124264475341,7.824261e-05,0.001571306,0.0889544431885732,0.0727923923839859,0.00051495194,0.0010192819,4.645166148296228e-05,False
2022-12-17,romme,7,11,no doubt,5,v,emilia leo,2140.0,0,2140.0,110000.0,11.0,4.0,13.21,3.28,15,2022-10-29,romme,emilia leo,20.0,2140.0,4.0,10.43,110.0,30.0,2022-06-05,axevalla,emilia leo,1.0,2140.0,4.0,2.7,150.0,13.4,2022-05-03,romme,emilia leo,1.0,2140.0,4.0,2.36,30.0,13.1,2022-04-17,romme,emilia leo,1.0,1640.0,4.0,7.17,110.0,30.0,2022-04-07,gävle,emilia leo,1.0,2640.0,4.0,1.69,25.0,15.6,14,1,1,1,0,0,0.8609147285877977,13430.958365832146,6006.507181794034,11501.58559756547,5483.165792142293,49.0,146.0,33.0,16.0,10.0,0.1131789674333903,56.0,0.4166666666666667,False,False,False,True,True,True,0.0436922004688618,0.0371814330339314,0.00025695816,0.0015318912,0.0416778276802633,0.0352744636782592,0.0019514461,0.002231958,4.498390059286721e-05,False
2022-12-17,romme,7,6,celsius evo,8,v,henna halme,2140.0,0,2140.0,110000.0,6.0,5.0,12.91,3.23,4,2022-11-26,åbo,henna halme,1.0,2140.0,,3.5,,14.0,2022-11-18,åbo,henna halme,2.0,2100.0,,9.5,,13.2,2022-11-07,kouvola,henna halme,1.0,2100.0,,6.4,,14.5,2022-11-02,vermo,henna halme,1.0,2620.0,,16.9,,14.5,2022-10-15,lahti,henna halme,1.0,2140.0,,5.1,,13.6,13,0,0,1,1,1,,,,,,21.0,8.0,11.0,5.0,18.0,0.0481691387335869,55.0,0.3333333333333333,False,False,False,True,True,True,0.0593326251566721,0.0547456432691828,6.99878e-05,0.0014747321,0.0565117784355934,0.0534410188117986,0.000760238,0.001206907,3.104587568750095e-05,False
