datum,avd,bana,häst,kusk,streck,spår,dist,lopp_dist,start,ålder,kön,pris,h1_kusk,h1_bana,h1_spår,h1_plac,h1_pris,h1_odds,h1_kmtid,h2_kusk,h2_bana,h2_spår,h2_plac,h2_pris,h2_odds,h2_kmtid,h3_kusk,h3_bana,h3_spår,h3_plac,h3_pris,h3_odds,h3_kmtid,h4_kusk,h4_bana,h4_spår,h4_plac,h4_pris,h4_odds,h4_kmtid,h5_kusk,h5_bana,h5_spår,h5_plac,h5_pris,h5_odds,h5_kmtid,h1_dist,h2_dist,h3_dist,h4_dist,h5_dist,h1_auto,h2_auto,h3_auto,h4_auto,h5_auto,h1_perf,h2_perf,h3_perf,h4_perf,h5_perf,senast,delta1,delta2,delta3,delta4,rel_kr,streck_avst,rel_rank,h1_samma_bana,h2_samma_bana,h3_samma_bana,h1_samma_kusk,h2_samma_kusk,h3_samma_kusk,y,probat1,probat2,probat3,probat4,meta1_rf,meta2_ridge,meta3_knn,meta4_et,välj,spik,proba
2016-10-01,3.0,0.08641975308641975,0.08641975308641975,0.11389822712315431,47.0,1.0,2140.0,2140.0,0,8,0.0781586749702089,150000.0,0.1436247938849562,0.14104721703925477,0.0,6.0,0.0,58.8,11.1,0.14508655153291777,0.13526323739294277,0.0,2.0,150.0,2.2,10.2,0.10229388548603974,0.14386032826791254,0.0,3.0,400.0,25.93,10.7,0.10229388548603974,0.10713968912368492,0.0,3.0,400.0,8.18,11.6,0.11389822712315431,0.10713968912368492,0.0,3.0,150.0,2.85,14.4,2100.0,1640.0,1640.0,1640.0,2140.0,1,1,1,1,1,0.0,8146.288038201084,8068.575869854702,8068.575869854702,4940.973458019238,13.0,15.0,21.0,0.0,14.0,0.07124534278407395,0.0,0.08333333333333333,False,False,False,False,False,False,1,0.34311335169409035,0.3246483300616858,0.0878430400165737,0.34266478344141504,0.418286718763457,0.3085437556794817,0.0816106714218341,0.3241213460112368,True,False,0.24171931529566748
2016-10-01,5.0,0.08641975308641975,0.08641975308641975,0.08641975308641975,71.0,5.0,2140.0,2140.0,0,8,0.11146979463182208,300000.0,0.08641975308641975,0.14104721703925477,0.0,1.0,0.0,1.6,20.6,0.08641975308641975,0.08641975308641975,0.0,1.0,35.0,1.13,22.7,0.08641975308641975,0.08641975308641975,0.0,1.0,0.0,1.3,21.4,0.08641975308641975,0.14508655153291777,0.0,1.0,0.0,2.1,21.3,0.08641975308641975,0.10229388548603974,0.0,1.0,0.0,2.4,21.9,2160.0,2160.0,2080.0,1700.0,2609.0,0,0,0,1,1,0.0,6487.769258055282,0.0,0.0,0.0,13.0,9.0,6.0,14.0,28.0,0.26695562972273995,0.0,0.1111111111111111,False,False,False,True,True,True,1,0.79734576272122,0.38818959809814246,0.16279970850289327,0.7967542019481285,0.37862123232835737,0.29396617010756504,0.07488017892113008,0.3326595732013135,True,False,0.22946545019388112
2016-10-01,7.0,0.08641975308641975,0.08641975308641975,0.14508655153291777,43.0,4.0,2140.0,2140.0,0,5,0.11146979463182208,110000.0,0.14508655153291777,0.14104721703925477,0.0,4.0,0.0,1.7,12.1,0.08641975308641975,0.14508655153291777,0.0,1.0,0.0,1.8,10.2,0.08641975308641975,0.11389822712315431,0.0,2.0,0.0,15.5,11.3,0.08641975308641975,0.11389822712315431,0.0,2.0,0.0,2.0,14.0,0.14508655153291777,0.1436247938849562,0.0,2.0,200.0,12.66,15.6,2100.0,1600.0,1609.0,2680.0,2640.0,1,1,1,0,1,0.0,0.0,0.0,0.0,9406.523183503248,14.0,14.0,7.0,35.0,23.0,0.10385739891606773,0.0,0.08333333333333333,False,False,False,False,False,False,1,0.300244752142103,0.28190406335283164,0.08896531977855278,0.28957013383765146,0.3341658623276554,0.28257059221394254,0.06479400345989443,0.30283717304741226,True,False,0.2074714108768684
2016-10-01,4.0,0.08641975308641975,0.08641975308641975,0.11389822712315431,39.0,1.0,3160.0,3140.0,1,6,0.11146979463182208,100000.0,0.10713968912368492,0.09258617023221932,2.0,20.0,200.0,6.92,30.0,0.12455932471198387,0.13526323739294277,2.0,2.0,110.0,2.88,12.4,0.08641975308641975,0.10713968912368492,2.0,15.0,110.0,17.38,16.6,0.11389822712315431,0.10229388548603974,2.0,15.0,200.0,6.81,30.0,0.10713968912368492,0.1436247938849562,2.0,15.0,110.0,9.6,11.6,2140.0,2140.0,2140.0,2140.0,1640.0,1,1,1,1,1,1.160857183212945,6976.064300232708,10.488088481701515,14.142135623730953,10.488088481701515,7.0,21.0,42.0,56.0,14.0,0.0865501433593054,0.0,0.06666666666666667,False,False,False,False,True,False,1,0.29771046028289105,0.29178325498298624,0.07296071247793484,0.2971798117228353,0.3069781928588073,0.29934619301758203,0.07210563568569309,0.2736255443663979,True,False,0.20634871952071598
2016-10-01,6.0,0.08641975308641975,0.08641975308641975,0.07416101908267389,34.0,2.0,2140.0,2140.0,0,6,0.0781586749702089,125000.0,0.08641975308641975,0.08641975308641975,4.0,1.0,25.0,1.11,13.6,0.08641975308641975,0.06791166520120877,4.0,5.0,200.0,6.73,12.1,0.07416101908267389,0.07065458436241365,4.0,1.0,110.0,1.79,12.3,0.08641975308641975,0.07190282340663544,4.0,1.0,30.0,1.28,12.6,0.14508655153291777,0.07307090301747231,4.0,1.0,35.0,2.25,12.1,2080.0,2140.0,2100.0,2160.0,1640.0,1,1,1,0,1,5483.165792142293,2098.8790243749977,11501.58559756547,6006.507181794034,6487.769258055282,9.0,117.0,21.0,12.0,22.0,0.1261005599595361,0.0,0.1,False,False,False,True,True,True,0,0.33768415128969587,0.39024056848921473,0.23871290513275487,0.3360147540383076,0.18467914494864643,0.31594094275496815,0.08524184203490254,0.23620499522923544,True,False,0.18513623059219683
2016-10-01,6.0,0.08641975308641975,0.08641975308641975,0.12455932471198387,27.0,10.0,2140.0,2140.0,0,7,0.0781586749702089,125000.0,0.12455932471198387,0.10229388548603974,1.0,1.0,70.0,1.57,11.6,0.08641975308641975,0.12455932471198387,1.0,1.0,0.0,1.6,12.8,0.12455932471198387,0.14386032826791254,1.0,1.0,40.0,1.42,13.5,0.12455932471198387,0.12455932471198387,1.0,1.0,100.0,3.12,14.5,0.12455932471198387,0.11389822712315431,1.0,1.0,200.0,5.73,12.3,2140.0,2040.0,2660.0,3160.0,2140.0,1,0,0,0,1,9175.091274289012,0.0,6935.717076596412,10966.331584284586,15508.73485597569,17.0,17.0,24.0,11.0,22.0,0.07585191285937451,7.0,0.2,False,False,False,True,False,True,1,0.14785483527280976,0.1174060342792178,0.11486646514162724,0.2206693902725739,0.2020791555096845,0.3227875768009895,0.08959258049616596,0.18174529050907315,True,False,0.18052750723497255
2016-10-01,2.0,0.08641975308641975,0.08641975308641975,0.11389822712315431,20.0,8.0,2140.0,2140.0,0,4,0.0781586749702089,100000.0,0.07307090301747231,0.07065458436241365,4.0,1.0,100.0,3.96,16.1,0.12455932471198387,0.07065458436241365,4.0,1.0,20.0,2.17,13.5,0.08641975308641975,0.08641975308641975,4.0,15.0,15.0,5.87,18.6,0.11389822712315431,0.07190282340663544,4.0,15.0,20.0,1.86,18.6,0.10713968912368492,0.11389822712315431,4.0,15.0,10.0,1.93,17.5,2640.0,1640.0,2160.0,2640.0,2160.0,0,0,0,1,0,10966.331584284586,4904.29257725266,3.8729833462074175,4.47213595499958,3.1622776601683795,35.0,12.0,178.0,67.0,13.0,0.11175433973451036,0.0,0.09090909090909091,False,True,False,True,True,False,0,0.22206436818615313,0.2988462522585477,0.10485488312869994,0.16649429320547843,0.1884306197589598,0.3350759035360507,0.08988222231478185,0.1847162166028106,True,False,0.17993612978083884
2016-10-01,2.0,0.08641975308641975,0.08641975308641975,0.12455932471198387,19.0,9.0,2140.0,2140.0,0,6,0.0664157220307793,100000.0,0.12455932471198387,0.0953501240934021,6.0,1.0,30.0,1.88,12.0,0.08641975308641975,0.063177901856914,6.0,1.0,30.0,6.18,13.9,0.12455932471198387,0.10713968912368492,6.0,1.0,50.0,7.63,14.4,0.12455932471198387,0.07416101908267389,6.0,1.0,0.0,12.8,19.4,0.12455932471198387,0.08641975308641975,6.0,1.0,0.0,3.0,14.5,1640.0,2140.0,2140.0,2300.0,1640.0,1,1,1,1,1,6006.507181794034,6006.507181794034,7754.367427987845,0.0,0.0,22.0,28.0,19.0,21.0,18.0,0.09074738957146151,1.0,0.18181818181818182,False,False,False,True,True,True,0,0.15541789777010404,0.19514681407536028,0.05872949229100427,0.13110309320385652,0.1817468526169684,0.32450092913341816,0.09698311079663742,0.17782115435925452,True,False,0.17858319752450197
2016-10-01,1.0,0.08641975308641975,0.08641975308641975,0.07190282340663544,25.0,2.0,1640.0,1640.0,0,5,0.0664157220307793,100000.0,0.08641975308641975,0.10229388548603974,3.0,2.0,70.0,7.11,13.8,0.07416101908267389,0.06791166520120877,3.0,3.0,125.0,2.86,13.9,0.07416101908267389,0.07065458436241365,3.0,1.0,70.0,1.84,11.7,0.07307090301747231,0.07307090301747231,3.0,1.0,100.0,5.45,30.0,0.07307090301747231,0.1436247938849562,3.0,1.0,30.0,6.09,13.8,2640.0,2140.0,1609.0,2660.0,2140.0,1,0,1,0,1,5564.974163518141,4510.4710316524015,9175.091274289012,10966.331584284586,6006.507181794034,17.0,35.0,15.0,17.0,9.0,0.0715037215289048,0.0,0.08333333333333333,False,False,False,False,True,True,0,0.21274545951928256,0.27077229338715314,0.07744476716398035,0.20433511910772287,0.09446105250860638,0.32249552687047134,0.09450625576934875,0.15275665309521885,True,False,0.14481358057537314
2016-10-01,2.0,0.08641975308641975,0.08641975308641975,0.14508655153291777,9.0,5.0,2140.0,2140.0,0,4,0.11146979463182208,100000.0,0.1436247938849562,0.14104721703925477,0.0,4.0,0.0,15.9,14.8,0.14508655153291777,0.1242845261560249,0.0,1.0,0.0,2.1,14.7,0.11389822712315431,0.12455932471198387,0.0,1.0,0.0,1.8,14.8,0.12455932471198387,0.10229388548603974,0.0,1.0,0.0,3.5,15.3,0.10713968912368492,0.11389822712315431,0.0,1.0,0.0,21.0,14.9,2600.0,2100.0,2100.0,2100.0,2100.0,1,1,1,1,1,0.0,0.0,0.0,0.0,0.0,24.0,7.0,14.0,14.0,14.0,0.08121973714549227,11.0,0.36363636363636365,False,False,False,False,True,True,1,0.0766546691545734,0.0663661841619912,0.05685350678175046,0.08752786443646293,0.15291770186043083,0.2821704556844501,0.06048896191772751,0.1627818946502039,True,False,0.14356972983032115
2016-10-01,1.0,0.08641975308641975,0.08641975308641975,0.06932453357913669,20.0,4.0,1640.0,1640.0,0,4,0.0781586749702089,100000.0,0.08641975308641975,0.09258617023221932,2.0,1.0,60.0,4.16,14.9,0.07416101908267389,0.08641975308641975,2.0,3.0,70.0,6.82,13.8,0.08641975308641975,0.06791166520120877,2.0,1.0,35.0,1.8,13.8,0.07307090301747231,0.08641975308641975,2.0,1.0,100.0,3.93,15.7,0.08641975308641975,0.10713968912368492,2.0,1.0,35.0,4.1,14.9,2640.0,2140.0,2140.0,2140.0,2140.0,1,1,1,1,1,8494.48391898452,3375.327450682418,6487.769258055282,10966.331584284586,6487.769258055282,17.0,12.0,15.0,22.0,8.0,0.09233868711175779,5.0,0.16666666666666666,False,False,False,False,False,False,0,0.1548907432004778,0.1407334980419134,0.09572966459159059,0.16491550215310796,0.09930086507569946,0.3286921512174916,0.09260939023508834,0.12752319432229076,True,False,0.14011887549980168
2016-10-01,2.0,0.08641975308641975,0.08641975308641975,0.07307090301747231,15.0,1.0,2140.0,2140.0,0,4,0.0781586749702089,100000.0,0.08641975308641975,0.07416101908267389,0.0,1.0,0.0,3.3,12.9,0.08641975308641975,0.12455932471198387,0.0,1.0,0.0,7.4,14.4,0.08641975308641975,0.08641975308641975,0.0,5.0,0.0,11.7,16.3,0.08641975308641975,0.08641975308641975,0.0,5.0,0.0,1.4,30.0,0.08641975308641975,0.08641975308641975,0.0,5.0,0.0,1.6,15.8,1640.0,2000.0,2500.0,2000.0,2000.0,1,1,1,1,0,0.0,0.0,0.0,0.0,0.0,20.0,14.0,14.0,8.0,82.0,0.09731875226456735,5.0,0.2727272727272727,False,False,False,False,False,False,0,0.1396875555602789,0.13372867994522036,0.07352277624483405,0.11920429662910459,0.1597341229142633,0.28214270570496275,0.06755121878291978,0.12467325347369589,True,False,0.13957841186936626
2016-10-01,3.0,0.08641975308641975,0.08641975308641975,0.11389822712315431,12.0,2.0,2140.0,2140.0,0,7,0.11146979463182208,150000.0,0.07307090301747231,0.07065458436241365,4.0,3.0,35.0,6.71,14.0,0.12455932471198387,0.06791166520120877,4.0,2.0,250.0,7.29,12.3,0.07307090301747231,0.14386032826791254,4.0,2.0,150.0,6.47,13.0,0.11389822712315431,0.10229388548603974,4.0,2.0,250.0,10.46,13.2,0.10713968912368492,0.08641975308641975,4.0,2.0,150.0,1.96,14.4,2140.0,2140.0,2140.0,2140.0,2100.0,1,1,1,1,1,2386.7169291026403,10516.812635120496,8146.288038201084,10516.812635120496,8146.288038201084,18.0,262.0,14.0,28.0,28.0,0.09380638963534162,35.0,0.25,False,False,False,True,True,True,0,0.11255701116236959,0.11066054605747316,0.1386415484315557,0.12404989567666204,0.10449140928494095,0.32435988379547703,0.09286158170103559,0.11972255263975451,True,False,0.13932528555921045
2016-10-01,7.0,0.08641975308641975,0.08641975308641975,0.07307090301747231,13.0,1.0,2140.0,2140.0,0,5,0.11146979463182208,110000.0,0.10713968912368492,0.0953501240934021,4.0,1.0,70.0,1.54,15.7,0.10713968912368492,0.13526323739294277,4.0,3.0,110.0,19.54,12.4,0.07416101908267389,0.07416101908267389,4.0,2.0,0.0,18.8,30.0,0.11389822712315431,0.10713968912368492,4.0,2.0,100.0,13.73,12.9,0.07416101908267389,0.07190282340663544,4.0,2.0,30.0,2.98,14.7,3140.0,2140.0,2500.0,2140.0,2140.0,1,1,1,1,1,9175.091274289012,4231.196882217894,0.0,6651.416330443618,3643.130763542206,10.0,18.0,27.0,26.0,35.0,0.11559469559038249,30.0,0.25,False,False,False,True,True,False,0,0.09482561212069869,0.09980987701764144,0.07814156472696093,0.10219556484922494,0.0972737327297794,0.3276910146465549,0.09720750298088787,0.12016372738832176,True,False,0.13890993987676614
2016-10-01,2.0,0.08641975308641975,0.08641975308641975,0.08641975308641975,19.0,4.0,2140.0,2140.0,0,4,0.0781586749702089,100000.0,0.08641975308641975,0.08641975308641975,2.0,2.0,25.0,3.19,13.8,0.08641975308641975,0.06791166520120877,2.0,15.0,200.0,14.71,17.2,0.08641975308641975,0.06932453357913669,2.0,1.0,20.0,1.55,16.6,0.08641975308641975,0.10229388548603974,2.0,1.0,40.0,72.41,13.1,0.08641975308641975,0.07307090301747231,2.0,1.0,17.0,45.92,15.6,2140.0,2100.0,2640.0,2140.0,2640.0,1,1,1,1,1,3325.708165221809,14.142135623730953,4904.29257725266,6935.717076596412,4521.53434475524,19.0,288.0,23.0,23.0,16.0,0.09434599295101946,1.0,0.18181818181818182,True,False,True,True,True,True,0,0.16045782494420124,0.2029526421927173,0.06375702507775978,0.12772392573204877,0.13596113198882628,0.29878118706983475,0.0727803201376758,0.120516447356814,True,False,0.13739061755882906
2016-10-01,3.0,0.08641975308641975,0.08641975308641975,0.06932453357913669,13.0,11.0,2140.0,2140.0,0,7,0.0781586749702089,150000.0,0.07307090301747231,0.07065458436241365,1.0,15.0,0.0,0.0,16.8,0.07307090301747231,0.06791166520120877,1.0,1.0,250.0,2.04,11.4,0.07307090301747231,0.08641975308641975,1.0,1.0,150.0,1.42,12.6,0.06932453357913669,0.08641975308641975,1.0,1.0,150.0,1.28,15.5,0.11389822712315431,0.0664157220307793,1.0,1.0,250.0,1.38,13.1,2140.0,2140.0,2640.0,3140.0,2140.0,0,1,1,1,1,0.0,17339.292691491028,13430.958365832146,13430.958365832146,17339.292691491028,24.0,529.0,14.0,21.0,14.0,0.14287494645013046,34.0,0.16666666666666666,False,False,False,True,True,True,0,0.1326368409793612,0.1659721593608724,0.3618212644557893,0.13645516454375034,0.07516112567146908,0.33832186882701787,0.09805900728254334,0.12960656955571914,True,False,0.13407859913086637
2016-10-01,1.0,0.08641975308641975,0.08641975308641975,0.07307090301747231,16.0,5.0,1640.0,1640.0,0,7,0.0781586749702089,100000.0,0.07307090301747231,0.07065458436241365,12.0,4.0,60.0,3.64,14.7,0.10713968912368492,0.08641975308641975,12.0,1.0,100.0,2.84,14.1,0.08641975308641975,0.08641975308641975,12.0,5.0,100.0,25.67,14.1,0.06932453357913669,0.07190282340663544,12.0,5.0,100.0,6.51,30.0,0.08641975308641975,0.08641975308641975,12.0,5.0,20.0,1.65,16.3,2640.0,2660.0,2140.0,2660.0,2640.0,1,0,0,0,1,1895.375557221277,10966.331584284586,1484.131591025766,1484.131591025766,663.723825017706,24.0,46.0,16.0,250.0,15.0,0.08156584028205272,9.0,0.25,False,False,False,False,True,True,0,0.11612899345577224,0.10877136213902114,0.07281733374765104,0.12006834660166692,0.09741409967769282,0.3181200405195698,0.07290719878595535,0.10318543805842272,True,False,0.12356640699633573
2016-10-01,6.0,0.08641975308641975,0.08641975308641975,0.07190282340663544,16.0,7.0,2140.0,2140.0,0,5,0.0664157220307793,125000.0,0.07416101908267389,0.07190282340663544,1.0,1.0,150.0,1.64,12.8,0.07416101908267389,0.06791166520120877,1.0,1.0,60.0,1.11,10.5,0.07416101908267389,0.07065458436241365,1.0,2.0,200.0,8.21,11.1,0.07307090301747231,0.10229388548603974,1.0,2.0,0.0,2.4,12.5,0.07307090301747231,0.0664157220307793,1.0,2.0,200.0,2.48,10.2,2140.0,1640.0,1609.0,2100.0,1609.0,1,1,1,1,1,13430.958365832146,8494.48391898452,9406.523183503248,0.0,9406.523183503248,15.0,37.0,15.0,45.0,14.0,0.18614737991755032,18.0,0.3,False,False,False,False,True,True,0,0.10224864116383732,0.11385778785086223,0.1488784994695198,0.12054070560850585,0.061105169061590345,0.361304939692844,0.10773134253234781,0.09397688795247199,True,False,0.122272486816425
2016-10-01,7.0,0.08641975308641975,0.08641975308641975,0.06932453357913669,15.0,7.0,2140.0,2140.0,0,5,0.0781586749702089,110000.0,0.07307090301747231,0.07416101908267389,10.0,1.0,35.0,1.97,12.0,0.08641975308641975,0.07065458436241365,10.0,3.0,30.0,3.83,12.3,0.07416101908267389,0.06791166520120877,10.0,3.0,40.0,2.13,12.6,0.06932453357913669,0.10229388548603974,10.0,3.0,30.0,1.27,12.2,0.11389822712315431,0.08641975308641975,10.0,3.0,110.0,6.78,13.9,1640.0,1640.0,1640.0,1660.0,2140.0,1,1,1,0,1,6487.769258055282,2209.670505430644,2551.507722261517,2209.670505430644,4231.196882217894,16.0,23.0,13.0,22.0,45.0,0.10296649567452335,28.0,0.16666666666666666,False,False,False,True,False,False,0,0.13721507472550087,0.13749838157456537,0.1880081209336661,0.12832973807341733,0.06786879781258327,0.3131880151173584,0.08600743549920782,0.11577305011540309,True,False,0.12061593592441204
2016-10-01,4.0,0.08641975308641975,0.08641975308641975,0.06932453357913669,16.0,4.0,3160.0,3140.0,1,6,0.0781586749702089,100000.0,0.07307090301747231,0.07190282340663544,6.0,1.0,20.0,2.38,11.9,0.08641975308641975,0.08641975308641975,6.0,20.0,0.0,0.0,30.0,0.08641975308641975,0.06791166520120877,6.0,2.0,40.0,4.01,12.1,0.08641975308641975,0.07416101908267389,6.0,2.0,30.0,2.89,14.3,0.08641975308641975,0.07065458436241365,6.0,2.0,100.0,11.03,14.1,1640.0,1800.0,1640.0,2660.0,2140.0,1,1,1,0,1,4904.29257725266,0.0,4206.725054048198,3643.130763542206,6651.416330443618,15.0,17.0,20.0,9.0,9.0,0.058515434748567755,23.0,0.13333333333333333,False,False,False,False,False,False,0,0.10951131359793452,0.10837758050725844,0.09736420523534854,0.10800603294012813,0.09797461481275799,0.3034639689791289,0.07366061140703849,0.09642479318204743,False,False,0.1205483258672096
2016-10-01,3.0,0.08641975308641975,0.08641975308641975,0.08641975308641975,10.0,9.0,2140.0,2140.0,0,8,0.0781586749702089,150000.0,0.08641975308641975,0.07065458436241365,2.0,1.0,80.0,4.39,12.2,0.08641975308641975,0.063177901856914,2.0,15.0,400.0,43.77,10.9,0.08641975308641975,0.14386032826791254,2.0,15.0,400.0,14.61,11.6,0.08641975308641975,0.07190282340663544,2.0,15.0,150.0,7.64,14.5,0.08641975308641975,0.11389822712315431,2.0,15.0,100.0,2.44,10.5,2140.0,1640.0,1640.0,2140.0,1640.0,1,1,1,1,1,9808.58515450532,20.0,20.0,12.247448713915892,10.0,31.0,18.0,0.0,14.0,10.0,0.05680310524334359,37.0,0.3333333333333333,False,False,False,True,True,True,0,0.09148887555512109,0.07039791560255597,0.08195788471197983,0.10595110006253226,0.08837689689574123,0.3167616999405313,0.07706232831922966,0.09237692382017813,False,False,0.11881444917957261
2016-10-01,4.0,0.08641975308641975,0.08641975308641975,0.06932453357913669,6.0,3.0,3180.0,3140.0,1,6,0.0781586749702089,100000.0,0.10713968912368492,0.07190282340663544,3.0,1.0,110.0,4.51,15.4,0.06932453357913669,0.07065458436241365,3.0,3.0,60.0,15.93,13.2,0.10229388548603974,0.06791166520120877,3.0,15.0,200.0,17.17,16.4,0.10229388548603974,0.10713968912368492,3.0,15.0,200.0,15.03,30.0,0.07065458436241365,0.06932453357913669,3.0,15.0,110.0,4.39,15.6,2650.0,2140.0,3680.0,2140.0,2640.0,0,1,0,1,0,11501.58559756547,3124.945997155828,14.142135623730953,14.142135623730953,10.488088481701515,14.0,10.0,12.0,13.0,7.0,0.10737099012413674,33.0,0.26666666666666666,False,False,False,True,True,True,0,0.10391792315795445,0.12167260182230263,0.13692928858544778,0.07292586851582006,0.07453203297333383,0.33227808307845325,0.08314595601805867,0.08424705706212747,False,False,0.11476517770247747
2016-10-01,1.0,0.08641975308641975,0.08641975308641975,0.11389822712315431,10.0,11.0,1640.0,1640.0,0,4,0.11146979463182208,100000.0,0.07416101908267389,0.07190282340663544,1.0,1.0,30.0,1.7,13.5,0.07307090301747231,0.07190282340663544,1.0,2.0,100.0,2.09,13.3,0.08641975308641975,0.06791166520120877,1.0,1.0,40.0,2.3,11.8,0.07416101908267389,0.10713968912368492,1.0,1.0,70.0,5.09,13.3,0.07416101908267389,0.07190282340663544,1.0,1.0,100.0,8.14,13.4,2160.0,2140.0,1640.0,2140.0,2140.0,0,1,1,1,1,6006.507181794034,6651.416330443618,6935.717076596412,9175.091274289012,10966.331584284586,15.0,21.0,23.0,8.0,14.0,0.1518383793161341,15.0,0.3333333333333333,False,False,False,True,True,False,0,0.08412351664693478,0.08471765515418561,0.10062438098746541,0.09150880962453282,0.057705471788533504,0.328130890664174,0.09676839960373142,0.080608448722992,False,False,0.11024135912504185
2016-10-01,5.0,0.08641975308641975,0.08641975308641975,0.08641975308641975,10.0,9.0,2140.0,2140.0,0,13,0.11146979463182208,300000.0,0.08641975308641975,0.07065458436241365,4.0,1.0,250.0,5.0,23.3,0.08641975308641975,0.06791166520120877,4.0,4.0,300.0,6.71,19.1,0.08641975308641975,0.06791166520120877,4.0,1.0,60.0,2.92,20.0,0.08641975308641975,0.07190282340663544,4.0,1.0,100.0,33.17,21.5,0.08641975308641975,0.10713968912368492,4.0,1.0,35.0,17.98,25.2,2640.0,1609.0,1640.0,2140.0,2140.0,1,1,1,1,1,17339.292691491028,4238.188588838319,8494.48391898452,10966.331584284586,6487.769258055282,35.0,90.0,18.0,28.0,33.0,0.08722927773684135,61.0,0.3333333333333333,False,False,False,True,True,True,0,0.0592978727578196,0.04640674683395322,0.06329740600635325,0.08198951251276715,0.05573068425605302,0.362395510671623,0.10060433589757774,0.06917926276056659,False,False,0.10888484897651399
2016-10-01,4.0,0.08641975308641975,0.08641975308641975,0.07307090301747231,4.0,2.0,3180.0,3140.0,1,7,0.0664157220307793,100000.0,0.10713968912368492,0.07190282340663544,2.0,2.0,100.0,2.46,13.4,0.10713968912368492,0.08641975308641975,2.0,1.0,20.0,3.24,12.7,0.07416101908267389,0.08641975308641975,2.0,20.0,25.0,2.63,30.0,0.11389822712315431,0.07416101908267389,2.0,20.0,25.0,2.36,30.0,0.07416101908267389,0.07065458436241365,2.0,20.0,20.0,2.5,15.4,2180.0,2180.0,2180.0,2180.0,3140.0,0,0,0,0,1,6651.416330443618,4904.29257725266,0.4104249931194939,0.4104249931194939,0.3670952737120288,15.0,21.0,46.0,15.0,7.0,0.09601563723346239,35.0,0.3333333333333333,False,False,False,True,True,False,0,0.07492630787610371,0.08668668779100089,0.13964786519787256,0.051286745831040835,0.06829781788521587,0.31852832697599087,0.08458670179753285,0.0727669725958265,False,False,0.10757164791257674
2016-10-01,5.0,0.08641975308641975,0.08641975308641975,0.07307090301747231,11.0,2.0,2140.0,2140.0,0,5,0.11146979463182208,300000.0,0.07065458436241365,0.07190282340663544,0.0,1.0,0.0,1.4,24.0,0.08641975308641975,0.06791166520120877,0.0,1.0,0.0,1.4,25.4,0.07416101908267389,0.11389822712315431,0.0,2.0,0.0,6.5,22.0,0.07416101908267389,0.07307090301747231,0.0,2.0,0.0,3.7,22.2,0.08641975308641975,0.08641975308641975,0.0,2.0,100.0,3.74,23.2,2960.0,2960.0,2609.0,2140.0,2140.0,0,0,1,1,0,0.0,0.0,0.0,0.0,6651.416330443618,42.0,12.0,16.0,28.0,22.0,0.13285076502969095,60.0,0.2222222222222222,False,False,False,True,True,True,0,0.08930005126179953,0.08446311571356929,0.08500977824434337,0.09705274548332067,0.07764084127964989,0.27858909722126013,0.07873443665612434,0.07359280071336462,False,False,0.10580680515775459
2016-10-01,1.0,0.08641975308641975,0.08641975308641975,0.14508655153291777,6.0,7.0,1640.0,1640.0,0,5,0.0781586749702089,100000.0,0.10713968912368492,0.0953501240934021,7.0,1.0,30.0,4.85,13.7,0.10713968912368492,0.1242845261560249,7.0,15.0,0.0,10.8,13.6,0.11389822712315431,0.14386032826791254,7.0,1.0,100.0,11.47,14.8,0.11389822712315431,0.10713968912368492,7.0,1.0,60.0,4.99,14.1,0.08641975308641975,0.11389822712315431,7.0,1.0,30.0,3.62,12.1,2640.0,2100.0,2660.0,2140.0,1640.0,1,1,0,1,1,6006.507181794034,0.0,10966.331584284586,8494.48391898452,6006.507181794034,22.0,89.0,29.0,17.0,16.0,0.0630029660305557,19.0,0.5,False,False,False,False,False,False,1,0.03461650403229554,0.031151577758976066,0.08649964743904989,0.05154109670576195,0.057373066842395265,0.3131219753680408,0.08135372512360672,0.08447686186173323,False,False,0.10541058108301243
2016-10-01,3.0,0.08641975308641975,0.08641975308641975,0.06932453357913669,9.0,6.0,2140.0,2140.0,0,7,0.11146979463182208,150000.0,0.07190282340663544,0.09258617023221932,12.0,6.0,250.0,73.33,11.7,0.06932453357913669,0.07307090301747231,12.0,5.0,150.0,7.14,10.9,0.10229388548603974,0.06791166520120877,12.0,3.0,100.0,6.69,11.4,0.10229388548603974,0.07416101908267389,12.0,3.0,150.0,11.55,11.1,0.07065458436241365,0.10713968912368492,12.0,3.0,150.0,6.96,14.7,2140.0,1640.0,1640.0,2100.0,2140.0,1,1,1,1,1,1423.2958167204197,1817.6825545790464,4034.287934927351,4940.973458019238,4940.973458019238,7.0,14.0,15.0,6.0,21.0,0.1356973166647194,38.0,0.4166666666666667,False,False,False,False,True,True,0,0.07547380626257782,0.06001334375540188,0.08945257788331167,0.0986994400011276,0.07569661128329233,0.2944815786794442,0.06805810148584478,0.07423162006071406,False,False,0.10301508728681048
2016-10-01,4.0,0.08641975308641975,0.08641975308641975,0.08641975308641975,6.0,5.0,3180.0,3140.0,1,5,0.0781586749702089,100000.0,0.08641975308641975,0.09258617023221932,3.0,5.0,200.0,7.26,12.8,0.08641975308641975,0.07065458436241365,3.0,1.0,110.0,18.65,13.6,0.08641975308641975,0.06791166520120877,3.0,2.0,200.0,5.19,15.9,0.08641975308641975,0.10713968912368492,3.0,2.0,500.0,78.7,17.1,0.08641975308641975,0.06932453357913669,3.0,2.0,300.0,32.06,14.0,2140.0,2640.0,3660.0,3140.0,2160.0,1,1,0,1,0,2098.8790243749977,11501.58559756547,9406.523183503248,14873.019061524134,11520.591026621689,7.0,19.0,10.0,13.0,7.0,0.09271108375315201,33.0,0.26666666666666666,False,True,False,False,False,False,0,0.06469543953153872,0.0835173722548518,0.06711954466927139,0.05342239507156326,0.05609532373304444,0.3289449070697974,0.08907397776768038,0.06794264600277332,False,False,0.10279826437968258
2016-10-01,1.0,0.08641975308641975,0.08641975308641975,0.11389822712315431,8.0,6.0,1640.0,1640.0,0,4,0.11146979463182208,100000.0,0.07307090301747231,0.07190282340663544,6.0,1.0,100.0,2.52,15.2,0.08641975308641975,0.07065458436241365,6.0,1.0,40.0,2.7,14.1,0.07416101908267389,0.06791166520120877,6.0,15.0,30.0,3.54,16.0,0.07416101908267389,0.10229388548603974,6.0,15.0,100.0,16.02,14.4,0.08641975308641975,0.0664157220307793,6.0,15.0,40.0,5.19,15.2,2148.0,2140.0,2640.0,2140.0,2640.0,0,1,1,1,1,10966.331584284586,6935.717076596412,5.47722557505166,10.0,6.324555320336759,14.0,10.0,65.0,36.0,11.0,0.10378308802954837,17.0,0.4166666666666667,False,False,False,False,False,False,0,0.059344035175846355,0.052991196534606134,0.11515251253255845,0.07529812706480099,0.03771960779592613,0.34057073593193926,0.09651216347441362,0.0675141119618888,False,False,0.09565061719940121
2016-10-01,6.0,0.08641975308641975,0.08641975308641975,0.07307090301747231,9.0,4.0,2140.0,2140.0,0,7,0.0781586749702089,125000.0,0.08641975308641975,0.0953501240934021,2.0,1.0,60.0,3.06,10.2,0.08641975308641975,0.08641975308641975,2.0,3.0,50.0,7.3,11.2,0.07307090301747231,0.06791166520120877,2.0,15.0,125.0,9.21,11.8,0.08641975308641975,0.10229388548603974,2.0,15.0,100.0,5.96,12.9,0.08641975308641975,0.1436247938849562,2.0,15.0,40.0,7.45,14.0,1640.0,1640.0,1640.0,2140.0,2660.0,1,1,1,1,0,8494.48391898452,2852.672356046204,11.180339887498944,10.0,6.324555320336759,10.0,10.0,15.0,10.0,13.0,0.05852047142236884,25.0,0.4,False,False,False,True,False,False,0,0.05686473831419002,0.04859446815474477,0.06381043981159817,0.08005920960289034,0.03922417755756483,0.31968067240598996,0.08930275641395681,0.0641755303672374,False,False,0.09207169516574448
2016-10-01,7.0,0.08641975308641975,0.08641975308641975,0.11389822712315431,6.0,2.0,2140.0,2140.0,0,6,0.0781586749702089,110000.0,0.07416101908267389,0.0953501240934021,5.0,1.0,60.0,1.87,11.0,0.07307090301747231,0.063177901856914,5.0,3.0,60.0,8.61,14.4,0.11389822712315431,0.14386032826791254,5.0,2.0,30.0,1.95,15.0,0.07416101908267389,0.10713968912368492,5.0,2.0,250.0,7.2,14.4,0.07416101908267389,0.11389822712315431,5.0,2.0,150.0,18.78,14.4,1640.0,3160.0,2640.0,3140.0,3140.0,1,0,1,0,0,8494.48391898452,3124.945997155828,3643.130763542206,10516.812635120496,8146.288038201084,24.0,7.0,19.0,17.0,19.0,0.05605619761082377,37.0,0.3333333333333333,False,False,False,True,True,True,0,0.053741562606321965,0.05908339964598205,0.08609481324107612,0.051559697082377266,0.03713579184455567,0.3259928863952362,0.09733702569179847,0.06090819238067916,False,False,0.09204255137201643
2016-10-01,4.0,0.08641975308641975,0.08641975308641975,0.07307090301747231,13.0,3.0,3140.0,3140.0,1,5,0.11146979463182208,100000.0,0.07190282340663544,0.08641975308641975,4.0,3.0,30.0,2.77,14.3,0.07307090301747231,0.06791166520120877,4.0,2.0,30.0,2.21,15.4,0.07307090301747231,0.07307090301747231,4.0,4.0,100.0,21.48,14.0,0.07307090301747231,0.08641975308641975,4.0,4.0,100.0,5.47,13.8,0.08641975308641975,0.0664157220307793,4.0,4.0,50.0,7.77,13.2,2160.0,2640.0,2640.0,2140.0,2140.0,0,0,1,1,1,2209.670505430644,3643.130763542206,2446.919322642204,2446.919322642204,1730.233246056696,11.0,40.0,26.0,28.0,21.0,0.07824556288100908,26.0,0.2,False,False,False,True,True,True,0,0.08969393745015503,0.09031249585558299,0.06383686455734587,0.09715231686021282,0.044465784462822434,0.3011572818738772,0.061709137240367494,0.06806620001255954,False,False,0.08660143269321209
2016-10-01,1.0,0.08641975308641975,0.08641975308641975,0.12455932471198387,3.0,12.0,1640.0,1640.0,0,6,0.0781586749702089,100000.0,0.12455932471198387,0.10229388548603974,4.0,1.0,60.0,2.9,13.1,0.08641975308641975,0.063177901856914,4.0,3.0,25.0,1.41,12.7,0.12455932471198387,0.10713968912368492,4.0,1.0,50.0,1.87,14.2,0.12455932471198387,0.10713968912368492,4.0,1.0,25.0,2.69,12.6,0.12455932471198387,0.1436247938849562,4.0,1.0,30.0,11.46,15.3,2140.0,1640.0,2160.0,1640.0,2140.0,1,1,0,1,1,8494.48391898452,2017.143967463676,7754.367427987845,5483.165792142293,6006.507181794034,17.0,27.0,27.0,22.0,14.0,0.0291958139795176,22.0,0.6666666666666666,False,False,False,True,False,True,0,0.025204384133226464,0.030243822616334372,0.07136327479217525,0.029469144405457167,0.03241786427373498,0.32481758978373265,0.08700208956360672,0.06033968060857889,False,False,0.08622618218416553
2016-10-01,1.0,0.08641975308641975,0.08641975308641975,0.07416101908267389,5.0,9.0,1640.0,1640.0,0,6,0.0781586749702089,100000.0,0.10713968912368492,0.09258617023221932,6.0,15.0,200.0,8.96,13.7,0.10713968912368492,0.07307090301747231,6.0,1.0,100.0,2.58,11.2,0.08641975308641975,0.06932453357913669,6.0,1.0,20.0,3.51,13.6,0.08641975308641975,0.07190282340663544,6.0,1.0,20.0,28.99,13.7,0.08641975308641975,0.06932453357913669,6.0,1.0,20.0,4.55,15.0,2140.0,1640.0,1640.0,1640.0,2140.0,1,1,1,1,1,14.142135623730953,10966.331584284586,4904.29257725266,4904.29257725266,4904.29257725266,7.0,14.0,19.0,7.0,42.0,0.05460294364541944,20.0,0.5833333333333334,False,False,True,False,False,False,0,0.03264780557873529,0.029470855521701034,0.047579888457823676,0.047979693524926315,0.04323174186835279,0.3141309250557132,0.08751389077943109,0.045832529886552155,False,False,0.08590947451505701
2016-10-01,2.0,0.08641975308641975,0.08641975308641975,0.08641975308641975,5.0,7.0,2140.0,2140.0,0,6,0.0781586749702089,100000.0,0.08641975308641975,0.0953501240934021,6.0,1.0,30.0,3.85,12.4,0.07307090301747231,0.063177901856914,6.0,1.0,30.0,2.83,15.3,0.11389822712315431,0.14386032826791254,6.0,1.0,25.0,11.86,14.1,0.11389822712315431,0.07307090301747231,6.0,1.0,0.0,5.6,13.3,0.08641975308641975,0.07307090301747231,6.0,1.0,30.0,10.67,15.3,1640.0,2140.0,2160.0,1609.0,2140.0,1,1,0,1,1,6006.507181794034,6006.507181794034,5483.165792142293,0.0,6006.507181794034,10.0,21.0,13.0,39.0,27.0,0.07565301887413946,15.0,0.5454545454545454,False,False,False,True,False,False,0,0.03288097788588912,0.029523315202736995,0.06874641148901814,0.04748304141801309,0.03402957183762377,0.3232091355551204,0.09339070202799839,0.052710259057034595,False,False,0.08577974004926556
2016-10-01,7.0,0.08641975308641975,0.08641975308641975,0.07190282340663544,6.0,5.0,2140.0,2140.0,0,5,0.11146979463182208,110000.0,0.07416101908267389,0.09258617023221932,9.0,6.0,200.0,9.78,12.8,0.07416101908267389,0.06791166520120877,9.0,2.0,110.0,4.71,14.3,0.08641975308641975,0.14386032826791254,9.0,1.0,75.0,17.51,13.6,0.08641975308641975,0.07307090301747231,9.0,1.0,0.0,4.3,15.5,0.08641975308641975,0.08641975308641975,9.0,1.0,0.0,47.0,12.4,2140.0,2640.0,2140.0,1900.0,2100.0,1,0,1,1,1,1273.034479311176,6976.064300232708,9497.1217383141,0.0,0.0,7.0,35.0,7.0,41.0,16.0,0.07519294065240986,37.0,0.3333333333333333,False,False,False,False,False,False,0,0.07473772732648419,0.07408346257590563,0.09591009600092396,0.06903845888528998,0.03215275085941661,0.3102976685522139,0.08280439550443638,0.06545754750505482,False,False,0.08575361599555378
2016-10-01,4.0,0.08641975308641975,0.08641975308641975,0.08641975308641975,4.0,6.0,3180.0,3140.0,1,7,0.0664157220307793,100000.0,0.08641975308641975,0.14104721703925477,0.0,6.0,0.0,7.4,14.6,0.08641975308641975,0.06791166520120877,0.0,2.0,30.0,5.13,12.0,0.08641975308641975,0.06932453357913669,0.0,1.0,50.0,5.9,12.5,0.08641975308641975,0.07190282340663544,0.0,1.0,100.0,9.57,14.6,0.08641975308641975,0.08641975308641975,0.0,1.0,50.0,4.88,12.6,3160.0,1609.0,2160.0,2680.0,1700.0,0,1,0,0,1,0.0,3643.130763542206,7754.367427987845,10966.331584284586,7754.367427987845,13.0,17.0,17.0,16.0,22.0,0.083461573766597,35.0,0.3333333333333333,False,False,True,False,False,False,0,0.0510431133267262,0.06482528636319213,0.057603893938512535,0.03825741257245482,0.03334986337467845,0.2985857640949128,0.07954172120159896,0.06158435531984692,False,False,0.08357129562185689
2016-10-01,7.0,0.08641975308641975,0.08641975308641975,0.14508655153291777,1.0,12.0,2140.0,2140.0,0,5,0.11146979463182208,110000.0,0.08641975308641975,0.14104721703925477,0.0,7.0,0.0,7.5,14.7,0.14508655153291777,0.14508655153291777,0.0,1.0,0.0,2.0,15.0,0.11389822712315431,0.07416101908267389,0.0,2.0,0.0,3.8,13.9,0.12455932471198387,0.10229388548603974,0.0,2.0,0.0,1.6,15.3,0.08641975308641975,0.10229388548603974,0.0,2.0,0.0,7.8,13.8,3160.0,3030.0,2100.0,2100.0,2680.0,0,0,1,1,0,0.0,0.0,0.0,0.0,0.0,13.0,15.0,21.0,10.0,11.0,0.05558953400811005,42.0,0.6666666666666666,False,False,False,True,True,True,0,0.02569675972445797,0.02755720514057876,0.05686161235468614,0.027567232587538862,0.038838873949513346,0.2820403024628918,0.0625303247496487,0.060679308280502484,False,False,0.080292924565633
2016-10-01,5.0,0.08641975308641975,0.08641975308641975,0.07190282340663544,0.0,7.0,2140.0,2140.0,0,7,0.11146979463182208,300000.0,0.1436247938849562,0.14104721703925477,0.0,2.0,0.0,3.1,22.1,0.07190282340663544,0.06791166520120877,0.0,2.0,0.0,21.3,20.8,0.11389822712315431,0.07416101908267389,0.0,2.0,0.0,1.7,23.1,0.12455932471198387,0.07307090301747231,0.0,2.0,0.0,1.4,23.5,0.10713968912368492,0.10229388548603974,0.0,2.0,0.0,21.3,22.1,2140.0,1700.0,2120.0,2100.0,2609.0,0,1,0,1,1,0.0,0.0,0.0,0.0,0.0,13.0,29.0,7.0,15.0,6.0,0.05892245676390274,71.0,0.7777777777777778,False,False,False,True,True,False,0,0.020594720559581788,0.022906857457462404,0.06266438780742788,0.02619794466280945,0.036801041524288876,0.27810462362559785,0.08271485517773917,0.04812339670915815,False,False,0.07989176698810503
2016-10-01,2.0,0.08641975308641975,0.08641975308641975,0.06932453357913669,6.0,11.0,2140.0,2140.0,0,3,0.0781586749702089,100000.0,0.10713968912368492,0.09258617023221932,6.0,20.0,100.0,11.55,30.0,0.06932453357913669,0.06791166520120877,6.0,2.0,80.0,3.91,12.9,0.10229388548603974,0.08641975308641975,6.0,20.0,80.0,6.54,30.0,0.10229388548603974,0.07307090301747231,6.0,20.0,75.0,1.53,15.5,0.08641975308641975,0.06932453357913669,6.0,20.0,50.0,3.36,15.7,2640.0,1609.0,1640.0,2140.0,2140.0,1,1,1,1,0,0.8208499862389879,5949.207624609655,0.7341905474240576,0.7108769407790704,0.5804285916064725,19.0,24.0,11.0,28.0,18.0,0.23125761718106658,14.0,0.45454545454545453,False,False,False,True,True,True,0,0.04696851691003254,0.05169013011575264,0.04950992936772887,0.050709827781257925,0.02436289679518049,0.2968315304660087,0.07046431393146906,0.07387886492829486,False,False,0.07833071661456328
2016-10-01,3.0,0.08641975308641975,0.08641975308641975,0.07190282340663544,1.0,3.0,2140.0,2140.0,0,5,0.11146979463182208,150000.0,0.1436247938849562,0.14104721703925477,0.0,5.0,0.0,4.3,14.2,0.07190282340663544,0.06791166520120877,0.0,2.0,0.0,1.6,14.3,0.07416101908267389,0.14386032826791254,0.0,15.0,500.0,17.38,18.8,0.07307090301747231,0.07307090301747231,0.0,15.0,0.0,1.8,13.9,0.10713968912368492,0.06932453357913669,0.0,15.0,100.0,2.61,16.4,3180.0,2100.0,3140.0,2600.0,2140.0,0,1,1,1,1,0.0,0.0,22.36067977499789,0.0,10.0,13.0,29.0,7.0,14.0,19.0,0.10855759369604445,46.0,0.5833333333333334,False,False,False,True,True,True,0,0.03859233023629155,0.04043090885286783,0.09984179137133505,0.038983288805038034,0.036995160043552085,0.28128861516539827,0.05536916049575872,0.05654630638575704,False,False,0.07555136436164378
2016-10-01,7.0,0.08641975308641975,0.08641975308641975,0.08641975308641975,3.0,9.0,2140.0,2140.0,0,7,0.0781586749702089,110000.0,0.08641975308641975,0.10229388548603974,5.0,1.0,150.0,5.42,12.2,0.08641975308641975,0.13526323739294277,5.0,1.0,30.0,6.36,12.4,0.08641975308641975,0.10713968912368492,5.0,6.0,100.0,27.93,13.6,0.08641975308641975,0.07307090301747231,5.0,6.0,100.0,14.58,30.0,0.08641975308641975,0.08641975308641975,5.0,6.0,0.0,9.0,11.0,2140.0,2140.0,2140.0,2140.0,1600.0,1,1,1,1,1,13430.958365832146,6006.507181794034,900.1713130052182,900.1713130052182,0.0,27.0,19.0,24.0,16.0,13.0,0.0859615568180613,40.0,0.5,False,False,False,False,False,True,0,0.026272589020385703,0.029450123140345796,0.05403519117041552,0.027267849129148106,0.0173713656402253,0.34819559138618456,0.10466355547180603,0.04271927094566786,False,False,0.07211392542921134
2016-10-01,4.0,0.08641975308641975,0.08641975308641975,0.08641975308641975,3.0,2.0,3160.0,3140.0,1,9,0.11146979463182208,100000.0,0.08641975308641975,0.08641975308641975,1.0,1.0,20.0,2.81,13.8,0.08641975308641975,0.07065458436241365,1.0,1.0,20.0,10.36,13.7,0.07416101908267389,0.07065458436241365,1.0,3.0,20.0,5.39,14.4,0.11389822712315431,0.07416101908267389,1.0,3.0,25.0,20.14,13.6,0.08641975308641975,0.07065458436241365,1.0,3.0,20.0,44.81,14.9,2140.0,2140.0,2100.0,2140.0,2140.0,0,1,1,1,0,4904.29257725266,4904.29257725266,1804.188412660961,2017.143967463676,1804.188412660961,13.0,41.0,18.0,19.0,46.0,0.06399602589646812,36.0,0.4,False,True,False,True,False,False,0,0.0324297018505088,0.04243990850796683,0.0532842322766228,0.026568697973434835,0.02401464995624113,0.3137156281886386,0.07924403043566002,0.04405073711820938,False,False,0.07161154403286521
2016-10-01,4.0,0.08641975308641975,0.08641975308641975,0.08641975308641975,2.0,2.0,3140.0,3140.0,1,7,0.0781586749702089,100000.0,0.08641975308641975,0.0953501240934021,3.0,2.0,30.0,13.17,13.8,0.08641975308641975,0.063177901856914,3.0,2.0,25.0,5.24,14.8,0.08641975308641975,0.14386032826791254,3.0,2.0,25.0,16.1,15.3,0.08641975308641975,0.07416101908267389,3.0,2.0,22.0,26.61,30.0,0.08641975308641975,0.08641975308641975,3.0,2.0,25.0,9.55,15.8,2640.0,2640.0,2140.0,2140.0,2640.0,1,0,1,1,0,3643.130763542206,3325.708165221809,3325.708165221809,3119.7907981459666,3325.708165221809,22.0,15.0,21.0,42.0,20.0,0.033688086868719595,37.0,0.4666666666666667,False,False,False,True,False,False,0,0.02453421328675855,0.02720643600979069,0.047578062051371266,0.025364944584972203,0.02772818089970207,0.30639256560037614,0.06618346318119925,0.04328208657477956,False,False,0.0702367358277538
2016-10-01,5.0,0.08641975308641975,0.08641975308641975,0.08641975308641975,2.0,6.0,2140.0,2140.0,0,6,0.0664157220307793,300000.0,0.07065458436241365,0.08641975308641975,0.0,1.0,0.0,1.6,22.8,0.08641975308641975,0.1242845261560249,0.0,1.0,0.0,3.9,21.5,0.08641975308641975,0.07065458436241365,0.0,3.0,0.0,6.1,23.6,0.08641975308641975,0.11389822712315431,0.0,3.0,0.0,35.1,22.1,0.08641975308641975,0.08641975308641975,0.0,3.0,0.0,10.8,24.3,2120.0,1609.0,2100.0,2140.0,1600.0,0,1,1,1,1,0.0,0.0,0.0,0.0,0.0,28.0,17.0,19.0,6.0,140.0,0.1734038403190152,69.0,0.5555555555555556,False,False,False,False,True,True,0,0.02972805407917026,0.046017477514288266,0.08186852023735172,0.033577745276284834,0.023908655638331205,0.27809631277085706,0.07893615920220803,0.04291366064635404,False,False,0.06888988904748979
2016-10-01,7.0,0.08641975308641975,0.08641975308641975,0.08641975308641975,2.0,6.0,2140.0,2140.0,0,3,0.11146979463182208,110000.0,0.08641975308641975,0.14104721703925477,0.0,3.0,0.0,5.9,13.0,0.08641975308641975,0.1242845261560249,0.0,1.0,0.0,3.2,14.8,0.08641975308641975,0.06791166520120877,0.0,20.0,100.0,6.73,30.0,0.08641975308641975,0.08641975308641975,0.0,20.0,0.0,4.0,15.0,0.08641975308641975,0.07416101908267389,0.0,20.0,50.0,13.4,14.7,2100.0,2100.0,2660.0,2100.0,2140.0,1,1,0,1,1,0.0,0.0,0.8208499862389879,0.0,0.5804285916064725,13.0,12.0,10.0,14.0,17.0,0.1433929979247611,41.0,0.5833333333333334,False,False,False,True,True,True,0,0.02843752896883367,0.03182990924908891,0.05475443903417883,0.02749571898564709,0.026010299975013335,0.28197415820229804,0.0639078336802218,0.04651150818438331,False,False,0.0683309245612141
2016-10-01,6.0,0.08641975308641975,0.08641975308641975,0.06932453357913669,6.0,9.0,2140.0,2140.0,0,5,0.11146979463182208,125000.0,0.07416101908267389,0.07065458436241365,10.0,5.0,125.0,8.51,11.6,0.07307090301747231,0.063177901856914,10.0,5.0,220.0,11.47,13.6,0.07307090301747231,0.07065458436241365,10.0,1.0,100.0,3.57,10.8,0.06932453357913669,0.07307090301747231,10.0,1.0,125.0,11.6,10.9,0.11389822712315431,0.0664157220307793,10.0,1.0,100.0,1.89,11.1,1640.0,2140.0,1609.0,1609.0,1640.0,1,1,1,1,1,1659.3095625442652,2201.322892003233,10966.331584284586,12260.73144313165,10966.331584284586,35.0,14.0,18.0,17.0,10.0,0.0904081751406613,28.0,0.5,False,False,False,False,True,True,0,0.04342244745880123,0.040691456657027905,0.11153693431016755,0.06326002418215308,0.017183321143708137,0.30310142311166904,0.08298320412441187,0.04780290129083018,False,False,0.06741940019919399
2016-10-01,5.0,0.08641975308641975,0.08641975308641975,0.06932453357913669,1.0,1.0,2140.0,2140.0,0,9,0.11146979463182208,300000.0,0.10713968912368492,0.08641975308641975,5.0,2.0,35.0,10.08,23.7,0.06932453357913669,0.07190282340663544,5.0,4.0,250.0,8.92,23.7,0.10229388548603974,0.08641975308641975,5.0,2.0,150.0,24.36,22.9,0.10229388548603974,0.07190282340663544,5.0,2.0,30.0,1.37,30.0,0.07065458436241365,0.08641975308641975,5.0,2.0,75.0,2.31,20.7,2160.0,2640.0,2140.0,2140.0,1640.0,0,1,1,1,1,3935.030968151612,3868.919155112892,8146.288038201084,3643.130763542206,5760.295513310844,22.0,13.0,31.0,8.0,14.0,0.0720240417262653,70.0,0.6666666666666666,False,False,False,True,True,True,0,0.026306010851183458,0.02569283483913131,0.11655350418146185,0.031940438414257845,0.01981679118257669,0.3082544957395696,0.08921369857726112,0.0343912071017187,False,False,0.06579689948922511
2016-10-01,4.0,0.08641975308641975,0.08641975308641975,0.14508655153291777,0.0,5.0,3140.0,3140.0,1,7,0.0781586749702089,100000.0,0.14508655153291777,0.14104721703925477,0.0,4.0,0.0,23.1,12.1,0.08641975308641975,0.06791166520120877,0.0,5.0,0.0,11.3,16.2,0.08641975308641975,0.07065458436241365,0.0,15.0,0.0,12.0,17.2,0.08641975308641975,0.10229388548603974,0.0,15.0,0.0,2.9,16.3,0.08641975308641975,0.11389822712315431,0.0,15.0,0.0,30.1,15.5,1609.0,2100.0,2100.0,2100.0,2100.0,1,1,1,1,1,0.0,0.0,0.0,0.0,0.0,10.0,11.0,15.0,16.0,7.0,0.01669015491444338,39.0,0.6,False,False,False,False,False,False,0,0.021048860212254012,0.021826383666945448,0.036975565818991606,0.02365847440105501,0.019460126986370677,0.28204069588007047,0.06205401234333576,0.05179775899055245,False,False,0.06480888824047695
2016-10-01,3.0,0.08641975308641975,0.08641975308641975,0.08641975308641975,2.0,10.0,2140.0,2140.0,0,9,0.0781586749702089,150000.0,0.08641975308641975,0.07416101908267389,0.0,2.0,0.0,3.0,11.9,0.08641975308641975,0.12455932471198387,0.0,1.0,0.0,4.5,11.3,0.08641975308641975,0.07065458436241365,0.0,4.0,100.0,3.45,10.6,0.08641975308641975,0.07416101908267389,0.0,4.0,0.0,2.1,14.9,0.08641975308641975,0.0664157220307793,0.0,4.0,500.0,40.55,10.4,1640.0,1600.0,1609.0,1800.0,1609.0,1,1,1,1,1,0.0,0.0,2446.919322642204,0.0,5471.477940885708,20.0,14.0,33.0,23.0,36.0,0.031945580350767874,45.0,0.5,False,False,False,True,True,True,0,0.023726840293638942,0.02925046733306997,0.05822173248327128,0.02546938075973694,0.026266822628327188,0.28302661936021273,0.06194490453304812,0.035194651289982844,False,False,0.0634496557244906
2016-10-01,4.0,0.08641975308641975,0.08641975308641975,0.07307090301747231,3.0,4.0,3140.0,3140.0,1,5,0.0781586749702089,100000.0,0.07307090301747231,0.14104721703925477,0.0,15.0,0.0,7.0,12.2,0.08641975308641975,0.08641975308641975,0.0,1.0,0.0,1.6,15.2,0.08641975308641975,0.07416101908267389,0.0,15.0,0.0,3.5,30.0,0.08641975308641975,0.07307090301747231,0.0,15.0,0.0,1.7,13.8,0.08641975308641975,0.08641975308641975,0.0,15.0,0.0,1.6,37.4,1609.0,1900.0,1609.0,1900.0,2100.0,1,1,1,1,1,0.0,0.0,0.0,0.0,0.0,38.0,17.0,0.0,7.0,25.0,0.05777568993353096,36.0,0.4,False,False,False,True,False,False,0,0.03613561046343424,0.044070384766335964,0.06704626491094892,0.031447118040714886,0.01769901147670252,0.282008883717156,0.061493048084477496,0.04606076024426067,False,False,0.061318600005873115
2016-10-01,5.0,0.08641975308641975,0.08641975308641975,0.08641975308641975,0.0,10.0,2140.0,2140.0,0,6,0.11146979463182208,300000.0,0.07307090301747231,0.14104721703925477,0.0,3.0,0.0,13.4,21.6,0.08641975308641975,0.06791166520120877,0.0,4.0,0.0,6.8,21.2,0.08641975308641975,0.11389822712315431,0.0,6.0,0.0,14.5,22.6,0.08641975308641975,0.07307090301747231,0.0,6.0,0.0,2.6,20.4,0.10713968912368492,0.11389822712315431,0.0,6.0,0.0,18.9,19.2,2160.0,1700.0,2609.0,1609.0,1609.0,0,1,1,1,1,0.0,0.0,0.0,0.0,0.0,13.0,29.0,28.0,14.0,27.0,0.09496481874792308,71.0,0.7777777777777778,False,False,False,False,True,True,0,0.020556594282393578,0.023026448491368055,0.03662200646641003,0.024619589607693407,0.019562258837754573,0.2780366495856193,0.07528555900988836,0.034484425261310486,False,False,0.061300487706560484
2016-10-01,3.0,0.08641975308641975,0.08641975308641975,0.14508655153291777,2.0,5.0,2140.0,2140.0,0,6,0.0781586749702089,150000.0,0.07416101908267389,0.07190282340663544,2.0,4.0,150.0,16.51,13.4,0.14508655153291777,0.08641975308641975,2.0,2.0,50.0,2.82,13.5,0.11389822712315431,0.06932453357913669,2.0,3.0,50.0,4.3,12.6,0.08641975308641975,0.07190282340663544,2.0,3.0,150.0,12.36,14.7,0.07416101908267389,0.08641975308641975,2.0,3.0,100.0,2.77,14.4,2148.0,2140.0,2160.0,2140.0,2640.0,1,1,0,1,1,2996.85189111502,4703.261591751624,2852.672356046204,4940.973458019238,4034.287934927351,14.0,18.0,15.0,16.0,9.0,0.054411860160195245,45.0,0.5,False,False,True,False,True,False,0,0.02254580839909953,0.027390057120187536,0.06255835165660657,0.025087902648671,0.013620545752256703,0.3066363842345967,0.06952605311524407,0.04825566744043749,False,False,0.06118268391026993
2016-10-01,3.0,0.08641975308641975,0.08641975308641975,0.07190282340663544,1.0,4.0,2140.0,2140.0,0,9,0.0781586749702089,150000.0,0.08641975308641975,0.08641975308641975,8.0,1.0,30.0,3.35,13.5,0.07416101908267389,0.06791166520120877,8.0,15.0,150.0,31.24,12.2,0.08641975308641975,0.08641975308641975,8.0,20.0,75.0,4.78,30.0,0.07307090301747231,0.12455932471198387,8.0,20.0,100.0,5.94,16.1,0.07307090301747231,0.11389822712315431,8.0,20.0,150.0,12.94,13.9,2140.0,2100.0,1680.0,4180.0,3180.0,1,1,1,0,0,6006.507181794034,12.247448713915892,0.7108769407790704,0.8208499862389879,1.0053318108280571,25.0,17.0,20.0,9.0,15.0,0.027369500590671288,46.0,0.5833333333333334,False,False,False,True,False,False,0,0.0317141796476174,0.03325232605017818,0.11698460850990948,0.0357433656465129,0.013901681538078818,0.30292458539109657,0.07162578127259495,0.0430114373183176,False,False,0.06001555081379134
2016-10-01,1.0,0.08641975308641975,0.08641975308641975,0.08641975308641975,5.0,3.0,1640.0,1640.0,0,7,0.0781586749702089,100000.0,0.07065458436241365,0.14104721703925477,0.0,2.0,0.0,7.1,13.9,0.08641975308641975,0.07416101908267389,0.0,15.0,0.0,10.1,15.6,0.07416101908267389,0.07416101908267389,0.0,1.0,0.0,4.0,14.1,0.07416101908267389,0.10229388548603974,0.0,1.0,0.0,11.9,13.8,0.08641975308641975,0.11389822712315431,0.0,1.0,0.0,4.0,16.0,2100.0,2100.0,2100.0,2100.0,2100.0,1,1,1,1,1,0.0,0.0,0.0,0.0,0.0,14.0,77.0,17.0,14.0,46.0,0.1122222844031563,20.0,0.5833333333333334,False,False,False,False,True,True,0,0.03554955997514402,0.035883340232795734,0.04988875636752843,0.04720374278226432,0.015388850489048448,0.28222842999659165,0.06646424944632737,0.04436594537469564,False,False,0.05982203688386597
2016-10-01,6.0,0.08641975308641975,0.08641975308641975,0.07190282340663544,0.0,6.0,2140.0,2140.0,0,7,0.11146979463182208,125000.0,0.1436247938849562,0.14104721703925477,0.0,3.0,0.0,85.8,12.9,0.07190282340663544,0.06791166520120877,0.0,3.0,0.0,11.9,14.0,0.11389822712315431,0.12455932471198387,0.0,4.0,0.0,10.2,13.1,0.08641975308641975,0.07307090301747231,0.0,4.0,0.0,5.4,14.0,0.10713968912368492,0.07416101908267389,0.0,4.0,0.0,11.0,12.2,2100.0,2100.0,2100.0,2100.0,1609.0,1,1,1,1,1,0.0,0.0,0.0,0.0,0.0,13.0,8.0,24.0,12.0,21.0,0.09206433044326773,34.0,0.8,False,False,False,True,True,False,0,0.02425729820625899,0.028936837227376593,0.03962997545171599,0.024542786523317952,0.01928070688730235,0.28165524175854045,0.05876637438703609,0.03853213435707527,False,False,0.059217243626391594
2016-10-01,2.0,0.08641975308641975,0.08641975308641975,0.08641975308641975,1.0,6.0,2140.0,2140.0,0,6,0.11146979463182208,100000.0,0.08641975308641975,0.14104721703925477,0.0,20.0,0.0,6.8,30.0,0.08641975308641975,0.07416101908267389,0.0,1.0,0.0,3.7,13.1,0.08641975308641975,0.11389822712315431,0.0,1.0,0.0,6.8,15.0,0.08641975308641975,0.11389822712315431,0.0,1.0,0.0,12.7,30.0,0.08641975308641975,0.07190282340663544,0.0,1.0,0.0,199.5,14.4,2100.0,1609.0,1609.0,2140.0,2100.0,1,1,1,1,1,0.0,0.0,0.0,0.0,0.0,14.0,21.0,13.0,22.0,15.0,0.036916565104252445,19.0,0.8181818181818182,False,False,False,True,True,False,0,0.024460421193507737,0.028241582347191783,0.04763042961872258,0.025207797091731512,0.01959387527771962,0.2821391506477597,0.06212420423306363,0.033210500771658505,False,False,0.05811389564917331
2016-10-01,7.0,0.08641975308641975,0.08641975308641975,0.07307090301747231,3.0,8.0,2140.0,2140.0,0,5,0.0781586749702089,110000.0,0.07307090301747231,0.14104721703925477,0.0,1.0,0.0,1.8,13.7,0.08641975308641975,0.13526323739294277,0.0,2.0,150.0,5.8,12.4,0.08641975308641975,0.12455932471198387,0.0,1.0,0.0,2.9,13.9,0.08641975308641975,0.07307090301747231,0.0,1.0,0.0,1.4,14.2,0.08641975308641975,0.08641975308641975,0.0,1.0,0.0,2.0,12.5,2100.0,2140.0,2100.0,1900.0,1900.0,1,1,1,1,1,0.0,8146.288038201084,0.0,0.0,0.0,10.0,17.0,11.0,19.0,6.0,0.05341884118942653,40.0,0.5,False,False,False,True,False,False,0,0.028527791035581295,0.032255607429944634,0.0753713380548835,0.03184877080988191,0.010040641794382903,0.3021146077051345,0.08162888110010381,0.04595494308890368,False,False,0.058080095074058945
2016-10-01,6.0,0.08641975308641975,0.08641975308641975,0.08641975308641975,0.0,8.0,2140.0,2140.0,0,6,0.0781586749702089,125000.0,0.08641975308641975,0.07190282340663544,0.0,5.0,0.0,3.0,14.1,0.07416101908267389,0.07416101908267389,0.0,20.0,0.0,24.8,30.0,0.07416101908267389,0.07065458436241365,0.0,3.0,0.0,12.6,14.1,0.07416101908267389,0.07307090301747231,0.0,3.0,0.0,4.6,15.4,0.08641975308641975,0.0664157220307793,0.0,3.0,100.0,3.47,30.0,2100.0,1609.0,2600.0,3180.0,1609.0,1,1,1,0,1,0.0,0.0,0.0,0.0,4034.287934927351,21.0,14.0,28.0,35.0,27.0,0.1314853027407132,34.0,0.8,False,False,False,False,True,False,0,0.02849660360673723,0.033757174530844404,0.04623982061279132,0.024880739056559537,0.020934452575399207,0.281984207570714,0.07038606492500692,0.025536728488041456,False,False,0.057073510354061156
2016-10-01,6.0,0.08641975308641975,0.08641975308641975,0.06932453357913669,3.0,3.0,2140.0,2140.0,0,7,0.0781586749702089,125000.0,0.07307090301747231,0.09258617023221932,11.0,6.0,220.0,72.63,12.6,0.06932453357913669,0.08641975308641975,11.0,15.0,125.0,3.53,13.1,0.10229388548603974,0.07065458436241365,11.0,20.0,125.0,3.23,30.0,0.10229388548603974,0.07307090301747231,11.0,20.0,125.0,7.85,12.8,0.07065458436241365,0.10713968912368492,11.0,20.0,30.0,2.73,13.7,2140.0,1646.0,2100.0,2140.0,2140.0,1,1,1,1,1,1335.169825927243,11.180339887498944,0.917738184280072,0.917738184280072,0.4495980537908989,7.0,7.0,28.0,14.0,18.0,0.10314266658908101,31.0,0.6,False,False,False,False,True,True,0,0.03225168284335693,0.03767750105039002,0.09511627354638769,0.03675311542731693,0.01394393566468366,0.28639515751729855,0.06258043622663509,0.04021112342253699,False,False,0.05630331404145356
2016-10-01,2.0,0.08641975308641975,0.08641975308641975,0.08641975308641975,2.0,3.0,2140.0,2140.0,0,4,0.11146979463182208,100000.0,0.07307090301747231,0.08641975308641975,1.0,3.0,100.0,4.38,13.9,0.08641975308641975,0.07065458436241365,1.0,1.0,20.0,4.57,15.3,0.08641975308641975,0.06932453357913669,1.0,1.0,30.0,7.29,14.8,0.07416101908267389,0.12455932471198387,1.0,1.0,100.0,17.48,30.0,0.08641975308641975,0.07065458436241365,1.0,1.0,20.0,3.61,15.6,2140.0,2640.0,2140.0,2640.0,2160.0,1,1,1,0,0,4034.287934927351,4904.29257725266,6006.507181794034,10966.331584284586,4904.29257725266,12.0,24.0,18.0,16.0,8.0,0.06110214433940512,18.0,0.7272727272727273,False,True,True,False,True,True,0,0.022704218036072133,0.029675319944712897,0.06024561420820909,0.026104089391636026,0.00926080403843667,0.31546427094047064,0.08858923370536333,0.038578542935699005,False,False,0.05621230704174389
2016-10-01,5.0,0.08641975308641975,0.08641975308641975,0.08641975308641975,3.0,4.0,2140.0,2140.0,0,9,0.11146979463182208,300000.0,0.07307090301747231,0.07065458436241365,8.0,1.0,50.0,1.69,22.2,0.08641975308641975,0.07190282340663544,8.0,1.0,100.0,2.02,26.2,0.08641975308641975,0.07416101908267389,8.0,4.0,0.0,10.0,23.9,0.07416101908267389,0.07307090301747231,8.0,4.0,100.0,1.55,21.8,0.08641975308641975,0.10229388548603974,8.0,4.0,0.0,5.8,23.5,1660.0,3200.0,2140.0,1660.0,2609.0,0,0,1,0,1,7754.367427987845,10966.331584284586,0.0,2446.919322642204,0.0,8.0,28.0,12.0,8.0,14.0,0.03843786571886784,68.0,0.4444444444444444,False,False,False,True,True,True,0,0.027427904766348248,0.029241283075187415,0.16566753615012794,0.028559396624191494,0.008422362554372492,0.33489497259568207,0.08896176904998204,0.0385802018828689,False,False,0.055779885275207844
2016-10-01,7.0,0.08641975308641975,0.08641975308641975,0.06932453357913669,4.0,3.0,2140.0,2140.0,0,5,0.0781586749702089,110000.0,0.10713968912368492,0.07190282340663544,10.0,3.0,100.0,3.87,15.3,0.06932453357913669,0.06791166520120877,10.0,1.0,40.0,11.06,12.0,0.07307090301747231,0.06791166520120877,10.0,1.0,30.0,2.48,13.2,0.06932453357913669,0.07416101908267389,10.0,1.0,100.0,8.63,12.9,0.07065458436241365,0.08641975308641975,10.0,1.0,50.0,2.67,15.6,2148.0,1640.0,2140.0,2140.0,3160.0,0,1,1,1,0,4034.287934927351,6935.717076596412,6006.507181794034,10966.331584284586,7754.367427987845,14.0,38.0,12.0,9.0,33.0,0.051502692154041414,39.0,0.4166666666666667,False,False,False,True,True,False,0,0.03836868377147397,0.04046710760437955,0.0874010011765677,0.03679564857480632,0.008764858648623435,0.32057347620323473,0.09172482167528015,0.03716019260873233,False,False,0.05563003509396128
2016-10-01,2.0,0.08641975308641975,0.08641975308641975,0.08641975308641975,2.0,2.0,2140.0,2140.0,0,6,0.0781586749702089,100000.0,0.08641975308641975,0.07190282340663544,0.0,2.0,0.0,2.5,16.4,0.08641975308641975,0.08641975308641975,0.0,1.0,0.0,2.6,15.4,0.08641975308641975,0.07307090301747231,0.0,2.0,22.0,3.72,15.9,0.08641975308641975,0.07190282340663544,0.0,2.0,30.0,16.07,14.2,0.08641975308641975,0.08641975308641975,0.0,2.0,0.0,6.4,16.1,2500.0,2100.0,2640.0,2140.0,2100.0,1,1,0,1,1,0.0,0.0,3119.7907981459666,3643.130763542206,0.0,18.0,10.0,58.0,52.0,14.0,0.067640567871142,18.0,0.7272727272727273,False,False,False,False,False,True,0,0.027276364029580107,0.03202069552463443,0.06385792330624403,0.027479107139350416,0.018193205689199715,0.2848332974964303,0.057452253682063026,0.030315423879709924,False,False,0.05481099366611546
2016-10-01,6.0,0.08641975308641975,0.08641975308641975,0.11389822712315431,0.0,5.0,2140.0,2140.0,0,7,0.11146979463182208,125000.0,0.08641975308641975,0.07416101908267389,0.0,3.0,0.0,1.6,15.0,0.08641975308641975,0.063177901856914,0.0,5.0,100.0,7.82,12.4,0.08641975308641975,0.07065458436241365,0.0,4.0,0.0,5.1,14.0,0.08641975308641975,0.07307090301747231,0.0,4.0,0.0,3.4,12.9,0.08641975308641975,0.10229388548603974,0.0,4.0,0.0,1.6,14.8,2180.0,1640.0,1609.0,1609.0,2160.0,0,1,1,1,0,0.0,1484.131591025766,0.0,0.0,0.0,35.0,14.0,15.0,0.0,7.0,0.04141283475598566,34.0,0.8,False,False,False,False,False,False,0,0.029790426184548694,0.03414587121773356,0.09826235662408948,0.03394743826613441,0.014913740939226556,0.28518946572913784,0.06268600037316673,0.03285070612537223,False,False,0.05440124465846344
2016-10-01,7.0,0.08641975308641975,0.08641975308641975,0.08641975308641975,2.0,11.0,2140.0,2140.0,0,5,0.11146979463182208,110000.0,0.08641975308641975,0.10229388548603974,9.0,15.0,110.0,6.3,13.0,0.08641975308641975,0.06791166520120877,9.0,1.0,110.0,3.49,14.2,0.08641975308641975,0.07065458436241365,9.0,4.0,70.0,3.24,11.4,0.08641975308641975,0.07416101908267389,9.0,4.0,27.0,2.27,12.8,0.08641975308641975,0.07190282340663544,9.0,4.0,30.0,2.87,13.3,2140.0,2640.0,1609.0,2140.0,2140.0,1,0,1,1,1,10.488088481701515,11501.58559756547,2047.2395854085685,1271.456576651496,1340.2329094063964,28.0,14.0,25.0,15.0,20.0,0.07836766728299259,41.0,0.5833333333333334,False,False,False,False,True,True,0,0.029121012016834227,0.03403339912957197,0.07965118369240705,0.031596977341159,0.012333313750876035,0.3125040118044507,0.08174665024609606,0.02652234732757689,False,False,0.05376557875726351
2016-10-01,4.0,0.08641975308641975,0.08641975308641975,0.08641975308641975,0.0,4.0,3180.0,3140.0,1,6,0.11146979463182208,100000.0,0.08641975308641975,0.14104721703925477,0.0,5.0,0.0,20.3,12.6,0.08641975308641975,0.07065458436241365,0.0,6.0,110.0,78.55,14.1,0.08641975308641975,0.07416101908267389,0.0,2.0,0.0,4.8,13.6,0.08641975308641975,0.07416101908267389,0.0,2.0,0.0,6.8,12.6,0.08641975308641975,0.07416101908267389,0.0,2.0,0.0,22.1,14.6,2100.0,2640.0,2100.0,1640.0,2600.0,1,1,1,1,1,0.0,944.107637948816,0.0,0.0,0.0,14.0,12.0,17.0,13.0,7.0,0.06360725489878455,39.0,0.6,False,True,False,True,True,True,0,0.022350484050627884,0.02338102849995497,0.036983258390261654,0.024349498178493946,0.013519241999297995,0.2843283157654124,0.05697769601478091,0.036414951024662974,False,False,0.05314216789691292
2016-10-01,4.0,0.08641975308641975,0.08641975308641975,0.08641975308641975,1.0,1.0,3180.0,3140.0,1,7,0.0664157220307793,100000.0,0.08641975308641975,0.0953501240934021,6.0,2.0,30.0,28.69,12.4,0.08641975308641975,0.063177901856914,6.0,2.0,60.0,12.8,11.2,0.08641975308641975,0.10713968912368492,6.0,7.0,20.0,12.52,15.9,0.08641975308641975,0.07416101908267389,6.0,7.0,60.0,29.12,15.0,0.08641975308641975,0.07190282340663544,6.0,7.0,30.0,45.06,13.2,2140.0,1640.0,2640.0,2140.0,2140.0,1,1,1,1,1,3643.130763542206,5152.1649353000375,244.17034983968583,422.9154516242031,299.0463837120453,16.0,8.0,11.0,73.0,15.0,0.06326708027581142,38.0,0.5333333333333333,False,False,False,True,True,True,0,0.02491292444471366,0.027422426315089614,0.05276144229411162,0.02550701589295037,0.0122526636064072,0.3081927303354774,0.07352822646364703,0.027924703331816552,False,False,0.05276839559509271
2016-10-01,4.0,0.08641975308641975,0.08641975308641975,0.07416101908267389,1.0,1.0,3140.0,3140.0,1,6,0.0781586749702089,100000.0,0.10713968912368492,0.08641975308641975,11.0,2.0,100.0,36.3,15.1,0.07416101908267389,0.07190282340663544,11.0,6.0,100.0,59.71,16.2,0.08641975308641975,0.08641975308641975,11.0,3.0,50.0,5.42,15.0,0.07307090301747231,0.07190282340663544,11.0,3.0,30.0,4.23,15.5,0.08641975308641975,0.07416101908267389,11.0,3.0,20.0,5.89,15.6,2660.0,2660.0,2140.0,2640.0,2660.0,0,0,1,0,0,6651.416330443618,900.1713130052182,2852.672356046204,2209.670505430644,1804.188412660961,21.0,14.0,15.0,8.0,18.0,0.050205454673081386,38.0,0.5333333333333333,False,False,False,False,True,False,0,0.021543043961036644,0.023532189466129297,0.043209898492105214,0.022820948175361996,0.007133781156538601,0.3107699067891321,0.07384263811560443,0.03864593354776983,False,False,0.050152482684671325
2016-10-01,3.0,0.08641975308641975,0.08641975308641975,0.07307090301747231,2.0,12.0,2140.0,2140.0,0,7,0.0781586749702089,150000.0,0.07307090301747231,0.09258617023221932,6.0,15.0,250.0,8.28,11.9,0.07416101908267389,0.07307090301747231,6.0,2.0,150.0,6.49,10.7,0.07416101908267389,0.07065458436241365,6.0,1.0,150.0,6.93,11.1,0.07416101908267389,0.10713968912368492,6.0,1.0,220.0,22.76,13.2,0.07416101908267389,0.07065458436241365,6.0,1.0,100.0,1.96,11.9,2140.0,1640.0,2100.0,2140.0,1640.0,1,1,1,1,1,15.811388300841896,8146.288038201084,13430.958365832146,16265.698340872146,10966.331584284586,7.0,14.0,21.0,7.0,20.0,0.0711466812062676,45.0,0.5,False,False,False,False,False,False,0,0.029604842205346312,0.03502041834649321,0.09384953747383638,0.033651460548225334,0.007400834825957789,0.3141599225247594,0.09181819359146559,0.028776744338953955,False,False,0.049785224959533976
2016-10-01,4.0,0.08641975308641975,0.08641975308641975,0.07307090301747231,1.0,3.0,3160.0,3140.0,1,6,0.0781586749702089,100000.0,0.07416101908267389,0.10229388548603974,12.0,15.0,150.0,41.8,13.3,0.08641975308641975,0.1242845261560249,12.0,2.0,0.0,4.8,14.2,0.08641975308641975,0.06932453357913669,12.0,4.0,20.0,3.25,15.1,0.08641975308641975,0.10229388548603974,12.0,4.0,0.0,6.1,12.2,0.08641975308641975,0.10229388548603974,12.0,4.0,0.0,19.1,13.6,2140.0,2100.0,1640.0,1609.0,2140.0,1,1,0,1,1,12.247448713915892,0.0,1094.2955881771416,0.0,0.0,27.0,11.0,2.0,26.0,4.0,0.0478998266729302,38.0,0.5333333333333333,False,False,True,False,False,False,0,0.021183821780006513,0.024517362256530187,0.041084951343922836,0.023726887322227094,0.008822595517840927,0.28274923767238036,0.058638595223825044,0.03696096036983935,False,False,0.04822043835567893
2016-10-01,1.0,0.08641975308641975,0.08641975308641975,0.08641975308641975,1.0,1.0,1640.0,1640.0,0,5,0.0781586749702089,100000.0,0.08641975308641975,0.07190282340663544,0.0,3.0,0.0,1.8,16.9,0.07416101908267389,0.07416101908267389,0.0,2.0,0.0,3.4,14.3,0.08641975308641975,0.08641975308641975,0.0,1.0,0.0,2.8,15.1,0.07307090301747231,0.14508655153291777,0.0,1.0,0.0,6.0,16.5,0.08641975308641975,0.06932453357913669,0.0,1.0,30.0,3.29,16.1,2100.0,2100.0,2100.0,2100.0,2140.0,1,1,1,1,1,0.0,0.0,0.0,0.0,6006.507181794034,18.0,11.0,8.0,17.0,14.0,0.05656164306900218,24.0,0.75,False,False,False,False,True,True,0,0.025398147568612143,0.031560771624248043,0.07208154041771778,0.025913152586943294,0.009557162439230205,0.28258167714298066,0.06257659225857985,0.031808382054333326,False,False,0.04815114441560601
2016-10-01,3.0,0.08641975308641975,0.08641975308641975,0.08641975308641975,0.0,8.0,2140.0,2140.0,0,5,0.11146979463182208,150000.0,0.07416101908267389,0.14104721703925477,0.0,7.0,0.0,127.6,11.3,0.07307090301747231,0.13526323739294277,0.0,15.0,150.0,15.33,11.2,0.07416101908267389,0.06791166520120877,0.0,15.0,1000.0,76.99,11.2,0.06932453357913669,0.10713968912368492,0.0,15.0,100.0,4.01,10.5,0.08641975308641975,0.07190282340663544,0.0,15.0,0.0,5.7,12.1,2100.0,1640.0,2140.0,1609.0,2100.0,1,1,1,1,1,0.0,12.247448713915892,31.622776601683803,10.0,0.0,13.0,15.0,17.0,22.0,16.0,0.08605107034830134,47.0,0.6666666666666666,False,False,False,True,False,True,0,0.02695026503214085,0.030028820959292837,0.04849787155240457,0.027589937635749545,0.010147655433427327,0.2812470115335307,0.05168807217812981,0.036059076658007776,False,False,0.048024697859093406
2016-10-01,6.0,0.08641975308641975,0.08641975308641975,0.07307090301747231,2.0,1.0,2140.0,2140.0,0,6,0.11146979463182208,125000.0,0.07190282340663544,0.07065458436241365,5.0,4.0,100.0,8.83,13.7,0.07307090301747231,0.07065458436241365,5.0,1.0,35.0,1.2,13.9,0.07307090301747231,0.07065458436241365,5.0,1.0,30.0,3.25,13.7,0.07307090301747231,0.07416101908267389,5.0,1.0,30.0,1.6,13.4,0.07416101908267389,0.11389822712315431,5.0,1.0,220.0,25.27,13.0,2640.0,2140.0,2100.0,2100.0,2140.0,1,1,1,1,1,2446.919322642204,6487.769258055282,6006.507181794034,6006.507181794034,16265.698340872146,24.0,15.0,12.0,28.0,12.0,0.09486636617146131,32.0,0.7,False,False,False,True,True,True,0,0.03327498484860439,0.04154140361669943,0.13895020773031413,0.036611482850622545,0.006898410894612632,0.3127949501572159,0.0828258208067918,0.029342011396992992,False,False,0.04785376422408048
2016-10-01,3.0,0.08641975308641975,0.08641975308641975,0.07416101908267389,2.0,7.0,2140.0,2140.0,0,4,0.11146979463182208,150000.0,0.07416101908267389,0.07416101908267389,9.0,5.0,200.0,19.17,10.2,0.07416101908267389,0.07065458436241365,9.0,4.0,80.0,1.99,12.4,0.07307090301747231,0.06791166520120877,9.0,15.0,200.0,1.47,30.0,0.07307090301747231,0.07190282340663544,9.0,15.0,300.0,1.82,11.4,0.10713968912368492,0.11389822712315431,9.0,15.0,929.0,3.64,9.7,1640.0,2140.0,1660.0,2140.0,1609.0,1,1,0,1,1,2098.8790243749977,2188.591176354283,14.142135623730953,17.320508075688775,30.479501308256346,16.0,15.0,14.0,27.0,14.0,0.12009061287014319,45.0,0.5,False,False,False,True,True,False,0,0.024177690432370825,0.032039627943358066,0.0759564876673821,0.024666733917244457,0.008553777393191497,0.2941030661091352,0.061111735342318445,0.031484710934265234,False,False,0.04690514206038802
2016-10-01,5.0,0.08641975308641975,0.08641975308641975,0.07307090301747231,1.0,3.0,2140.0,2140.0,0,9,0.11146979463182208,300000.0,0.07307090301747231,0.14104721703925477,0.0,4.0,0.0,10.8,21.6,0.07416101908267389,0.06791166520120877,0.0,15.0,0.0,3.1,21.4,0.08641975308641975,0.07416101908267389,0.0,2.0,0.0,7.5,23.6,0.08641975308641975,0.11389822712315431,0.0,2.0,0.0,5.7,22.5,0.08641975308641975,0.07190282340663544,0.0,2.0,0.0,4.4,30.0,2160.0,1700.0,2140.0,2609.0,1609.0,0,1,1,1,1,0.0,0.0,0.0,0.0,0.0,13.0,29.0,6.0,22.0,14.0,0.07521130423475358,70.0,0.6666666666666666,False,False,False,True,False,False,0,0.021059450800822502,0.022143792810440925,0.04945412632681048,0.023801857566922265,0.0072734608807041076,0.27815641181428047,0.07774935779564651,0.030169865161809337,False,False,0.04667400738633553
2016-10-01,2.0,0.08641975308641975,0.08641975308641975,0.06932453357913669,3.0,10.0,2140.0,2140.0,0,6,0.0664157220307793,100000.0,0.07416101908267389,0.14104721703925477,0.0,15.0,0.0,46.8,15.4,0.07416101908267389,0.1242845261560249,0.0,15.0,0.0,3.3,15.9,0.08641975308641975,0.07065458436241365,0.0,1.0,0.0,15.7,14.4,0.08641975308641975,0.07307090301747231,0.0,1.0,0.0,4.3,14.3,0.08641975308641975,0.08641975308641975,0.0,1.0,0.0,38.0,15.9,2100.0,2100.0,1609.0,1640.0,2140.0,1,1,1,0,1,0.0,0.0,0.0,0.0,0.0,14.0,31.0,46.0,8.0,11.0,0.052043874962943444,17.0,0.6363636363636364,False,False,False,False,False,False,0,0.02681521127612617,0.027679668055925845,0.043126189343145764,0.02683573603613326,0.008128244984705263,0.2821181662577683,0.061498370552036837,0.028806196988312178,False,False,0.04489462445884342
2016-10-01,1.0,0.08641975308641975,0.08641975308641975,0.07307090301747231,1.0,10.0,1640.0,1640.0,0,6,0.0781586749702089,100000.0,0.07065458436241365,0.07416101908267389,0.0,1.0,0.0,1.9,13.5,0.08641975308641975,0.1242845261560249,0.0,4.0,0.0,7.0,14.5,0.07416101908267389,0.08641975308641975,0.0,3.0,0.0,5.3,13.3,0.07416101908267389,0.08641975308641975,0.0,3.0,0.0,1.6,14.9,0.08641975308641975,0.07190282340663544,0.0,3.0,0.0,2.9,30.0,1609.0,2100.0,1640.0,1700.0,2100.0,1,1,1,1,1,0.0,0.0,0.0,0.0,0.0,20.0,18.0,18.0,9.0,19.0,0.03518943421568079,24.0,0.75,False,False,False,True,False,True,0,0.025385270021966985,0.030609104964792584,0.06082709588118967,0.026073254210502647,0.009063899402304535,0.28218350486440824,0.0687156107022824,0.022326506324854396,False,False,0.04450724579762647
2016-10-01,7.0,0.08641975308641975,0.08641975308641975,0.07307090301747231,2.0,10.0,2140.0,2140.0,0,5,0.11146979463182208,110000.0,0.07190282340663544,0.07065458436241365,9.0,15.0,110.0,5.32,14.1,0.07307090301747231,0.063177901856914,9.0,1.0,200.0,12.81,14.0,0.07307090301747231,0.07307090301747231,9.0,1.0,110.0,6.59,13.0,0.07307090301747231,0.07416101908267389,9.0,1.0,100.0,5.99,15.9,0.07416101908267389,0.0664157220307793,9.0,1.0,30.0,1.37,14.8,2140.0,2140.0,2140.0,3140.0,2140.0,1,1,1,0,1,10.488088481701515,15508.73485597569,11501.58559756547,10966.331584284586,6006.507181794034,35.0,14.0,28.0,20.0,16.0,0.07809898217839983,41.0,0.5833333333333334,False,False,False,True,True,True,0,0.02965510942235956,0.03257155166578519,0.0885916657665922,0.03230647992289685,0.0056397253955562535,0.3317777060834305,0.08637938135225692,0.022148761380842513,False,False,0.0434976879145103
2016-10-01,1.0,0.08641975308641975,0.08641975308641975,0.07190282340663544,1.0,8.0,1640.0,1640.0,0,4,0.11146979463182208,100000.0,0.07065458436241365,0.14104721703925477,0.0,5.0,0.0,37.8,14.0,0.07190282340663544,0.1242845261560249,0.0,2.0,0.0,7.2,14.8,0.07416101908267389,0.08641975308641975,0.0,3.0,0.0,8.5,14.1,0.07307090301747231,0.07416101908267389,0.0,3.0,0.0,1.8,16.8,0.10713968912368492,0.08641975308641975,0.0,3.0,0.0,2.2,15.3,2600.0,2600.0,2100.0,2140.0,2640.0,1,1,1,1,1,0.0,0.0,0.0,0.0,0.0,13.0,11.0,18.0,14.0,67.0,0.1481951983882702,24.0,0.75,False,False,False,False,True,True,0,0.02865779597664935,0.03847653956674423,0.04183338222915791,0.0264863452465568,0.005477966965562739,0.28227488873079964,0.0625864814744524,0.031976119934357436,False,False,0.04194203407102199
