,datum,bana,avd,pris
0,2021-01-09,BERGSÅKER,1,125.000
1,2021-01-09,BERGSÅKER,2,110.000
2,2021-01-09,BERGSÅKER,3,110.000
3,2021-01-09,BERGSÅKER,4,110.000
4,2021-01-09,BERGSÅKER,5,150.000
5,2021-01-09,BERGSÅKER,6,110.000
6,2021-01-09,BERGSÅKER,7,110.000
0,2021-01-02,KALMAR,1,110.000
1,2021-01-02,KALMAR,2,110.000
2,2021-01-02,KALMAR,3,150.000
3,2021-01-02,KALMAR,4,110.000
4,2021-01-02,KALMAR,5,125.000
5,2021-01-02,KALMAR,6,110.000
6,2021-01-02,KALMAR,7,110.000
0,2020-12-31,AXEVALLA,1,100.000
1,2020-12-31,AXEVALLA,2,100.000
2,2020-12-31,AXEVALLA,3,100.000
3,2020-12-31,AXEVALLA,4,100.000
4,2020-12-31,AXEVALLA,5,100.000
5,2020-12-31,AXEVALLA,6,100.000
6,2020-12-31,AXEVALLA,7,337.080
0,2020-12-30,BJERKE,1,50.000
1,2020-12-30,BJERKE,2,50.000
2,2020-12-30,BJERKE,3,60.000
3,2020-12-30,BJERKE,4,50.000
4,2020-12-30,BJERKE,5,50000
5,2020-12-30,BJERKE,6,50.000
6,2020-12-30,BJERKE,7,50.000
0,2020-12-29,ÅLBORG,1,30000
1,2020-12-29,ÅLBORG,2,40000
2,2020-12-29,ÅLBORG,3,37500
3,2020-12-29,ÅLBORG,4,40000
4,2020-12-29,ÅLBORG,5,40000
5,2020-12-29,ÅLBORG,6,60000
6,2020-12-29,ÅLBORG,7,40000
0,2020-12-28,ROMME,1,100.000
1,2020-12-28,ROMME,2,100.000
2,2020-12-28,ROMME,3,100.000
3,2020-12-28,ROMME,4,250.000
4,2020-12-28,ROMME,5,100.000
5,2020-12-28,ROMME,6,100.000
6,2020-12-28,ROMME,7,100.000
0,2020-12-27,MOMARKEN,1,60.000
1,2020-12-27,MOMARKEN,2,60.000
2,2020-12-27,MOMARKEN,3,50.000
3,2020-12-27,MOMARKEN,4,50.000
4,2020-12-27,MOMARKEN,5,50000
5,2020-12-27,MOMARKEN,6,60.000
6,2020-12-27,MOMARKEN,7,60.000
0,2020-12-26,SOLVALLA,1,220.000
1,2020-12-26,SOLVALLA,2,220.000
2,2020-12-26,SOLVALLA,3,300.000
3,2020-12-26,SOLVALLA,4,220.000
4,2020-12-26,SOLVALLA,5,220.000
5,2020-12-26,SOLVALLA,6,220.000
6,2020-12-26,SOLVALLA,7,250.000
0,2020-12-25,UMÅKER,1,100.000
1,2020-12-25,UMÅKER,2,100.000
2,2020-12-25,UMÅKER,3,100.000
3,2020-12-25,UMÅKER,4,100.000
4,2020-12-25,UMÅKER,5,100.000
5,2020-12-25,UMÅKER,6,100.000
6,2020-12-25,UMÅKER,7,100.000
0,2020-12-23,MANTORP,1,100.000
1,2020-12-23,MANTORP,2,100.000
2,2020-12-23,MANTORP,3,100.000
3,2020-12-23,MANTORP,4,100.000
4,2020-12-23,MANTORP,5,100.000
5,2020-12-23,MANTORP,6,100.000
6,2020-12-23,MANTORP,7,100.000
0,2020-12-19,HALMSTAD,1,110.000
1,2020-12-19,HALMSTAD,2,110.000
2,2020-12-19,HALMSTAD,3,150.000
3,2020-12-19,HALMSTAD,4,110.000
4,2020-12-19,HALMSTAD,5,110.000
5,2020-12-19,HALMSTAD,6,110.000
6,2020-12-19,HALMSTAD,7,125.000
0,2020-12-12,BERGSÅKER,1,125.000
1,2020-12-12,BERGSÅKER,2,200.000
2,2020-12-12,BERGSÅKER,3,110.000
3,2020-12-12,BERGSÅKER,4,110.000
4,2020-12-12,BERGSÅKER,5,110.000
5,2020-12-12,BERGSÅKER,6,150.000
6,2020-12-12,BERGSÅKER,7,110.000
0,2020-12-05,ÅBY,1,110.000
1,2020-12-05,ÅBY,2,110.000
2,2020-12-05,ÅBY,3,100.000
3,2020-12-05,ÅBY,4,110.000
4,2020-12-05,ÅBY,5,250.000
5,2020-12-05,ÅBY,6,110.000
6,2020-12-05,ÅBY,7,125.000
0,2020-11-28,SOLVALLA,1,300.000
1,2020-11-28,SOLVALLA,2,220.000
2,2020-11-28,SOLVALLA,3,220.000
3,2020-11-28,SOLVALLA,4,220.000
4,2020-11-28,SOLVALLA,5,250.000
5,2020-11-28,SOLVALLA,6,300.000
6,2020-11-28,SOLVALLA,7,220.000
0,2020-11-21,JÄGERSRO,1,110.000
1,2020-11-21,JÄGERSRO,2,110.000
2,2020-11-21,JÄGERSRO,3,110.000
3,2020-11-21,JÄGERSRO,4,700.000
4,2020-11-21,JÄGERSRO,5,110.000
5,2020-11-21,JÄGERSRO,6,150.000
6,2020-11-21,JÄGERSRO,7,125.000
0,2020-11-14,ROMME,1,110.000
1,2020-11-14,ROMME,2,110.000
2,2020-11-14,ROMME,3,150.000
3,2020-11-14,ROMME,4,100.000
4,2020-11-14,ROMME,5,125.000
5,2020-11-14,ROMME,6,110.000
6,2020-11-14,ROMME,7,110.000
0,2020-11-08,ESKILSTUNA,1,110.000
1,2020-11-08,ESKILSTUNA,2,800.000
2,2020-11-08,ESKILSTUNA,3,100.000
3,2020-11-08,ESKILSTUNA,4,800.000
4,2020-11-08,ESKILSTUNA,5,100.000
5,2020-11-08,ESKILSTUNA,6,800.000
6,2020-11-08,ESKILSTUNA,7,800.000
0,2020-11-07,ESKILSTUNA,1,110.000
1,2020-11-07,ESKILSTUNA,2,110.000
2,2020-11-07,ESKILSTUNA,3,110.000
3,2020-11-07,ESKILSTUNA,4,110.000
4,2020-11-07,ESKILSTUNA,5,110.000
5,2020-11-07,ESKILSTUNA,6,125.000
6,2020-11-07,ESKILSTUNA,7,150.000
0,2020-10-31,JÄGERSRO,1,110.000
1,2020-10-31,JÄGERSRO,2,110.000
2,2020-10-31,JÄGERSRO,3,125.000
3,2020-10-31,JÄGERSRO,4,110.000
4,2020-10-31,JÄGERSRO,5,110.000
5,2020-10-31,JÄGERSRO,6,110.000
6,2020-10-31,JÄGERSRO,7,400.000
0,2020-10-25,SOLVALLA,1,200.000
1,2020-10-25,SOLVALLA,2,200.000
2,2020-10-25,SOLVALLA,3,200.000
3,2020-10-25,SOLVALLA,4,200.000
4,2020-10-25,SOLVALLA,5,200.000
5,2020-10-25,SOLVALLA,6,200.000
6,2020-10-25,SOLVALLA,7,200.000
0,2020-10-24,ÖREBRO,1,110.000
1,2020-10-24,ÖREBRO,2,110.000
2,2020-10-24,ÖREBRO,3,110.000
3,2020-10-24,ÖREBRO,4,110.000
4,2020-10-24,ÖREBRO,5,125.000
5,2020-10-24,ÖREBRO,6,110.000
6,2020-10-24,ÖREBRO,7,150.000
0,2020-10-17,GÄVLE,1,110.000
1,2020-10-17,GÄVLE,2,110.000
2,2020-10-17,GÄVLE,3,110.000
3,2020-10-17,GÄVLE,4,200.000
4,2020-10-17,GÄVLE,5,150.000
5,2020-10-17,GÄVLE,6,110.000
6,2020-10-17,GÄVLE,7,125.000
0,2020-10-10,ÅBY,1,500.000
1,2020-10-10,ÅBY,2,110.000
2,2020-10-10,ÅBY,3,250.000
3,2020-10-10,ÅBY,4,110.000
4,2020-10-10,ÅBY,5,110.000
5,2020-10-10,ÅBY,6,110.000
6,2020-10-10,ÅBY,7,500.000
0,2020-10-03,SKELLEFTEÅ,1,110.000
1,2020-10-03,SKELLEFTEÅ,2,110.000
2,2020-10-03,SKELLEFTEÅ,3,150.000
3,2020-10-03,SKELLEFTEÅ,4,110.000
4,2020-10-03,SKELLEFTEÅ,5,125.000
5,2020-10-03,SKELLEFTEÅ,6,150.000
6,2020-10-03,SKELLEFTEÅ,7,110.000
0,2020-09-27,SOLVALLA,1,220.000
1,2020-09-27,SOLVALLA,2,200.000
2,2020-09-27,SOLVALLA,3,200.000
3,2020-09-27,SOLVALLA,4,100.000
4,2020-09-27,SOLVALLA,5,100.000
5,2020-09-27,SOLVALLA,6,750.000
6,2020-09-27,SOLVALLA,7,220.000
0,2020-09-26,SOLVALLA,1,250.000
1,2020-09-26,SOLVALLA,2,220.000
2,2020-09-26,SOLVALLA,3,220.000
3,2020-09-26,SOLVALLA,4,1.400.000
4,2020-09-26,SOLVALLA,5,220.000
5,2020-09-26,SOLVALLA,6,2.000.000
6,2020-09-26,SOLVALLA,7,220.000
0,2020-09-19,FÄRJESTAD,1,110.000
1,2020-09-19,FÄRJESTAD,2,110.000
2,2020-09-19,FÄRJESTAD,3,300.000
3,2020-09-19,FÄRJESTAD,4,110.000
4,2020-09-19,FÄRJESTAD,5,150.000
5,2020-09-19,FÄRJESTAD,6,125.000
6,2020-09-19,FÄRJESTAD,7,110.000
0,2020-09-13,BJERKE,1,500.000
1,2020-09-13,BJERKE,2,50.000
2,2020-09-13,BJERKE,3,750.000
3,2020-09-13,BJERKE,4,75.000
4,2020-09-13,BJERKE,5,750000
5,2020-09-13,BJERKE,6,75.000
6,2020-09-13,BJERKE,7,1.000.000
0,2020-09-12,HAGMYREN,1,110.000
1,2020-09-12,HAGMYREN,2,110.000
2,2020-09-12,HAGMYREN,3,110.000
3,2020-09-12,HAGMYREN,4,200.000
4,2020-09-12,HAGMYREN,5,110.000
5,2020-09-12,HAGMYREN,6,150.000
6,2020-09-12,HAGMYREN,7,125.000
0,2020-09-06,JÄGERSRO,1,100.000
1,2020-09-06,JÄGERSRO,2,40.000
2,2020-09-06,JÄGERSRO,3,1.000.000
3,2020-09-06,JÄGERSRO,4,110.000
4,2020-09-06,JÄGERSRO,5,150.000
5,2020-09-06,JÄGERSRO,6,2.000.000
6,2020-09-06,JÄGERSRO,7,100.000
0,2020-09-05,JÄGERSRO,1,110.000
1,2020-09-05,JÄGERSRO,2,110.000
2,2020-09-05,JÄGERSRO,3,100.000
3,2020-09-05,JÄGERSRO,4,110.000
4,2020-09-05,JÄGERSRO,5,150.000
5,2020-09-05,JÄGERSRO,6,125.000
6,2020-09-05,JÄGERSRO,7,110.000
0,2020-08-30,CHARLOTTENLUND,1,50000
1,2020-08-30,CHARLOTTENLUND,2,50000
2,2020-08-30,CHARLOTTENLUND,3,75000
3,2020-08-30,CHARLOTTENLUND,4,40000
4,2020-08-30,CHARLOTTENLUND,5,25000
5,2020-08-30,CHARLOTTENLUND,6,573000
6,2020-08-30,CHARLOTTENLUND,7,75000
0,2020-08-29,BERGSÅKER,1,125.000
1,2020-08-29,BERGSÅKER,2,110.000
2,2020-08-29,BERGSÅKER,3,250.000
3,2020-08-29,BERGSÅKER,4,200.000
4,2020-08-29,BERGSÅKER,5,110.000
5,2020-08-29,BERGSÅKER,6,110.000
6,2020-08-29,BERGSÅKER,7,1.000.000
0,2020-08-25,JÄGERSRO,1,200.000
1,2020-08-25,JÄGERSRO,2,200.000
2,2020-08-25,JÄGERSRO,3,200.000
3,2020-08-25,JÄGERSRO,4,100.000
4,2020-08-25,JÄGERSRO,5,200.000
5,2020-08-25,JÄGERSRO,6,200.000
6,2020-08-25,JÄGERSRO,7,200.000
0,2020-08-22,SOLÄNGET,1,110.000
1,2020-08-22,SOLÄNGET,2,110.000
2,2020-08-22,SOLÄNGET,3,110.000
3,2020-08-22,SOLÄNGET,4,110.000
4,2020-08-22,SOLÄNGET,5,125.000
5,2020-08-22,SOLÄNGET,6,110.000
6,2020-08-22,SOLÄNGET,7,150.000
0,2020-08-19,SOLVALLA,1,100.000
1,2020-08-19,SOLVALLA,2,200.000
2,2020-08-19,SOLVALLA,3,900.000
3,2020-08-19,SOLVALLA,4,150.000
4,2020-08-19,SOLVALLA,5,200.000
5,2020-08-19,SOLVALLA,6,1.000.000
6,2020-08-19,SOLVALLA,7,300.000
0,2020-08-15,ROMME,1,110.000
1,2020-08-15,ROMME,2,125.000
2,2020-08-15,ROMME,3,950.000
3,2020-08-15,ROMME,4,110.000
4,2020-08-15,ROMME,5,150.000
5,2020-08-15,ROMME,6,950.000
6,2020-08-15,ROMME,7,110.000
0,2020-08-09,DANNERO,1,100.000
1,2020-08-09,DANNERO,2,350.000
2,2020-08-09,DANNERO,3,100.000
3,2020-08-09,DANNERO,4,600.000
4,2020-08-09,DANNERO,5,100.000
5,2020-08-09,DANNERO,6,110.000
6,2020-08-09,DANNERO,7,150.000
0,2020-08-08,ÅBY,1,220.000
1,2020-08-08,ÅBY,2,220.000
2,2020-08-08,ÅBY,3,220.000
3,2020-08-08,ÅBY,4,220.000
4,2020-08-08,ÅBY,5,220.000
5,2020-08-08,ÅBY,6,250.000
6,2020-08-08,ÅBY,7,2.000.000
0,2020-08-01,RÄTTVIK,1,110.000
1,2020-08-01,RÄTTVIK,2,110.000
2,2020-08-01,RÄTTVIK,3,150.000
3,2020-08-01,RÄTTVIK,4,100.000
4,2020-08-01,RÄTTVIK,5,110.000
5,2020-08-01,RÄTTVIK,6,125.000
6,2020-08-01,RÄTTVIK,7,300.000
0,2020-07-28,JÄGERSRO,1,200.000
1,2020-07-28,JÄGERSRO,2,700.000
2,2020-07-28,JÄGERSRO,3,80.000
3,2020-07-28,JÄGERSRO,4,80.000
4,2020-07-28,JÄGERSRO,5,100.000
5,2020-07-28,JÄGERSRO,6,1.609.000
6,2020-07-28,JÄGERSRO,7,250.000
0,2020-07-25,BOLLNÄS,1,125.000
1,2020-07-25,BOLLNÄS,2,110.000
2,2020-07-25,BOLLNÄS,3,150.000
3,2020-07-25,BOLLNÄS,4,110.000
4,2020-07-25,BOLLNÄS,5,110.000
5,2020-07-25,BOLLNÄS,6,110.000
6,2020-07-25,BOLLNÄS,7,110.000
0,2020-07-19,AXEVALLA,1,100.000
1,2020-07-19,AXEVALLA,2,110.000
2,2020-07-19,AXEVALLA,3,100.000
3,2020-07-19,AXEVALLA,4,100.000
4,2020-07-19,AXEVALLA,5,100.000
5,2020-07-19,AXEVALLA,6,100.000
6,2020-07-19,AXEVALLA,7,1.200.000
0,2020-07-18,AXEVALLA,1,110.000
1,2020-07-18,AXEVALLA,2,110.000
2,2020-07-18,AXEVALLA,3,150.000
3,2020-07-18,AXEVALLA,4,110.000
4,2020-07-18,AXEVALLA,5,125.000
5,2020-07-18,AXEVALLA,6,110.000
6,2020-07-18,AXEVALLA,7,110.000
0,2020-07-11,ÅRJÄNG,1,110.000
1,2020-07-11,ÅRJÄNG,2,110.000
2,2020-07-11,ÅRJÄNG,3,110.000
3,2020-07-11,ÅRJÄNG,4,100.000
4,2020-07-11,ÅRJÄNG,5,110.000
5,2020-07-11,ÅRJÄNG,6,125.000
6,2020-07-11,ÅRJÄNG,7,500.000
0,2020-07-05,JARLSBERG,1,100.000
1,2020-07-05,JARLSBERG,2,50.000
2,2020-07-05,JARLSBERG,3,100.000
3,2020-07-05,JARLSBERG,4,50.000
4,2020-07-05,JARLSBERG,5,50000
5,2020-07-05,JARLSBERG,6,50.000
6,2020-07-05,JARLSBERG,7,250.000
0,2020-07-04,HALMSTAD,1,110.000
1,2020-07-04,HALMSTAD,2,110.000
2,2020-07-04,HALMSTAD,3,125.000
3,2020-07-04,HALMSTAD,4,110.000
4,2020-07-04,HALMSTAD,5,110.000
5,2020-07-04,HALMSTAD,6,200.000
6,2020-07-04,HALMSTAD,7,110.000
0,2020-07-02,HALMSTAD,1,150.000
1,2020-07-02,HALMSTAD,2,150.000
2,2020-07-02,HALMSTAD,3,150.000
3,2020-07-02,HALMSTAD,4,200.000
4,2020-07-02,HALMSTAD,5,125.000
5,2020-07-02,HALMSTAD,6,800.000
6,2020-07-02,HALMSTAD,7,200.000
0,2020-06-27,BERGSÅKER,1,220.000
1,2020-06-27,BERGSÅKER,2,220.000
2,2020-06-27,BERGSÅKER,3,950.000
3,2020-06-27,BERGSÅKER,4,250.000
4,2020-06-27,BERGSÅKER,5,220.000
5,2020-06-27,BERGSÅKER,6,950.000
6,2020-06-27,BERGSÅKER,7,250.000
0,2020-06-21,KALMAR,1,110.000
1,2020-06-21,KALMAR,2,110.000
2,2020-06-21,KALMAR,3,110.000
3,2020-06-21,KALMAR,4,125.000
4,2020-06-21,KALMAR,5,150.000
5,2020-06-21,KALMAR,6,125.000
6,2020-06-21,KALMAR,7,110.000
0,2020-06-14,BJERKE,1,100.000
1,2020-06-14,BJERKE,2,50.000
2,2020-06-14,BJERKE,3,150.000
3,2020-06-14,BJERKE,4,50.000
4,2020-06-14,BJERKE,5,150000
5,2020-06-14,BJERKE,6,100.000
6,2020-06-14,BJERKE,7,350.000
0,2020-06-13,BODEN,1,110.000
1,2020-06-13,BODEN,2,110.000
2,2020-06-13,BODEN,3,110.000
3,2020-06-13,BODEN,4,110.000
4,2020-06-13,BODEN,5,110.000
5,2020-06-13,BODEN,6,125.000
6,2020-06-13,BODEN,7,500.000
0,2020-06-06,ÖSTERSUND,1,110.000
1,2020-06-06,ÖSTERSUND,2,110.000
2,2020-06-06,ÖSTERSUND,3,110.000
3,2020-06-06,ÖSTERSUND,4,110.000
4,2020-06-06,ÖSTERSUND,5,110.000
5,2020-06-06,ÖSTERSUND,6,125.000
6,2020-06-06,ÖSTERSUND,7,500.000
0,2020-05-31,SOLVALLA,1,500.000
1,2020-05-31,SOLVALLA,2,300.000
2,2020-05-31,SOLVALLA,3,500.000
3,2020-05-31,SOLVALLA,4,1.000.000
4,2020-05-31,SOLVALLA,5,150.000
5,2020-05-31,SOLVALLA,6,250.000
6,2020-05-31,SOLVALLA,7,250.000
0,2020-05-30,SOLVALLA,1,250.000
1,2020-05-30,SOLVALLA,2,220.000
2,2020-05-30,SOLVALLA,3,250.000
3,2020-05-30,SOLVALLA,4,220.000
4,2020-05-30,SOLVALLA,5,220.000
5,2020-05-30,SOLVALLA,6,220.000
6,2020-05-30,SOLVALLA,7,500.000
0,2020-05-23,GÄVLE,1,110.000
1,2020-05-23,GÄVLE,2,110.000
2,2020-05-23,GÄVLE,3,110.000
3,2020-05-23,GÄVLE,4,200.000
4,2020-05-23,GÄVLE,5,125.000
5,2020-05-23,GÄVLE,6,300.000
6,2020-05-23,GÄVLE,7,110.000
0,2020-05-17,CHARLOTTENLUND,1,75000
1,2020-05-17,CHARLOTTENLUND,2,75000
2,2020-05-17,CHARLOTTENLUND,3,110000
3,2020-05-17,CHARLOTTENLUND,4,100000
4,2020-05-17,CHARLOTTENLUND,5,100000
5,2020-05-17,CHARLOTTENLUND,6,250000
6,2020-05-17,CHARLOTTENLUND,7,100000
0,2020-05-16,MANTORP,1,110.000
1,2020-05-16,MANTORP,2,125.000
2,2020-05-16,MANTORP,3,250.000
3,2020-05-16,MANTORP,4,110.000
4,2020-05-16,MANTORP,5,110.000
5,2020-05-16,MANTORP,6,150.000
6,2020-05-16,MANTORP,7,110.000
0,2020-05-09,ÅBY,1,110.000
1,2020-05-09,ÅBY,2,110.000
2,2020-05-09,ÅBY,3,1.000.000
3,2020-05-09,ÅBY,4,250.000
4,2020-05-09,ÅBY,5,125.000
5,2020-05-09,ÅBY,6,150.000
6,2020-05-09,ÅBY,7,1.000.000
0,2020-05-02,ÖREBRO,1,110.000
1,2020-05-02,ÖREBRO,2,125.000
2,2020-05-02,ÖREBRO,3,150.000
3,2020-05-02,ÖREBRO,4,110.000
4,2020-05-02,ÖREBRO,5,110.000
5,2020-05-02,ÖREBRO,6,110.000
6,2020-05-02,ÖREBRO,7,200.000
0,2020-04-25,ÅBY,1,300.000
1,2020-04-25,ÅBY,2,110.000
2,2020-04-25,ÅBY,3,150.000
3,2020-04-25,ÅBY,4,110.000
4,2020-04-25,ÅBY,5,125.000
5,2020-04-25,ÅBY,6,110.000
6,2020-04-25,ÅBY,7,1.000.000
0,2020-04-18,UMÅKER,1,200.000
1,2020-04-18,UMÅKER,2,110.000
2,2020-04-18,UMÅKER,3,125.000
3,2020-04-18,UMÅKER,4,110.000
4,2020-04-18,UMÅKER,5,200.000
5,2020-04-18,UMÅKER,6,110.000
6,2020-04-18,UMÅKER,7,110.000
0,2020-04-12,ROMME,1,110.000
1,2020-04-12,ROMME,2,110.000
2,2020-04-12,ROMME,3,200.000
3,2020-04-12,ROMME,4,110.000
4,2020-04-12,ROMME,5,110.000
5,2020-04-12,ROMME,6,150.000
6,2020-04-12,ROMME,7,125.000
0,2020-04-11,DANNERO,1,75.000
1,2020-04-11,DANNERO,2,75.000
2,2020-04-11,DANNERO,3,75.000
3,2020-04-11,DANNERO,4,75.000
4,2020-04-11,DANNERO,5,75.000
5,2020-04-11,DANNERO,6,75.000
6,2020-04-11,DANNERO,7,75.000
0,2020-04-10,FÄRJESTAD,1,110.000
1,2020-04-10,FÄRJESTAD,2,110.000
2,2020-04-10,FÄRJESTAD,3,100.000
3,2020-04-10,FÄRJESTAD,4,110.000
4,2020-04-10,FÄRJESTAD,5,100.000
5,2020-04-10,FÄRJESTAD,6,110.000
6,2020-04-10,FÄRJESTAD,7,250.000
0,2020-04-09,GÄVLE,1,100.000
1,2020-04-09,GÄVLE,2,100.000
2,2020-04-09,GÄVLE,3,100.000
3,2020-04-09,GÄVLE,4,100.000
4,2020-04-09,GÄVLE,5,100.000
5,2020-04-09,GÄVLE,6,150.000
6,2020-04-09,GÄVLE,7,100.000
0,2020-04-04,JÄGERSRO,1,150.000
1,2020-04-04,JÄGERSRO,2,110.000
2,2020-04-04,JÄGERSRO,3,110.000
3,2020-04-04,JÄGERSRO,4,110.000
4,2020-04-04,JÄGERSRO,5,125.000
5,2020-04-04,JÄGERSRO,6,150.000
6,2020-04-04,JÄGERSRO,7,110.000
0,2020-03-28,SOLVALLA,1,220.000
1,2020-03-28,SOLVALLA,2,220.000
2,2020-03-28,SOLVALLA,3,300.000
3,2020-03-28,SOLVALLA,4,220.000
4,2020-03-28,SOLVALLA,5,250.000
5,2020-03-28,SOLVALLA,6,220.000
6,2020-03-28,SOLVALLA,7,220.000
0,2020-03-21,BERGSÅKER,1,75.000
1,2020-03-21,BERGSÅKER,2,75.000
2,2020-03-21,BERGSÅKER,3,75.000
3,2020-03-21,BERGSÅKER,4,75.000
4,2020-03-21,BERGSÅKER,5,75.000
5,2020-03-21,BERGSÅKER,6,75.000
6,2020-03-21,BERGSÅKER,7,75.000
0,2020-03-14,HALMSTAD,1,110.000
1,2020-03-14,HALMSTAD,2,110.000
2,2020-03-14,HALMSTAD,3,150.000
3,2020-03-14,HALMSTAD,4,110.000
4,2020-03-14,HALMSTAD,5,110.000
5,2020-03-14,HALMSTAD,6,125.000
6,2020-03-14,HALMSTAD,7,110.000
0,2020-03-07,FÄRJESTAD,1,125.000
1,2020-03-07,FÄRJESTAD,2,110.000
2,2020-03-07,FÄRJESTAD,3,150.000
3,2020-03-07,FÄRJESTAD,4,110.000
4,2020-03-07,FÄRJESTAD,5,110.000
5,2020-03-07,FÄRJESTAD,6,110.000
6,2020-03-07,FÄRJESTAD,7,110.000
0,2020-02-29,BERGSÅKER,1,110.000
1,2020-02-29,BERGSÅKER,2,110.000
2,2020-02-29,BERGSÅKER,3,150.000
3,2020-02-29,BERGSÅKER,4,110.000
4,2020-02-29,BERGSÅKER,5,110.000
5,2020-02-29,BERGSÅKER,6,125.000
6,2020-02-29,BERGSÅKER,7,110.000
0,2020-02-22,AXEVALLA,1,110.000
1,2020-02-22,AXEVALLA,2,110.000
2,2020-02-22,AXEVALLA,3,110.000
3,2020-02-22,AXEVALLA,4,110.000
4,2020-02-22,AXEVALLA,5,110.000
5,2020-02-22,AXEVALLA,6,150.000
6,2020-02-22,AXEVALLA,7,125.000
0,2020-02-15,MANTORP,1,110.000
1,2020-02-15,MANTORP,2,100.000
2,2020-02-15,MANTORP,3,110.000
3,2020-02-15,MANTORP,4,110.000
4,2020-02-15,MANTORP,5,110.000
5,2020-02-15,MANTORP,6,110.000
6,2020-02-15,MANTORP,7,125.000
0,2020-02-08,SOLVALLA,1,220.000
1,2020-02-08,SOLVALLA,2,220.000
2,2020-02-08,SOLVALLA,3,300.000
3,2020-02-08,SOLVALLA,4,220.000
4,2020-02-08,SOLVALLA,5,250.000
5,2020-02-08,SOLVALLA,6,220.000
6,2020-02-08,SOLVALLA,7,220.000
0,2020-02-01,ÅBY,1,150.000
1,2020-02-01,ÅBY,2,150.000
2,2020-02-01,ÅBY,3,150.000
3,2020-02-01,ÅBY,4,150.000
4,2020-02-01,ÅBY,5,150.000
5,2020-02-01,ÅBY,6,150.000
6,2020-02-01,ÅBY,7,150.000
0,2020-01-25,ESKILSTUNA,1,125.000
1,2020-01-25,ESKILSTUNA,2,110.000
2,2020-01-25,ESKILSTUNA,3,150.000
3,2020-01-25,ESKILSTUNA,4,110.000
4,2020-01-25,ESKILSTUNA,5,110.000
5,2020-01-25,ESKILSTUNA,6,110.000
6,2020-01-25,ESKILSTUNA,7,110.000
0,2020-01-18,KALMAR,1,110.000
1,2020-01-18,KALMAR,2,110.000
2,2020-01-18,KALMAR,3,150.000
3,2020-01-18,KALMAR,4,110.000
4,2020-01-18,KALMAR,5,125.000
5,2020-01-18,KALMAR,6,110.000
6,2020-01-18,KALMAR,7,110.000
0,2020-01-11,BERGSÅKER,1,125.000
1,2020-01-11,BERGSÅKER,2,110.000
2,2020-01-11,BERGSÅKER,3,150.000
3,2020-01-11,BERGSÅKER,4,110.000
4,2020-01-11,BERGSÅKER,5,110.000
5,2020-01-11,BERGSÅKER,6,110.000
6,2020-01-11,BERGSÅKER,7,110.000
0,2020-01-04,JÄGERSRO,1,110.000
1,2020-01-04,JÄGERSRO,2,110.000
2,2020-01-04,JÄGERSRO,3,150.000
3,2020-01-04,JÄGERSRO,4,110.000
4,2020-01-04,JÄGERSRO,5,110.000
5,2020-01-04,JÄGERSRO,6,110.000
6,2020-01-04,JÄGERSRO,7,125.000
0,2019-12-31,AXEVALLA,1,100.000
1,2019-12-31,AXEVALLA,2,100.000
2,2019-12-31,AXEVALLA,3,100.000
3,2019-12-31,AXEVALLA,4,100.000
4,2019-12-31,AXEVALLA,5,100.000
5,2019-12-31,AXEVALLA,6,100.000
6,2019-12-31,AXEVALLA,7,100.000
0,2019-12-30,BJERKE,1,50.000
1,2019-12-30,BJERKE,2,50.000
2,2019-12-30,BJERKE,3,50.000
3,2019-12-30,BJERKE,4,50.000
4,2019-12-30,BJERKE,5,50000
5,2019-12-30,BJERKE,6,50.000
6,2019-12-30,BJERKE,7,50.000
0,2019-12-29,CHARLOTTENLUND,1,50000
1,2019-12-29,CHARLOTTENLUND,2,37500
2,2019-12-29,CHARLOTTENLUND,3,50000
3,2019-12-29,CHARLOTTENLUND,4,50000
4,2019-12-29,CHARLOTTENLUND,5,50000
5,2019-12-29,CHARLOTTENLUND,6,75000
6,2019-12-29,CHARLOTTENLUND,7,50000
0,2019-12-28,ROMME,1,125.000
1,2019-12-28,ROMME,2,125.000
2,2019-12-28,ROMME,3,200.000
3,2019-12-28,ROMME,4,125.000
4,2019-12-28,ROMME,5,125.000
5,2019-12-28,ROMME,6,100.000
6,2019-12-28,ROMME,7,150.000
0,2019-12-27,MOMARKEN,1,50.000
1,2019-12-27,MOMARKEN,2,50.000
2,2019-12-27,MOMARKEN,3,50.000
3,2019-12-27,MOMARKEN,4,50.000
4,2019-12-27,MOMARKEN,5,50000
5,2019-12-27,MOMARKEN,6,50.000
6,2019-12-27,MOMARKEN,7,50.000
0,2019-12-26,SOLVALLA,1,250.000
1,2019-12-26,SOLVALLA,2,250.000
2,2019-12-26,SOLVALLA,3,300.000
3,2019-12-26,SOLVALLA,4,250.000
4,2019-12-26,SOLVALLA,5,250.000
5,2019-12-26,SOLVALLA,6,400.000
6,2019-12-26,SOLVALLA,7,250.000
0,2019-12-25,UMÅKER,1,100.000
1,2019-12-25,UMÅKER,2,100.000
2,2019-12-25,UMÅKER,3,100.000
3,2019-12-25,UMÅKER,4,100.000
4,2019-12-25,UMÅKER,5,100.000
5,2019-12-25,UMÅKER,6,100.000
6,2019-12-25,UMÅKER,7,100.000
0,2019-12-23,MANTORP,1,100.000
1,2019-12-23,MANTORP,2,100.000
2,2019-12-23,MANTORP,3,100.000
3,2019-12-23,MANTORP,4,100.000
4,2019-12-23,MANTORP,5,100.000
5,2019-12-23,MANTORP,6,100.000
6,2019-12-23,MANTORP,7,100.000
0,2019-12-21,HALMSTAD,1,125.000
1,2019-12-21,HALMSTAD,2,125.000
2,2019-12-21,HALMSTAD,3,200.000
3,2019-12-21,HALMSTAD,4,100.000
4,2019-12-21,HALMSTAD,5,125.000
5,2019-12-21,HALMSTAD,6,125.000
6,2019-12-21,HALMSTAD,7,125.000
0,2019-12-14,BERGSÅKER,1,125.000
1,2019-12-14,BERGSÅKER,2,125.000
2,2019-12-14,BERGSÅKER,3,200.000
3,2019-12-14,BERGSÅKER,4,200.000
4,2019-12-14,BERGSÅKER,5,125.000
5,2019-12-14,BERGSÅKER,6,125.000
6,2019-12-14,BERGSÅKER,7,150.000
0,2019-12-07,ÅBY,1,150.000
1,2019-12-07,ÅBY,2,125.000
2,2019-12-07,ÅBY,3,125.000
3,2019-12-07,ÅBY,4,125.000
4,2019-12-07,ÅBY,5,125.000
5,2019-12-07,ÅBY,6,200.000
6,2019-12-07,ÅBY,7,125.000
0,2019-12-01,ÖREBRO,1,125.000
1,2019-12-01,ÖREBRO,2,100.000
2,2019-12-01,ÖREBRO,3,100.000
3,2019-12-01,ÖREBRO,4,25.000
4,2019-12-01,ÖREBRO,5,100.000
5,2019-12-01,ÖREBRO,6,100.000
6,2019-12-01,ÖREBRO,7,100.000
0,2019-11-30,GÄVLE,1,150.000
1,2019-11-30,GÄVLE,2,125.000
2,2019-11-30,GÄVLE,3,200.000
3,2019-11-30,GÄVLE,4,200.000
4,2019-11-30,GÄVLE,5,125.000
5,2019-11-30,GÄVLE,6,125.000
6,2019-11-30,GÄVLE,7,125.000
0,2019-11-23,JÄGERSRO,1,150.000
1,2019-11-23,JÄGERSRO,2,125.000
2,2019-11-23,JÄGERSRO,3,125.000
3,2019-11-23,JÄGERSRO,4,700.000
4,2019-11-23,JÄGERSRO,5,125.000
5,2019-11-23,JÄGERSRO,6,200.000
6,2019-11-23,JÄGERSRO,7,150.000
0,2019-11-16,BJERKE,1,150000
1,2019-11-16,BJERKE,2,125000
2,2019-11-16,BJERKE,3,200000
3,2019-11-16,BJERKE,4,150000
4,2019-11-16,BJERKE,5,125000
5,2019-11-16,BJERKE,6,300.000
6,2019-11-16,BJERKE,7,125000
0,2019-11-10,ESKILSTUNA,1,100.000
1,2019-11-10,ESKILSTUNA,2,800.000
2,2019-11-10,ESKILSTUNA,3,100.000
3,2019-11-10,ESKILSTUNA,4,800.000
4,2019-11-10,ESKILSTUNA,5,100.000
5,2019-11-10,ESKILSTUNA,6,800.000
6,2019-11-10,ESKILSTUNA,7,800.000
0,2019-11-09,ESKILSTUNA,1,125.000
1,2019-11-09,ESKILSTUNA,2,125.000
2,2019-11-09,ESKILSTUNA,3,200.000
3,2019-11-09,ESKILSTUNA,4,100.000
4,2019-11-09,ESKILSTUNA,5,125.000
5,2019-11-09,ESKILSTUNA,6,125.000
6,2019-11-09,ESKILSTUNA,7,150.000
0,2019-11-02,SOLVALLA,1,300.000
1,2019-11-02,SOLVALLA,2,250.000
2,2019-11-02,SOLVALLA,3,250.000
3,2019-11-02,SOLVALLA,4,250.000
4,2019-11-02,SOLVALLA,5,250.000
5,2019-11-02,SOLVALLA,6,250.000
6,2019-11-02,SOLVALLA,7,400.000
0,2019-10-27,SOLVALLA,1,200.000
1,2019-10-27,SOLVALLA,2,200.000
2,2019-10-27,SOLVALLA,3,200.000
3,2019-10-27,SOLVALLA,4,200.000
4,2019-10-27,SOLVALLA,5,200.000
5,2019-10-27,SOLVALLA,6,200.000
6,2019-10-27,SOLVALLA,7,200.000
0,2019-10-26,JÄGERSRO,1,125.000
1,2019-10-26,JÄGERSRO,2,125.000
2,2019-10-26,JÄGERSRO,3,125.000
3,2019-10-26,JÄGERSRO,4,125.000
4,2019-10-26,JÄGERSRO,5,150.000
5,2019-10-26,JÄGERSRO,6,400.000
6,2019-10-26,JÄGERSRO,7,125.000
0,2019-10-19,ROMME,1,125.000
1,2019-10-19,ROMME,2,125.000
2,2019-10-19,ROMME,3,200.000
3,2019-10-19,ROMME,4,125.000
4,2019-10-19,ROMME,5,125.000
5,2019-10-19,ROMME,6,150.000
6,2019-10-19,ROMME,7,125.000
0,2019-10-12,ÅBY,1,150.000
1,2019-10-12,ÅBY,2,125.000
2,2019-10-12,ÅBY,3,250.000
3,2019-10-12,ÅBY,4,125.000
4,2019-10-12,ÅBY,5,500.000
5,2019-10-12,ÅBY,6,125.000
6,2019-10-12,ÅBY,7,500.000
0,2019-10-05,SKELLEFTEÅ,1,125.000
1,2019-10-05,SKELLEFTEÅ,2,125.000
2,2019-10-05,SKELLEFTEÅ,3,150.000
3,2019-10-05,SKELLEFTEÅ,4,125.000
4,2019-10-05,SKELLEFTEÅ,5,150.000
5,2019-10-05,SKELLEFTEÅ,6,200.000
6,2019-10-05,SKELLEFTEÅ,7,125.000
0,2019-09-29,SOLVALLA,1,250.000
1,2019-09-29,SOLVALLA,2,100.000
2,2019-09-29,SOLVALLA,3,400.000
3,2019-09-29,SOLVALLA,4,1.400.000
4,2019-09-29,SOLVALLA,5,100.000
5,2019-09-29,SOLVALLA,6,2.000.000
6,2019-09-29,SOLVALLA,7,250.000
0,2019-09-28,SOLVALLA,1,250.000
1,2019-09-28,SOLVALLA,2,200.000
2,2019-09-28,SOLVALLA,3,200.000
3,2019-09-28,SOLVALLA,4,250.000
4,2019-09-28,SOLVALLA,5,250.000
5,2019-09-28,SOLVALLA,6,250.000
6,2019-09-28,SOLVALLA,7,300.000
0,2019-09-21,FÄRJESTAD,1,125.000
1,2019-09-21,FÄRJESTAD,2,125.000
2,2019-09-21,FÄRJESTAD,3,150.000
3,2019-09-21,FÄRJESTAD,4,300.000
4,2019-09-21,FÄRJESTAD,5,125.000
5,2019-09-21,FÄRJESTAD,6,125.000
6,2019-09-21,FÄRJESTAD,7,200.000
0,2019-09-14,BOLLNÄS,1,125.000
1,2019-09-14,BOLLNÄS,2,125.000
2,2019-09-14,BOLLNÄS,3,125.000
3,2019-09-14,BOLLNÄS,4,200.000
4,2019-09-14,BOLLNÄS,5,125.000
5,2019-09-14,BOLLNÄS,6,200.000
6,2019-09-14,BOLLNÄS,7,150.000
0,2019-09-08,BJERKE,1,100.000
1,2019-09-08,BJERKE,2,500.000
2,2019-09-08,BJERKE,3,100.000
3,2019-09-08,BJERKE,4,750.000
4,2019-09-08,BJERKE,5,750000
5,2019-09-08,BJERKE,6,100.000
6,2019-09-08,BJERKE,7,1.000.000
0,2019-09-07,SOLÄNGET,1,125.000
1,2019-09-07,SOLÄNGET,2,125.000
2,2019-09-07,SOLÄNGET,3,125.000
3,2019-09-07,SOLÄNGET,4,125.000
4,2019-09-07,SOLÄNGET,5,125.000
5,2019-09-07,SOLÄNGET,6,200.000
6,2019-09-07,SOLÄNGET,7,150.000
0,2019-09-01,JÄGERSRO,1,100.000
1,2019-09-01,JÄGERSRO,2,125.000
2,2019-09-01,JÄGERSRO,3,1.000.000
3,2019-09-01,JÄGERSRO,4,50.000
4,2019-09-01,JÄGERSRO,5,150.000
5,2019-09-01,JÄGERSRO,6,2.000.000
6,2019-09-01,JÄGERSRO,7,100.000
0,2019-08-31,JÄGERSRO,1,125.000
1,2019-08-31,JÄGERSRO,2,125.000
2,2019-08-31,JÄGERSRO,3,200.000
3,2019-08-31,JÄGERSRO,4,125.000
4,2019-08-31,JÄGERSRO,5,150.000
5,2019-08-31,JÄGERSRO,6,125.000
6,2019-08-31,JÄGERSRO,7,125.000
0,2019-08-25,CHARLOTTENLUND,1,50000
1,2019-08-25,CHARLOTTENLUND,2,50000
2,2019-08-25,CHARLOTTENLUND,3,100000
3,2019-08-25,CHARLOTTENLUND,4,75000
4,2019-08-25,CHARLOTTENLUND,5,25000
5,2019-08-25,CHARLOTTENLUND,6,605000
6,2019-08-25,CHARLOTTENLUND,7,50000
0,2019-08-24,BERGSÅKER,1,125.000
1,2019-08-24,BERGSÅKER,2,250.000
2,2019-08-24,BERGSÅKER,3,150.000
3,2019-08-24,BERGSÅKER,4,250.000
4,2019-08-24,BERGSÅKER,5,125.000
5,2019-08-24,BERGSÅKER,6,125.000
6,2019-08-24,BERGSÅKER,7,1.000.000
0,2019-08-23,BERGSÅKER,1,100.000
1,2019-08-23,BERGSÅKER,2,100.000
2,2019-08-23,BERGSÅKER,3,100.000
3,2019-08-23,BERGSÅKER,4,100.000
4,2019-08-23,BERGSÅKER,5,100.000
5,2019-08-23,BERGSÅKER,6,250.000
6,2019-08-23,BERGSÅKER,7,125.000
0,2019-08-22,BJERKE,1,60.000
1,2019-08-22,BJERKE,2,60.000
2,2019-08-22,BJERKE,3,100.000
3,2019-08-22,BJERKE,4,100.000
4,2019-08-22,BJERKE,5,100000
5,2019-08-22,BJERKE,6,100.000
6,2019-08-22,BJERKE,7,100.000
0,2019-08-21,JÄGERSRO,1,200.000
1,2019-08-21,JÄGERSRO,2,200.000
2,2019-08-21,JÄGERSRO,3,200.000
3,2019-08-21,JÄGERSRO,4,100.000
4,2019-08-21,JÄGERSRO,5,200.000
5,2019-08-21,JÄGERSRO,6,200.000
6,2019-08-21,JÄGERSRO,7,200.000
0,2019-08-17,ÖREBRO,1,125.000
1,2019-08-17,ÖREBRO,2,1.000.000
2,2019-08-17,ÖREBRO,3,200.000
3,2019-08-17,ÖREBRO,4,125.000
4,2019-08-17,ÖREBRO,5,125.000
5,2019-08-17,ÖREBRO,6,1.000.000
6,2019-08-17,ÖREBRO,7,150.000
0,2019-08-14,SOLVALLA,1,100.000
1,2019-08-14,SOLVALLA,2,200.000
2,2019-08-14,SOLVALLA,3,900.000
3,2019-08-14,SOLVALLA,4,100.000
4,2019-08-14,SOLVALLA,5,300.000
5,2019-08-14,SOLVALLA,6,1.000.000
6,2019-08-14,SOLVALLA,7,100.000
0,2019-08-11,DANNERO,1,100.000
1,2019-08-11,DANNERO,2,350.000
2,2019-08-11,DANNERO,3,100.000
3,2019-08-11,DANNERO,4,600.000
4,2019-08-11,DANNERO,5,125.000
5,2019-08-11,DANNERO,6,150.000
6,2019-08-11,DANNERO,7,100.000
0,2019-08-10,ÅBY,1,250.000
1,2019-08-10,ÅBY,2,250.000
2,2019-08-10,ÅBY,3,300.000
3,2019-08-10,ÅBY,4,250.000
4,2019-08-10,ÅBY,5,250.000
5,2019-08-10,ÅBY,6,250.000
6,2019-08-10,ÅBY,7,2.000.000
0,2019-08-03,RÄTTVIK,1,150.000
1,2019-08-03,RÄTTVIK,2,125.000
2,2019-08-03,RÄTTVIK,3,200.000
3,2019-08-03,RÄTTVIK,4,125.000
4,2019-08-03,RÄTTVIK,5,125.000
5,2019-08-03,RÄTTVIK,6,125.000
6,2019-08-03,RÄTTVIK,7,300.000
0,2019-07-30,JÄGERSRO,1,200.000
1,2019-07-30,JÄGERSRO,2,80.000
2,2019-07-30,JÄGERSRO,3,600.000
3,2019-07-30,JÄGERSRO,4,80.000
4,2019-07-30,JÄGERSRO,5,100.000
5,2019-07-30,JÄGERSRO,6,1.609.000
6,2019-07-30,JÄGERSRO,7,250.000
0,2019-07-27,HAGMYREN,1,150.000
1,2019-07-27,HAGMYREN,2,125.000
2,2019-07-27,HAGMYREN,3,125.000
3,2019-07-27,HAGMYREN,4,125.000
4,2019-07-27,HAGMYREN,5,125.000
5,2019-07-27,HAGMYREN,6,200.000
6,2019-07-27,HAGMYREN,7,125.000
0,2019-07-21,AXEVALLA,1,100.000
1,2019-07-21,AXEVALLA,2,100.000
2,2019-07-21,AXEVALLA,3,100.000
3,2019-07-21,AXEVALLA,4,125.000
4,2019-07-21,AXEVALLA,5,100.000
5,2019-07-21,AXEVALLA,6,1.200.000
6,2019-07-21,AXEVALLA,7,125.000
0,2019-07-20,AXEVALLA,1,125.000
1,2019-07-20,AXEVALLA,2,125.000
2,2019-07-20,AXEVALLA,3,125.000
3,2019-07-20,AXEVALLA,4,125.000
4,2019-07-20,AXEVALLA,5,150.000
5,2019-07-20,AXEVALLA,6,200.000
6,2019-07-20,AXEVALLA,7,125.000
0,2019-07-13,ÅRJÄNG,1,150.000
1,2019-07-13,ÅRJÄNG,2,125.000
2,2019-07-13,ÅRJÄNG,3,200.000
3,2019-07-13,ÅRJÄNG,4,125.000
4,2019-07-13,ÅRJÄNG,5,125.000
5,2019-07-13,ÅRJÄNG,6,125.000
6,2019-07-13,ÅRJÄNG,7,600.000
0,2019-07-07,JARLSBERG,1,75.000
1,2019-07-07,JARLSBERG,2,60.000
2,2019-07-07,JARLSBERG,3,60.000
3,2019-07-07,JARLSBERG,4,40.000
4,2019-07-07,JARLSBERG,5,200000
5,2019-07-07,JARLSBERG,6,60.000
6,2019-07-07,JARLSBERG,7,750.000
0,2019-07-06,HALMSTAD,1,125.000
1,2019-07-06,HALMSTAD,2,125.000
2,2019-07-06,HALMSTAD,3,200.000
3,2019-07-06,HALMSTAD,4,125.000
4,2019-07-06,HALMSTAD,5,150.000
5,2019-07-06,HALMSTAD,6,800.000
6,2019-07-06,HALMSTAD,7,125.000
0,2019-07-04,HALMSTAD,1,75.000
1,2019-07-04,HALMSTAD,2,150.000
2,2019-07-04,HALMSTAD,3,150.000
3,2019-07-04,HALMSTAD,4,150.000
4,2019-07-04,HALMSTAD,5,125.000
5,2019-07-04,HALMSTAD,6,150.000
6,2019-07-04,HALMSTAD,7,125.000
0,2019-06-29,ESKILSTUNA,1,250.000
1,2019-06-29,ESKILSTUNA,2,250.000
2,2019-06-29,ESKILSTUNA,3,1.000.000
3,2019-06-29,ESKILSTUNA,4,400.000
4,2019-06-29,ESKILSTUNA,5,250.000
5,2019-06-29,ESKILSTUNA,6,1.000.000
6,2019-06-29,ESKILSTUNA,7,300.000
0,2019-06-23,KALMAR,1,125.000
1,2019-06-23,KALMAR,2,125.000
2,2019-06-23,KALMAR,3,200.000
3,2019-06-23,KALMAR,4,125.000
4,2019-06-23,KALMAR,5,150.000
5,2019-06-23,KALMAR,6,125.000
6,2019-06-23,KALMAR,7,125.000
0,2019-06-15,BODEN,1,125.000
1,2019-06-15,BODEN,2,125.000
2,2019-06-15,BODEN,3,125.000
3,2019-06-15,BODEN,4,125.000
4,2019-06-15,BODEN,5,150.000
5,2019-06-15,BODEN,6,125.000
6,2019-06-15,BODEN,7,1.000.000
0,2019-06-09,BJERKE,1,200.000
1,2019-06-09,BJERKE,2,200.000
2,2019-06-09,BJERKE,3,125.000
3,2019-06-09,BJERKE,4,300.000
4,2019-06-09,BJERKE,5,200000
5,2019-06-09,BJERKE,6,300.000
6,2019-06-09,BJERKE,7,1.500.000
0,2019-06-08,ÖSTERSUND,1,125.000
1,2019-06-08,ÖSTERSUND,2,125.000
2,2019-06-08,ÖSTERSUND,3,125.000
3,2019-06-08,ÖSTERSUND,4,125.000
4,2019-06-08,ÖSTERSUND,5,125.000
5,2019-06-08,ÖSTERSUND,6,700.000
6,2019-06-08,ÖSTERSUND,7,150.000
0,2019-06-01,MANTORP,1,300.000
1,2019-06-01,MANTORP,2,125.000
2,2019-06-01,MANTORP,3,125.000
3,2019-06-01,MANTORP,4,125.000
4,2019-06-01,MANTORP,5,150.000
5,2019-06-01,MANTORP,6,200.000
6,2019-06-01,MANTORP,7,125.000
0,2019-05-26,SOLVALLA,1,500.000
1,2019-05-26,SOLVALLA,2,250.000
2,2019-05-26,SOLVALLA,3,250.000
3,2019-05-26,SOLVALLA,4,1.000.000
4,2019-05-26,SOLVALLA,5,300.000
5,2019-05-26,SOLVALLA,6,500.000
6,2019-05-26,SOLVALLA,7,150.000
0,2019-05-25,SOLVALLA,1,250.000
1,2019-05-25,SOLVALLA,2,250.000
2,2019-05-25,SOLVALLA,3,250.000
3,2019-05-25,SOLVALLA,4,250.000
4,2019-05-25,SOLVALLA,5,250.000
5,2019-05-25,SOLVALLA,6,300.000
6,2019-05-25,SOLVALLA,7,900.000
0,2019-05-18,GÄVLE,1,150.000
1,2019-05-18,GÄVLE,2,125.000
2,2019-05-18,GÄVLE,3,200.000
3,2019-05-18,GÄVLE,4,125.000
4,2019-05-18,GÄVLE,5,125.000
5,2019-05-18,GÄVLE,6,500.000
6,2019-05-18,GÄVLE,7,125.000
0,2019-05-12,CHARLOTTENLUND,1,75000
1,2019-05-12,CHARLOTTENLUND,2,75000
2,2019-05-12,CHARLOTTENLUND,3,100000
3,2019-05-12,CHARLOTTENLUND,4,100000
4,2019-05-12,CHARLOTTENLUND,5,110000
5,2019-05-12,CHARLOTTENLUND,6,375000
6,2019-05-12,CHARLOTTENLUND,7,100000
0,2019-05-11,ÅBY,1,1.150.000
1,2019-05-11,ÅBY,2,125.000
2,2019-05-11,ÅBY,3,200.000
3,2019-05-11,ÅBY,4,125.000
4,2019-05-11,ÅBY,5,150.000
5,2019-05-11,ÅBY,6,125.000
6,2019-05-11,ÅBY,7,1.150.000
0,2019-05-04,ÖREBRO,1,125.000
1,2019-05-04,ÖREBRO,2,125.000
2,2019-05-04,ÖREBRO,3,200.000
3,2019-05-04,ÖREBRO,4,125.000
4,2019-05-04,ÖREBRO,5,125.000
5,2019-05-04,ÖREBRO,6,150.000
6,2019-05-04,ÖREBRO,7,400.000
0,2019-05-01,BERGSÅKER,1,100.000
1,2019-05-01,BERGSÅKER,2,125.000
2,2019-05-01,BERGSÅKER,3,100.000
3,2019-05-01,BERGSÅKER,4,100.000
4,2019-05-01,BERGSÅKER,5,100.000
5,2019-05-01,BERGSÅKER,6,100.000
6,2019-05-01,BERGSÅKER,7,200.000
0,2019-04-27,ÅBY,1,150.000
1,2019-04-27,ÅBY,2,125.000
2,2019-04-27,ÅBY,3,150.000
3,2019-04-27,ÅBY,4,125.000
4,2019-04-27,ÅBY,5,300.000
5,2019-04-27,ÅBY,6,125.000
6,2019-04-27,ÅBY,7,1.500.000
0,2019-04-21,ROMME,1,125.000
1,2019-04-21,ROMME,2,125.000
2,2019-04-21,ROMME,3,200.000
3,2019-04-21,ROMME,4,200.000
4,2019-04-21,ROMME,5,125.000
5,2019-04-21,ROMME,6,150.000
6,2019-04-21,ROMME,7,125.000
0,2019-04-20,KLOSTERSKOGEN,1,125.000
1,2019-04-20,KLOSTERSKOGEN,2,100.000
2,2019-04-20,KLOSTERSKOGEN,3,110.000
3,2019-04-20,KLOSTERSKOGEN,4,100.000
4,2019-04-20,KLOSTERSKOGEN,5,100000
5,2019-04-20,KLOSTERSKOGEN,6,200.000
6,2019-04-20,KLOSTERSKOGEN,7,250.000
0,2019-04-19,FÄRJESTAD,1,100.000
1,2019-04-19,FÄRJESTAD,2,100.000
2,2019-04-19,FÄRJESTAD,3,100.000
3,2019-04-19,FÄRJESTAD,4,125.000
4,2019-04-19,FÄRJESTAD,5,100.000
5,2019-04-19,FÄRJESTAD,6,100.000
6,2019-04-19,FÄRJESTAD,7,250.000
0,2019-04-18,GÄVLE,1,100.000
1,2019-04-18,GÄVLE,2,100.000
2,2019-04-18,GÄVLE,3,150.000
3,2019-04-18,GÄVLE,4,100.000
4,2019-04-18,GÄVLE,5,100.000
5,2019-04-18,GÄVLE,6,100.000
6,2019-04-18,GÄVLE,7,125.000
0,2019-04-13,UMÅKER,1,200.000
1,2019-04-13,UMÅKER,2,125.000
2,2019-04-13,UMÅKER,3,200.000
3,2019-04-13,UMÅKER,4,125.000
4,2019-04-13,UMÅKER,5,150.000
5,2019-04-13,UMÅKER,6,125.000
6,2019-04-13,UMÅKER,7,125.000
0,2019-04-06,JÄGERSRO,1,125.000
1,2019-04-06,JÄGERSRO,2,150.000
2,2019-04-06,JÄGERSRO,3,200.000
3,2019-04-06,JÄGERSRO,4,125.000
4,2019-04-06,JÄGERSRO,5,125.000
5,2019-04-06,JÄGERSRO,6,125.000
6,2019-04-06,JÄGERSRO,7,150.000
0,2019-03-31,BODEN,1,100.000
1,2019-03-31,BODEN,2,100.000
2,2019-03-31,BODEN,3,100.000
3,2019-03-31,BODEN,4,100.000
4,2019-03-31,BODEN,5,100.000
5,2019-03-31,BODEN,6,100.000
6,2019-03-31,BODEN,7,100.000
0,2019-03-30,SOLVALLA,1,250.000
1,2019-03-30,SOLVALLA,2,250.000
2,2019-03-30,SOLVALLA,3,250.000
3,2019-03-30,SOLVALLA,4,250.000
4,2019-03-30,SOLVALLA,5,250.000
5,2019-03-30,SOLVALLA,6,400.000
6,2019-03-30,SOLVALLA,7,300.000
0,2019-03-23,MOMARKEN,1,100000
1,2019-03-23,MOMARKEN,2,110000
2,2019-03-23,MOMARKEN,3,125000
3,2019-03-23,MOMARKEN,4,150000
4,2019-03-23,MOMARKEN,5,125000
5,2019-03-23,MOMARKEN,6,200000
6,2019-03-23,MOMARKEN,7,125000
0,2019-03-16,MANTORP,1,125.000
1,2019-03-16,MANTORP,2,100.000
2,2019-03-16,MANTORP,3,200.000
3,2019-03-16,MANTORP,4,125.000
4,2019-03-16,MANTORP,5,150.000
5,2019-03-16,MANTORP,6,125.000
6,2019-03-16,MANTORP,7,125.000
0,2019-03-09,FÄRJESTAD,1,125.000
1,2019-03-09,FÄRJESTAD,2,125.000
2,2019-03-09,FÄRJESTAD,3,200.000
3,2019-03-09,FÄRJESTAD,4,125.000
4,2019-03-09,FÄRJESTAD,5,125.000
5,2019-03-09,FÄRJESTAD,6,150.000
6,2019-03-09,FÄRJESTAD,7,125.000
0,2019-03-03,ESKILSTUNA,1,100.000
1,2019-03-03,ESKILSTUNA,2,125.000
2,2019-03-03,ESKILSTUNA,3,100.000
3,2019-03-03,ESKILSTUNA,4,100.000
4,2019-03-03,ESKILSTUNA,5,125.000
5,2019-03-03,ESKILSTUNA,6,100.000
6,2019-03-03,ESKILSTUNA,7,125.000
0,2019-03-02,HALMSTAD,1,125.000
1,2019-03-02,HALMSTAD,2,125.000
2,2019-03-02,HALMSTAD,3,200.000
3,2019-03-02,HALMSTAD,4,125.000
4,2019-03-02,HALMSTAD,5,125.000
5,2019-03-02,HALMSTAD,6,125.000
6,2019-03-02,HALMSTAD,7,150.000
0,2019-02-23,BERGSÅKER,1,125.000
1,2019-02-23,BERGSÅKER,2,125.000
2,2019-02-23,BERGSÅKER,3,200.000
3,2019-02-23,BERGSÅKER,4,125.000
4,2019-02-23,BERGSÅKER,5,125.000
5,2019-02-23,BERGSÅKER,6,150.000
6,2019-02-23,BERGSÅKER,7,125.000
0,2019-02-16,AXEVALLA,1,125.000
1,2019-02-16,AXEVALLA,2,125.000
2,2019-02-16,AXEVALLA,3,200.000
3,2019-02-16,AXEVALLA,4,125.000
4,2019-02-16,AXEVALLA,5,150.000
5,2019-02-16,AXEVALLA,6,125.000
6,2019-02-16,AXEVALLA,7,125.000
0,2019-02-09,SOLVALLA,1,200.000
1,2019-02-09,SOLVALLA,2,200.000
2,2019-02-09,SOLVALLA,3,200.000
3,2019-02-09,SOLVALLA,4,200.000
4,2019-02-09,SOLVALLA,5,200.000
5,2019-02-09,SOLVALLA,6,200.000
6,2019-02-09,SOLVALLA,7,200.000
0,2019-02-02,ÅBY,1,250.000
1,2019-02-02,ÅBY,2,250.000
2,2019-02-02,ÅBY,3,250.000
3,2019-02-02,ÅBY,4,250.000
4,2019-02-02,ÅBY,5,250.000
5,2019-02-02,ÅBY,6,400.000
6,2019-02-02,ÅBY,7,300.000
0,2019-01-27,BOLLNÄS,1,100.000
1,2019-01-27,BOLLNÄS,2,100.000
2,2019-01-27,BOLLNÄS,3,100.000
3,2019-01-27,BOLLNÄS,4,100.000
4,2019-01-27,BOLLNÄS,5,100.000
5,2019-01-27,BOLLNÄS,6,100.000
6,2019-01-27,BOLLNÄS,7,100.000
0,2019-01-26,KALMAR,1,125.000
1,2019-01-26,KALMAR,2,125.000
2,2019-01-26,KALMAR,3,200.000
3,2019-01-26,KALMAR,4,100.000
4,2019-01-26,KALMAR,5,125.000
5,2019-01-26,KALMAR,6,125.000
6,2019-01-26,KALMAR,7,150.000
0,2019-01-19,SOLVALLA,1,125.000
1,2019-01-19,SOLVALLA,2,125.000
2,2019-01-19,SOLVALLA,3,200.000
3,2019-01-19,SOLVALLA,4,125.000
4,2019-01-19,SOLVALLA,5,125.000
5,2019-01-19,SOLVALLA,6,150.000
6,2019-01-19,SOLVALLA,7,125.000
0,2019-01-12,JÄGERSRO,1,125.000
1,2019-01-12,JÄGERSRO,2,125.000
2,2019-01-12,JÄGERSRO,3,200.000
3,2019-01-12,JÄGERSRO,4,125.000
4,2019-01-12,JÄGERSRO,5,125.000
5,2019-01-12,JÄGERSRO,6,150.000
6,2019-01-12,JÄGERSRO,7,125.000
0,2019-01-05,BERGSÅKER,1,125.000
1,2019-01-05,BERGSÅKER,2,125.000
2,2019-01-05,BERGSÅKER,3,200.000
3,2019-01-05,BERGSÅKER,4,125.000
4,2019-01-05,BERGSÅKER,5,125.000
5,2019-01-05,BERGSÅKER,6,150.000
6,2019-01-05,BERGSÅKER,7,125.000
0,2018-12-31,AXEVALLA,1,100.000
1,2018-12-31,AXEVALLA,2,100.000
2,2018-12-31,AXEVALLA,3,100.000
3,2018-12-31,AXEVALLA,4,100.000
4,2018-12-31,AXEVALLA,5,100.000
5,2018-12-31,AXEVALLA,6,100.000
6,2018-12-31,AXEVALLA,7,100.000
0,2018-12-30,BJERKE,1,75.000
1,2018-12-30,BJERKE,2,75.000
2,2018-12-30,BJERKE,3,75.000
3,2018-12-30,BJERKE,4,75.000
4,2018-12-30,BJERKE,5,75000
5,2018-12-30,BJERKE,6,100.000
6,2018-12-30,BJERKE,7,75000
0,2018-12-29,ROMME,1,150.000
1,2018-12-29,ROMME,2,100.000
2,2018-12-29,ROMME,3,200.000
3,2018-12-29,ROMME,4,125.000
4,2018-12-29,ROMME,5,125.000
5,2018-12-29,ROMME,6,125.000
6,2018-12-29,ROMME,7,125.000
0,2018-12-28,ÅRHUS,1,50000
1,2018-12-28,ÅRHUS,2,50000
2,2018-12-28,ÅRHUS,3,50000
3,2018-12-28,ÅRHUS,4,60000
4,2018-12-28,ÅRHUS,5,50000
5,2018-12-28,ÅRHUS,6,50000
6,2018-12-28,ÅRHUS,7,50000
0,2018-12-27,MOMARKEN,1,75.000
1,2018-12-27,MOMARKEN,2,75.000
2,2018-12-27,MOMARKEN,3,75.000
3,2018-12-27,MOMARKEN,4,75.000
4,2018-12-27,MOMARKEN,5,75000
5,2018-12-27,MOMARKEN,6,75.000
6,2018-12-27,MOMARKEN,7,100.000
0,2018-12-26,SOLVALLA,1,250.000
1,2018-12-26,SOLVALLA,2,250.000
2,2018-12-26,SOLVALLA,3,400.000
3,2018-12-26,SOLVALLA,4,250.000
4,2018-12-26,SOLVALLA,5,300.000
5,2018-12-26,SOLVALLA,6,250.000
6,2018-12-26,SOLVALLA,7,250.000
0,2018-12-25,UMÅKER,1,100.000
1,2018-12-25,UMÅKER,2,100.000
2,2018-12-25,UMÅKER,3,100.000
3,2018-12-25,UMÅKER,4,100.000
4,2018-12-25,UMÅKER,5,100.000
5,2018-12-25,UMÅKER,6,100.000
6,2018-12-25,UMÅKER,7,100.000
0,2018-12-23,HALMSTAD,1,100.000
1,2018-12-23,HALMSTAD,2,100.000
2,2018-12-23,HALMSTAD,3,100.000
3,2018-12-23,HALMSTAD,4,100.000
4,2018-12-23,HALMSTAD,5,100.000
5,2018-12-23,HALMSTAD,6,100.000
6,2018-12-23,HALMSTAD,7,100.000
0,2018-12-22,MANTORP,1,125.000
1,2018-12-22,MANTORP,2,100.000
2,2018-12-22,MANTORP,3,125.000
3,2018-12-22,MANTORP,4,125.000
4,2018-12-22,MANTORP,5,150.000
5,2018-12-22,MANTORP,6,125.000
6,2018-12-22,MANTORP,7,125.000
0,2018-12-15,ÅBY,1,150.000
1,2018-12-15,ÅBY,2,125.000
2,2018-12-15,ÅBY,3,200.000
3,2018-12-15,ÅBY,4,125.000
4,2018-12-15,ÅBY,5,125.000
5,2018-12-15,ÅBY,6,125.000
6,2018-12-15,ÅBY,7,125.000
0,2018-12-08,BERGSÅKER,1,125.000
1,2018-12-08,BERGSÅKER,2,125.000
2,2018-12-08,BERGSÅKER,3,200.000
3,2018-12-08,BERGSÅKER,4,200.000
4,2018-12-08,BERGSÅKER,5,125.000
5,2018-12-08,BERGSÅKER,6,125.000
6,2018-12-08,BERGSÅKER,7,150.000
0,2018-12-01,JÄGERSRO,1,150.000
1,2018-12-01,JÄGERSRO,2,125.000
2,2018-12-01,JÄGERSRO,3,125.000
3,2018-12-01,JÄGERSRO,4,700.000
4,2018-12-01,JÄGERSRO,5,125.000
5,2018-12-01,JÄGERSRO,6,150.000
6,2018-12-01,JÄGERSRO,7,200.000
0,2018-11-25,ÖREBRO,1,125.000
1,2018-11-25,ÖREBRO,2,100.000
2,2018-11-25,ÖREBRO,3,100.000
3,2018-11-25,ÖREBRO,4,150.000
4,2018-11-25,ÖREBRO,5,125.000
5,2018-11-25,ÖREBRO,6,125.000
6,2018-11-25,ÖREBRO,7,125.000
0,2018-11-24,SOLVALLA,1,300.000
1,2018-11-24,SOLVALLA,2,250.000
2,2018-11-24,SOLVALLA,3,500.000
3,2018-11-24,SOLVALLA,4,250.000
4,2018-11-24,SOLVALLA,5,250.000
5,2018-11-24,SOLVALLA,6,400.000
6,2018-11-24,SOLVALLA,7,250.000
0,2018-11-17,BJERKE,1,150000
1,2018-11-17,BJERKE,2,125000
2,2018-11-17,BJERKE,3,200000
3,2018-11-17,BJERKE,4,125000
4,2018-11-17,BJERKE,5,150000
5,2018-11-17,BJERKE,6,300.000
6,2018-11-17,BJERKE,7,125000
0,2018-11-11,ESKILSTUNA,1,125.000
1,2018-11-11,ESKILSTUNA,2,800.000
2,2018-11-11,ESKILSTUNA,3,125.000
3,2018-11-11,ESKILSTUNA,4,800.000
4,2018-11-11,ESKILSTUNA,5,100.000
5,2018-11-11,ESKILSTUNA,6,800.000
6,2018-11-11,ESKILSTUNA,7,800.000
0,2018-11-10,ESKILSTUNA,1,100.000
1,2018-11-10,ESKILSTUNA,2,125.000
2,2018-11-10,ESKILSTUNA,3,200.000
3,2018-11-10,ESKILSTUNA,4,125.000
4,2018-11-10,ESKILSTUNA,5,125.000
5,2018-11-10,ESKILSTUNA,6,125.000
6,2018-11-10,ESKILSTUNA,7,150.000
0,2018-11-03,ROMME,1,125.000
1,2018-11-03,ROMME,2,125.000
2,2018-11-03,ROMME,3,200.000
3,2018-11-03,ROMME,4,200.000
4,2018-11-03,ROMME,5,125.000
5,2018-11-03,ROMME,6,150.000
6,2018-11-03,ROMME,7,125.000
0,2018-10-28,SOLVALLA,1,200.000
1,2018-10-28,SOLVALLA,2,200.000
2,2018-10-28,SOLVALLA,3,200.000
3,2018-10-28,SOLVALLA,4,200.000
4,2018-10-28,SOLVALLA,5,200.000
5,2018-10-28,SOLVALLA,6,200.000
6,2018-10-28,SOLVALLA,7,200.000
0,2018-10-27,JÄGERSRO,1,150.000
1,2018-10-27,JÄGERSRO,2,125.000
2,2018-10-27,JÄGERSRO,3,125.000
3,2018-10-27,JÄGERSRO,4,125.000
4,2018-10-27,JÄGERSRO,5,125.000
5,2018-10-27,JÄGERSRO,6,125.000
6,2018-10-27,JÄGERSRO,7,400.000
0,2018-10-20,ÖREBRO,1,125.000
1,2018-10-20,ÖREBRO,2,125.000
2,2018-10-20,ÖREBRO,3,200.000
3,2018-10-20,ÖREBRO,4,515.000
4,2018-10-20,ÖREBRO,5,125.000
5,2018-10-20,ÖREBRO,6,150.000
6,2018-10-20,ÖREBRO,7,125.000
0,2018-10-13,ÅBY,1,150.000
1,2018-10-13,ÅBY,2,125.000
2,2018-10-13,ÅBY,3,250.000
3,2018-10-13,ÅBY,4,125.000
4,2018-10-13,ÅBY,5,500.000
5,2018-10-13,ÅBY,6,125.000
6,2018-10-13,ÅBY,7,500.000
0,2018-10-06,SKELLEFTEÅ,1,150.000
1,2018-10-06,SKELLEFTEÅ,2,125.000
2,2018-10-06,SKELLEFTEÅ,3,150.000
3,2018-10-06,SKELLEFTEÅ,4,125.000
4,2018-10-06,SKELLEFTEÅ,5,125.000
5,2018-10-06,SKELLEFTEÅ,6,200.000
6,2018-10-06,SKELLEFTEÅ,7,125.000
0,2018-09-30,SOLVALLA,1,250.000
1,2018-09-30,SOLVALLA,2,100.000
2,2018-09-30,SOLVALLA,3,400.000
3,2018-09-30,SOLVALLA,4,1.400.000
4,2018-09-30,SOLVALLA,5,100.000
5,2018-09-30,SOLVALLA,6,2.000.000
6,2018-09-30,SOLVALLA,7,250.000
0,2018-09-29,SOLVALLA,1,250.000
1,2018-09-29,SOLVALLA,2,200.000
2,2018-09-29,SOLVALLA,3,200.000
3,2018-09-29,SOLVALLA,4,250.000
4,2018-09-29,SOLVALLA,5,250.000
5,2018-09-29,SOLVALLA,6,250.000
6,2018-09-29,SOLVALLA,7,300.000
0,2018-09-22,FÄRJESTAD,1,150.000
1,2018-09-22,FÄRJESTAD,2,125.000
2,2018-09-22,FÄRJESTAD,3,200.000
3,2018-09-22,FÄRJESTAD,4,125.000
4,2018-09-22,FÄRJESTAD,5,125.000
5,2018-09-22,FÄRJESTAD,6,300.000
6,2018-09-22,FÄRJESTAD,7,125.000
0,2018-09-16,ÖSTERSUND,1,125.000
1,2018-09-16,ÖSTERSUND,2,100.000
2,2018-09-16,ÖSTERSUND,3,100.000
3,2018-09-16,ÖSTERSUND,4,100.000
4,2018-09-16,ÖSTERSUND,5,125.000
5,2018-09-16,ÖSTERSUND,6,2.000.000
6,2018-09-16,ÖSTERSUND,7,125.000
0,2018-09-15,HAGMYREN,1,125.000
1,2018-09-15,HAGMYREN,2,125.000
2,2018-09-15,HAGMYREN,3,125.000
3,2018-09-15,HAGMYREN,4,200.000
4,2018-09-15,HAGMYREN,5,150.000
5,2018-09-15,HAGMYREN,6,200.000
6,2018-09-15,HAGMYREN,7,125.000
0,2018-09-09,BJERKE,1,100.000
1,2018-09-09,BJERKE,2,500.000
2,2018-09-09,BJERKE,3,100.000
3,2018-09-09,BJERKE,4,750.000
4,2018-09-09,BJERKE,5,750000
5,2018-09-09,BJERKE,6,60.000
6,2018-09-09,BJERKE,7,1.000.000
0,2018-09-08,SOLÄNGET,1,125.000
1,2018-09-08,SOLÄNGET,2,125.000
2,2018-09-08,SOLÄNGET,3,125.000
3,2018-09-08,SOLÄNGET,4,125.000
4,2018-09-08,SOLÄNGET,5,150.000
5,2018-09-08,SOLÄNGET,6,200.000
6,2018-09-08,SOLÄNGET,7,125.000
0,2018-09-02,JÄGERSRO,1,100.000
1,2018-09-02,JÄGERSRO,2,50.000
2,2018-09-02,JÄGERSRO,3,1.000.000
3,2018-09-02,JÄGERSRO,4,125.000
4,2018-09-02,JÄGERSRO,5,150.000
5,2018-09-02,JÄGERSRO,6,2.000.000
6,2018-09-02,JÄGERSRO,7,100.000
0,2018-09-01,JÄGERSRO,1,125.000
1,2018-09-01,JÄGERSRO,2,125.000
2,2018-09-01,JÄGERSRO,3,200.000
3,2018-09-01,JÄGERSRO,4,125.000
4,2018-09-01,JÄGERSRO,5,125.000
5,2018-09-01,JÄGERSRO,6,125.000
6,2018-09-01,JÄGERSRO,7,150.000
0,2018-08-26,CHARLOTTENLUND,1,50000
1,2018-08-26,CHARLOTTENLUND,2,50000
2,2018-08-26,CHARLOTTENLUND,3,100000
3,2018-08-26,CHARLOTTENLUND,4,75000
4,2018-08-26,CHARLOTTENLUND,5,25000
5,2018-08-26,CHARLOTTENLUND,6,50000
6,2018-08-26,CHARLOTTENLUND,7,605000
0,2018-08-25,BERGSÅKER,1,125.000
1,2018-08-25,BERGSÅKER,2,250.000
2,2018-08-25,BERGSÅKER,3,150.000
3,2018-08-25,BERGSÅKER,4,250.000
4,2018-08-25,BERGSÅKER,5,125.000
5,2018-08-25,BERGSÅKER,6,125.000
6,2018-08-25,BERGSÅKER,7,1.000.000
0,2018-08-24,BERGSÅKER,1,100.000
1,2018-08-24,BERGSÅKER,2,100.000
2,2018-08-24,BERGSÅKER,3,100.000
3,2018-08-24,BERGSÅKER,4,100.000
4,2018-08-24,BERGSÅKER,5,100.000
5,2018-08-24,BERGSÅKER,6,100.000
6,2018-08-24,BERGSÅKER,7,250.000
0,2018-08-23,BJERKE,1,100.000
1,2018-08-23,BJERKE,2,100.000
2,2018-08-23,BJERKE,3,100.000
3,2018-08-23,BJERKE,4,100.000
4,2018-08-23,BJERKE,5,100000
5,2018-08-23,BJERKE,6,100.000
6,2018-08-23,BJERKE,7,100.000
0,2018-08-22,JÄGERSRO,1,200.000
1,2018-08-22,JÄGERSRO,2,200.000
2,2018-08-22,JÄGERSRO,3,200.000
3,2018-08-22,JÄGERSRO,4,100.000
4,2018-08-22,JÄGERSRO,5,200.000
5,2018-08-22,JÄGERSRO,6,200.000
6,2018-08-22,JÄGERSRO,7,200.000
0,2018-08-18,GÄVLE,1,125.000
1,2018-08-18,GÄVLE,2,925.000
2,2018-08-18,GÄVLE,3,200.000
3,2018-08-18,GÄVLE,4,125.000
4,2018-08-18,GÄVLE,5,125.000
5,2018-08-18,GÄVLE,6,925.000
6,2018-08-18,GÄVLE,7,150.000
0,2018-08-14,SOLVALLA,1,200.000
1,2018-08-14,SOLVALLA,2,150.000
2,2018-08-14,SOLVALLA,3,300.000
3,2018-08-14,SOLVALLA,4,100.000
4,2018-08-14,SOLVALLA,5,40.000
5,2018-08-14,SOLVALLA,6,900.000
6,2018-08-14,SOLVALLA,7,1.000.000
0,2018-08-12,DANNERO,1,100.000
1,2018-08-12,DANNERO,2,350.000
2,2018-08-12,DANNERO,3,100.000
3,2018-08-12,DANNERO,4,600.000
4,2018-08-12,DANNERO,5,150.000
5,2018-08-12,DANNERO,6,100.000
6,2018-08-12,DANNERO,7,125.000
0,2018-08-11,ÅBY,1,250.000
1,2018-08-11,ÅBY,2,250.000
2,2018-08-11,ÅBY,3,250.000
3,2018-08-11,ÅBY,4,250.000
4,2018-08-11,ÅBY,5,300.000
5,2018-08-11,ÅBY,6,250.000
6,2018-08-11,ÅBY,7,2.000.000
0,2018-08-04,RÄTTVIK,1,150.000
1,2018-08-04,RÄTTVIK,2,125.000
2,2018-08-04,RÄTTVIK,3,200.000
3,2018-08-04,RÄTTVIK,4,125.000
4,2018-08-04,RÄTTVIK,5,125.000
5,2018-08-04,RÄTTVIK,6,125.000
6,2018-08-04,RÄTTVIK,7,300.000
0,2018-07-31,JÄGERSRO,1,200.000
1,2018-07-31,JÄGERSRO,2,600.000
2,2018-07-31,JÄGERSRO,3,200.000
3,2018-07-31,JÄGERSRO,4,100.000
4,2018-07-31,JÄGERSRO,5,100.000
5,2018-07-31,JÄGERSRO,6,1.000.000
6,2018-07-31,JÄGERSRO,7,100.000
0,2018-07-28,BOLLNÄS,1,125.000
1,2018-07-28,BOLLNÄS,2,125.000
2,2018-07-28,BOLLNÄS,3,200.000
3,2018-07-28,BOLLNÄS,4,125.000
4,2018-07-28,BOLLNÄS,5,125.000
5,2018-07-28,BOLLNÄS,6,125.000
6,2018-07-28,BOLLNÄS,7,150.000
0,2018-07-22,AXEVALLA,1,125.000
1,2018-07-22,AXEVALLA,2,100.000
2,2018-07-22,AXEVALLA,3,100.000
3,2018-07-22,AXEVALLA,4,100.000
4,2018-07-22,AXEVALLA,5,100.000
5,2018-07-22,AXEVALLA,6,1.200.000
6,2018-07-22,AXEVALLA,7,125.000
0,2018-07-21,AXEVALLA,1,125.000
1,2018-07-21,AXEVALLA,2,125.000
2,2018-07-21,AXEVALLA,3,125.000
3,2018-07-21,AXEVALLA,4,125.000
4,2018-07-21,AXEVALLA,5,125.000
5,2018-07-21,AXEVALLA,6,150.000
6,2018-07-21,AXEVALLA,7,200.000
0,2018-07-14,ÅRJÄNG,1,125.000
1,2018-07-14,ÅRJÄNG,2,125.000
2,2018-07-14,ÅRJÄNG,3,200.000
3,2018-07-14,ÅRJÄNG,4,125.000
4,2018-07-14,ÅRJÄNG,5,125.000
5,2018-07-14,ÅRJÄNG,6,150.000
6,2018-07-14,ÅRJÄNG,7,600.000
0,2018-07-08,JARLSBERG,1,100.000
1,2018-07-08,JARLSBERG,2,60.000
2,2018-07-08,JARLSBERG,3,100.000
3,2018-07-08,JARLSBERG,4,75.000
4,2018-07-08,JARLSBERG,5,100000
5,2018-07-08,JARLSBERG,6,200.000
6,2018-07-08,JARLSBERG,7,800.000
0,2018-07-07,HALMSTAD,1,125.000
1,2018-07-07,HALMSTAD,2,125.000
2,2018-07-07,HALMSTAD,3,200.000
3,2018-07-07,HALMSTAD,4,125.000
4,2018-07-07,HALMSTAD,5,125.000
5,2018-07-07,HALMSTAD,6,697.081
6,2018-07-07,HALMSTAD,7,150.000
0,2018-07-05,HALMSTAD,1,100.000
1,2018-07-05,HALMSTAD,2,125.000
2,2018-07-05,HALMSTAD,3,125.000
3,2018-07-05,HALMSTAD,4,125.000
4,2018-07-05,HALMSTAD,5,150.000
5,2018-07-05,HALMSTAD,6,125.000
6,2018-07-05,HALMSTAD,7,125.000
0,2018-06-30,FÄRJESTAD,1,300.000
1,2018-06-30,FÄRJESTAD,2,925.000
2,2018-06-30,FÄRJESTAD,3,400.000
3,2018-06-30,FÄRJESTAD,4,250.000
4,2018-06-30,FÄRJESTAD,5,250.000
5,2018-06-30,FÄRJESTAD,6,250.000
6,2018-06-30,FÄRJESTAD,7,925.000
0,2018-06-24,KALMAR,1,150.000
1,2018-06-24,KALMAR,2,125.000
2,2018-06-24,KALMAR,3,125.000
3,2018-06-24,KALMAR,4,125.000
4,2018-06-24,KALMAR,5,125.000
5,2018-06-24,KALMAR,6,200.000
6,2018-06-24,KALMAR,7,125.000
0,2018-06-16,BODEN,1,125.000
1,2018-06-16,BODEN,2,125.000
2,2018-06-16,BODEN,3,125.000
3,2018-06-16,BODEN,4,125.000
4,2018-06-16,BODEN,5,150.000
5,2018-06-16,BODEN,6,125.000
6,2018-06-16,BODEN,7,1.000.000
0,2018-06-10,BJERKE,1,200.000
1,2018-06-10,BJERKE,2,125.000
2,2018-06-10,BJERKE,3,200.000
3,2018-06-10,BJERKE,4,300.000
4,2018-06-10,BJERKE,5,300000
5,2018-06-10,BJERKE,6,200.000
6,2018-06-10,BJERKE,7,1.500.000
0,2018-06-09,ÖSTERSUND,1,125.000
1,2018-06-09,ÖSTERSUND,2,150.000
2,2018-06-09,ÖSTERSUND,3,125.000
3,2018-06-09,ÖSTERSUND,4,125.000
4,2018-06-09,ÖSTERSUND,5,125.000
5,2018-06-09,ÖSTERSUND,6,700.000
6,2018-06-09,ÖSTERSUND,7,125.000
0,2018-06-02,MANTORP,1,125.000
1,2018-06-02,MANTORP,2,125.000
2,2018-06-02,MANTORP,3,200.000
3,2018-06-02,MANTORP,4,125.000
4,2018-06-02,MANTORP,5,150.000
5,2018-06-02,MANTORP,6,300.000
6,2018-06-02,MANTORP,7,125.000
0,2018-05-27,SOLVALLA,1,300.000
1,2018-05-27,SOLVALLA,2,400.000
2,2018-05-27,SOLVALLA,3,250.000
3,2018-05-27,SOLVALLA,4,250.000
4,2018-05-27,SOLVALLA,5,150.000
5,2018-05-27,SOLVALLA,6,300.000
6,2018-05-27,SOLVALLA,7,500.000
0,2018-05-26,SOLVALLA,1,250.000
1,2018-05-26,SOLVALLA,2,250.000
2,2018-05-26,SOLVALLA,3,250.000
3,2018-05-26,SOLVALLA,4,250.000
4,2018-05-26,SOLVALLA,5,300.000
5,2018-05-26,SOLVALLA,6,250.000
6,2018-05-26,SOLVALLA,7,900.000
0,2018-05-19,GÄVLE,1,125.000
1,2018-05-19,GÄVLE,2,125.000
2,2018-05-19,GÄVLE,3,125.000
3,2018-05-19,GÄVLE,4,200.000
4,2018-05-19,GÄVLE,5,150.000
5,2018-05-19,GÄVLE,6,500.000
6,2018-05-19,GÄVLE,7,125.000
0,2018-05-13,CHARLOTTENLUND,1,100000
1,2018-05-13,CHARLOTTENLUND,2,100000
2,2018-05-13,CHARLOTTENLUND,3,100000
3,2018-05-13,CHARLOTTENLUND,4,125000
4,2018-05-13,CHARLOTTENLUND,5,80000
5,2018-05-13,CHARLOTTENLUND,6,125000
6,2018-05-13,CHARLOTTENLUND,7,375000
0,2018-05-12,ÅBY,1,1.000.000
1,2018-05-12,ÅBY,2,125.000
2,2018-05-12,ÅBY,3,200.000
3,2018-05-12,ÅBY,4,300.000
4,2018-05-12,ÅBY,5,150.000
5,2018-05-12,ÅBY,6,125.000
6,2018-05-12,ÅBY,7,1.000.000
0,2018-05-06,BIRI,1,50.000
1,2018-05-06,BIRI,2,50.000
2,2018-05-06,BIRI,3,50.000
3,2018-05-06,BIRI,4,50.000
4,2018-05-06,BIRI,5,70000
5,2018-05-06,BIRI,6,50.000
6,2018-05-06,BIRI,7,100.000
0,2018-05-05,ÖREBRO,1,125.000
1,2018-05-05,ÖREBRO,2,150.000
2,2018-05-05,ÖREBRO,3,200.000
3,2018-05-05,ÖREBRO,4,125.000
4,2018-05-05,ÖREBRO,5,125.000
5,2018-05-05,ÖREBRO,6,125.000
6,2018-05-05,ÖREBRO,7,400.000
0,2018-05-01,BERGSÅKER,1,100.000
1,2018-05-01,BERGSÅKER,2,100.000
2,2018-05-01,BERGSÅKER,3,100.000
3,2018-05-01,BERGSÅKER,4,100.000
4,2018-05-01,BERGSÅKER,5,150.000
5,2018-05-01,BERGSÅKER,6,100.000
6,2018-05-01,BERGSÅKER,7,125.000
0,2018-04-28,ÅBY,1,150.000
1,2018-04-28,ÅBY,2,125.000
2,2018-04-28,ÅBY,3,150.000
3,2018-04-28,ÅBY,4,125.000
4,2018-04-28,ÅBY,5,300.000
5,2018-04-28,ÅBY,6,125.000
6,2018-04-28,ÅBY,7,1.500.000
0,2018-04-21,UMÅKER,1,200.000
1,2018-04-21,UMÅKER,2,125.000
2,2018-04-21,UMÅKER,3,200.000
3,2018-04-21,UMÅKER,4,125.000
4,2018-04-21,UMÅKER,5,125.000
5,2018-04-21,UMÅKER,6,125.000
6,2018-04-21,UMÅKER,7,150.000
0,2018-04-14,JÄGERSRO,1,150.000
1,2018-04-14,JÄGERSRO,2,125.000
2,2018-04-14,JÄGERSRO,3,200.000
3,2018-04-14,JÄGERSRO,4,125.000
4,2018-04-14,JÄGERSRO,5,125.000
5,2018-04-14,JÄGERSRO,6,150.000
6,2018-04-14,JÄGERSRO,7,125.000
0,2018-04-07,SOLVALLA,1,250.000
1,2018-04-07,SOLVALLA,2,250.000
2,2018-04-07,SOLVALLA,3,400.000
3,2018-04-07,SOLVALLA,4,250.000
4,2018-04-07,SOLVALLA,5,300.000
5,2018-04-07,SOLVALLA,6,250.000
6,2018-04-07,SOLVALLA,7,250.000
0,2018-04-01,ROMME,1,200.000
1,2018-04-01,ROMME,2,125.000
2,2018-04-01,ROMME,3,200.000
3,2018-04-01,ROMME,4,125.000
4,2018-04-01,ROMME,5,150.000
5,2018-04-01,ROMME,6,125.000
6,2018-04-01,ROMME,7,125.000
0,2018-03-31,KLOSTERSKOGEN,1,125.000
1,2018-03-31,KLOSTERSKOGEN,2,100.000
2,2018-03-31,KLOSTERSKOGEN,3,100.000
3,2018-03-31,KLOSTERSKOGEN,4,100.000
4,2018-03-31,KLOSTERSKOGEN,5,200.000
5,2018-03-31,KLOSTERSKOGEN,6,125.000
6,2018-03-31,KLOSTERSKOGEN,7,300.000
0,2018-03-30,FÄRJESTAD,1,100.000
1,2018-03-30,FÄRJESTAD,2,100.000
2,2018-03-30,FÄRJESTAD,3,100.000
3,2018-03-30,FÄRJESTAD,4,100.000
4,2018-03-30,FÄRJESTAD,5,100.000
5,2018-03-30,FÄRJESTAD,6,125.000
6,2018-03-30,FÄRJESTAD,7,250.000
0,2018-03-29,GÄVLE,1,100.000
1,2018-03-29,GÄVLE,2,100.000
2,2018-03-29,GÄVLE,3,150.000
3,2018-03-29,GÄVLE,4,25.000
4,2018-03-29,GÄVLE,5,100.000
5,2018-03-29,GÄVLE,6,100.000
6,2018-03-29,GÄVLE,7,100.000
0,2018-03-24,MANTORP,1,125.000
1,2018-03-24,MANTORP,2,125.000
2,2018-03-24,MANTORP,3,200.000
3,2018-03-24,MANTORP,4,125.000
4,2018-03-24,MANTORP,5,150.000
5,2018-03-24,MANTORP,6,125.000
6,2018-03-24,MANTORP,7,125.000
0,2018-03-17,MOMARKEN,1,150.000
1,2018-03-17,MOMARKEN,2,125.000
2,2018-03-17,MOMARKEN,3,125.000
3,2018-03-17,MOMARKEN,4,150.000
4,2018-03-17,MOMARKEN,5,125000
5,2018-03-17,MOMARKEN,6,250.000
6,2018-03-17,MOMARKEN,7,125.000
0,2018-03-10,ESKILSTUNA,1,150.000
1,2018-03-10,ESKILSTUNA,2,125.000
2,2018-03-10,ESKILSTUNA,3,200.000
3,2018-03-10,ESKILSTUNA,4,125.000
4,2018-03-10,ESKILSTUNA,5,125.000
5,2018-03-10,ESKILSTUNA,6,125.000
6,2018-03-10,ESKILSTUNA,7,125.000
0,2018-03-03,HALMSTAD,1,125.000
1,2018-03-03,HALMSTAD,2,125.000
2,2018-03-03,HALMSTAD,3,200.000
3,2018-03-03,HALMSTAD,4,125.000
4,2018-03-03,HALMSTAD,5,125.000
5,2018-03-03,HALMSTAD,6,125.000
6,2018-03-03,HALMSTAD,7,150.000
0,2018-02-25,BERGSÅKER,1,100.000
1,2018-02-25,BERGSÅKER,2,125.000
2,2018-02-25,BERGSÅKER,3,100.000
3,2018-02-25,BERGSÅKER,4,100.000
4,2018-02-25,BERGSÅKER,5,125.000
5,2018-02-25,BERGSÅKER,6,100.000
6,2018-02-25,BERGSÅKER,7,100.000
0,2018-02-24,SOLVALLA,1,200.000
1,2018-02-24,SOLVALLA,2,200.000
2,2018-02-24,SOLVALLA,3,200.000
3,2018-02-24,SOLVALLA,4,200.000
4,2018-02-24,SOLVALLA,5,200.000
5,2018-02-24,SOLVALLA,6,200.000
6,2018-02-24,SOLVALLA,7,200.000
0,2018-02-17,AXEVALLA,1,150.000
1,2018-02-17,AXEVALLA,2,100.000
2,2018-02-17,AXEVALLA,3,125.000
3,2018-02-17,AXEVALLA,4,125.000
4,2018-02-17,AXEVALLA,5,125.000
5,2018-02-17,AXEVALLA,6,125.000
6,2018-02-17,AXEVALLA,7,125.000
0,2018-02-10,SOLVALLA,1,300.000
1,2018-02-10,SOLVALLA,2,250.000
2,2018-02-10,SOLVALLA,3,400.000
3,2018-02-10,SOLVALLA,4,250.000
4,2018-02-10,SOLVALLA,5,250.000
5,2018-02-10,SOLVALLA,6,250.000
6,2018-02-10,SOLVALLA,7,250.000
0,2018-02-03,ÅBY,1,125.000
1,2018-02-03,ÅBY,2,125.000
2,2018-02-03,ÅBY,3,200.000
3,2018-02-03,ÅBY,4,100.000
4,2018-02-03,ÅBY,5,125.000
5,2018-02-03,ÅBY,6,150.000
6,2018-02-03,ÅBY,7,125.000
0,2018-01-28,BOLLNÄS,1,100.000
1,2018-01-28,BOLLNÄS,2,100.000
2,2018-01-28,BOLLNÄS,3,100.000
3,2018-01-28,BOLLNÄS,4,100.000
4,2018-01-28,BOLLNÄS,5,100.000
5,2018-01-28,BOLLNÄS,6,100.000
6,2018-01-28,BOLLNÄS,7,100.000
0,2018-01-27,KALMAR,1,150.000
1,2018-01-27,KALMAR,2,125.000
2,2018-01-27,KALMAR,3,200.000
3,2018-01-27,KALMAR,4,125.000
4,2018-01-27,KALMAR,5,125.000
5,2018-01-27,KALMAR,6,125.000
6,2018-01-27,KALMAR,7,125.000
0,2018-01-20,ROMME,1,150.000
1,2018-01-20,ROMME,2,125.000
2,2018-01-20,ROMME,3,200.000
3,2018-01-20,ROMME,4,125.000
4,2018-01-20,ROMME,5,125.000
5,2018-01-20,ROMME,6,125.000
6,2018-01-20,ROMME,7,125.000
0,2018-01-13,JÄGERSRO,1,125.000
1,2018-01-13,JÄGERSRO,2,125.000
2,2018-01-13,JÄGERSRO,3,200.000
3,2018-01-13,JÄGERSRO,4,125.000
4,2018-01-13,JÄGERSRO,5,125.000
5,2018-01-13,JÄGERSRO,6,150.000
6,2018-01-13,JÄGERSRO,7,125.000
0,2018-01-06,BERGSÅKER,1,125.000
1,2018-01-06,BERGSÅKER,2,125.000
2,2018-01-06,BERGSÅKER,3,200.000
3,2018-01-06,BERGSÅKER,4,125.000
4,2018-01-06,BERGSÅKER,5,150.000
5,2018-01-06,BERGSÅKER,6,125.000
6,2018-01-06,BERGSÅKER,7,125.000
0,2017-12-31,ÖREBRO,1,100.000
1,2017-12-31,ÖREBRO,2,100.000
2,2017-12-31,ÖREBRO,3,100.000
3,2017-12-31,ÖREBRO,4,100.000
4,2017-12-31,ÖREBRO,5,100.000
5,2017-12-31,ÖREBRO,6,100.000
6,2017-12-31,ÖREBRO,7,100.000
0,2017-12-30,HALMSTAD,1,125.000
1,2017-12-30,HALMSTAD,2,125.000
2,2017-12-30,HALMSTAD,3,200.000
3,2017-12-30,HALMSTAD,4,100.000
4,2017-12-30,HALMSTAD,5,125.000
5,2017-12-30,HALMSTAD,6,150.000
6,2017-12-30,HALMSTAD,7,125.000
0,2017-12-29,MOMARKEN,1,60.000
1,2017-12-29,MOMARKEN,2,70.000
2,2017-12-29,MOMARKEN,3,50.000
3,2017-12-29,MOMARKEN,4,100.000
4,2017-12-29,MOMARKEN,5,70000
5,2017-12-29,MOMARKEN,6,70.000
6,2017-12-29,MOMARKEN,7,100.000
0,2017-12-28,ÅBY,1,100.000
1,2017-12-28,ÅBY,2,100.000
2,2017-12-28,ÅBY,3,100.000
3,2017-12-28,ÅBY,4,100.000
4,2017-12-28,ÅBY,5,100.000
5,2017-12-28,ÅBY,6,100.000
6,2017-12-28,ÅBY,7,100.000
0,2017-12-27,BJERKE,1,50.000
1,2017-12-27,BJERKE,2,60.000
2,2017-12-27,BJERKE,3,50.000
3,2017-12-27,BJERKE,4,70.000
4,2017-12-27,BJERKE,5,60000
5,2017-12-27,BJERKE,6,100.000
6,2017-12-27,BJERKE,7,60.000
0,2017-12-26,SOLVALLA,1,200.000
1,2017-12-26,SOLVALLA,2,200.000
2,2017-12-26,SOLVALLA,3,200.000
3,2017-12-26,SOLVALLA,4,200.000
4,2017-12-26,SOLVALLA,5,220.000
5,2017-12-26,SOLVALLA,6,250.000
6,2017-12-26,SOLVALLA,7,200.000
0,2017-12-25,UMÅKER,1,100.000
1,2017-12-25,UMÅKER,2,100.000
2,2017-12-25,UMÅKER,3,100.000
3,2017-12-25,UMÅKER,4,100.000
4,2017-12-25,UMÅKER,5,100.000
5,2017-12-25,UMÅKER,6,100.000
6,2017-12-25,UMÅKER,7,100.000
0,2017-12-23,AXEVALLA,1,100.000
1,2017-12-23,AXEVALLA,2,100.000
2,2017-12-23,AXEVALLA,3,100.000
3,2017-12-23,AXEVALLA,4,100.000
4,2017-12-23,AXEVALLA,5,100.000
5,2017-12-23,AXEVALLA,6,100.000
6,2017-12-23,AXEVALLA,7,100.000
0,2017-12-16,GÄVLE,1,125.000
1,2017-12-16,GÄVLE,2,100.000
2,2017-12-16,GÄVLE,3,150.000
3,2017-12-16,GÄVLE,4,150.000
4,2017-12-16,GÄVLE,5,100.000
5,2017-12-16,GÄVLE,6,200.000
6,2017-12-16,GÄVLE,7,110.000
0,2017-12-09,ÅBY,1,100.000
1,2017-12-09,ÅBY,2,100.000
2,2017-12-09,ÅBY,3,150.000
3,2017-12-09,ÅBY,4,100.000
4,2017-12-09,ÅBY,5,100.000
5,2017-12-09,ÅBY,6,110.000
6,2017-12-09,ÅBY,7,125.000
0,2017-12-02,JÄGERSRO,1,150.000
1,2017-12-02,JÄGERSRO,2,100.000
2,2017-12-02,JÄGERSRO,3,125.000
3,2017-12-02,JÄGERSRO,4,700.000
4,2017-12-02,JÄGERSRO,5,100.000
5,2017-12-02,JÄGERSRO,6,110.000
6,2017-12-02,JÄGERSRO,7,150.000
0,2017-11-26,MANTORP,1,100.000
1,2017-11-26,MANTORP,2,100.000
2,2017-11-26,MANTORP,3,100.000
3,2017-11-26,MANTORP,4,100.000
4,2017-11-26,MANTORP,5,100.000
5,2017-11-26,MANTORP,6,100.000
6,2017-11-26,MANTORP,7,100.000
0,2017-11-25,SOLVALLA,1,200.000
1,2017-11-25,SOLVALLA,2,200.000
2,2017-11-25,SOLVALLA,3,220.000
3,2017-11-25,SOLVALLA,4,200.000
4,2017-11-25,SOLVALLA,5,250.000
5,2017-11-25,SOLVALLA,6,400.000
6,2017-11-25,SOLVALLA,7,200.000
0,2017-11-18,BJERKE,1,100.000
1,2017-11-18,BJERKE,2,110.000
2,2017-11-18,BJERKE,3,150.000
3,2017-11-18,BJERKE,4,100.000
4,2017-11-18,BJERKE,5,125.000
5,2017-11-18,BJERKE,6,300.000
6,2017-11-18,BJERKE,7,150.000
0,2017-11-12,ESKILSTUNA,1,100.000
1,2017-11-12,ESKILSTUNA,2,800.000
2,2017-11-12,ESKILSTUNA,3,100.000
3,2017-11-12,ESKILSTUNA,4,800.000
4,2017-11-12,ESKILSTUNA,5,100.000
5,2017-11-12,ESKILSTUNA,6,800.000
6,2017-11-12,ESKILSTUNA,7,800.000
0,2017-11-11,ESKILSTUNA,1,125.000
1,2017-11-11,ESKILSTUNA,2,100.000
2,2017-11-11,ESKILSTUNA,3,150.000
3,2017-11-11,ESKILSTUNA,4,100.000
4,2017-11-11,ESKILSTUNA,5,100.000
5,2017-11-11,ESKILSTUNA,6,110.000
6,2017-11-11,ESKILSTUNA,7,100.000
0,2017-11-04,BERGSÅKER,1,110.000
1,2017-11-04,BERGSÅKER,2,100.000
2,2017-11-04,BERGSÅKER,3,150.000
3,2017-11-04,BERGSÅKER,4,100.000
4,2017-11-04,BERGSÅKER,5,125.000
5,2017-11-04,BERGSÅKER,6,150.000
6,2017-11-04,BERGSÅKER,7,100.000
0,2017-10-29,SOLVALLA,1,100.000
1,2017-10-29,SOLVALLA,2,100.000
2,2017-10-29,SOLVALLA,3,100.000
3,2017-10-29,SOLVALLA,4,100.000
4,2017-10-29,SOLVALLA,5,100.000
5,2017-10-29,SOLVALLA,6,100.000
6,2017-10-29,SOLVALLA,7,100.000
0,2017-10-28,JÄGERSRO,1,100.000
1,2017-10-28,JÄGERSRO,2,100.000
2,2017-10-28,JÄGERSRO,3,100.000
3,2017-10-28,JÄGERSRO,4,100.000
4,2017-10-28,JÄGERSRO,5,110.000
5,2017-10-28,JÄGERSRO,6,125.000
6,2017-10-28,JÄGERSRO,7,400.000
0,2017-10-21,ÖREBRO,1,100.000
1,2017-10-21,ÖREBRO,2,100.000
2,2017-10-21,ÖREBRO,3,110.000
3,2017-10-21,ÖREBRO,4,537.000
4,2017-10-21,ÖREBRO,5,150.000
5,2017-10-21,ÖREBRO,6,100.000
6,2017-10-21,ÖREBRO,7,125.000
0,2017-10-14,ÅBY,1,110.000
1,2017-10-14,ÅBY,2,250.000
2,2017-10-14,ÅBY,3,500.000
3,2017-10-14,ÅBY,4,100.000
4,2017-10-14,ÅBY,5,100.000
5,2017-10-14,ÅBY,6,500.000
6,2017-10-14,ÅBY,7,125.000
0,2017-10-07,SKELLEFTEÅ,1,100.000
1,2017-10-07,SKELLEFTEÅ,2,100.000
2,2017-10-07,SKELLEFTEÅ,3,150.000
3,2017-10-07,SKELLEFTEÅ,4,150.000
4,2017-10-07,SKELLEFTEÅ,5,125.000
5,2017-10-07,SKELLEFTEÅ,6,100.000
6,2017-10-07,SKELLEFTEÅ,7,110.000
0,2017-10-01,SOLVALLA,1,200.000
1,2017-10-01,SOLVALLA,2,100.000
2,2017-10-01,SOLVALLA,3,250.000
3,2017-10-01,SOLVALLA,4,1.400.000
4,2017-10-01,SOLVALLA,5,200.000
5,2017-10-01,SOLVALLA,6,2.000.000
6,2017-10-01,SOLVALLA,7,200.000
0,2017-09-30,SOLVALLA,1,100.000
1,2017-09-30,SOLVALLA,2,500.000
2,2017-09-30,SOLVALLA,3,220.000
3,2017-09-30,SOLVALLA,4,1.953.760
4,2017-09-30,SOLVALLA,5,200.000
5,2017-09-30,SOLVALLA,6,200.000
6,2017-09-30,SOLVALLA,7,500.000
0,2017-09-23,FÄRJESTAD,1,125.000
1,2017-09-23,FÄRJESTAD,2,100.000
2,2017-09-23,FÄRJESTAD,3,150.000
3,2017-09-23,FÄRJESTAD,4,300.000
4,2017-09-23,FÄRJESTAD,5,100.000
5,2017-09-23,FÄRJESTAD,6,110.000
6,2017-09-23,FÄRJESTAD,7,100.000
0,2017-09-16,BOLLNÄS,1,125.000
1,2017-09-16,BOLLNÄS,2,100.000
2,2017-09-16,BOLLNÄS,3,100.000
3,2017-09-16,BOLLNÄS,4,150.000
4,2017-09-16,BOLLNÄS,5,150.000
5,2017-09-16,BOLLNÄS,6,110.000
6,2017-09-16,BOLLNÄS,7,100.000
0,2017-09-10,BJERKE,1,100.000
1,2017-09-10,BJERKE,2,500.000
2,2017-09-10,BJERKE,3,100.000
3,2017-09-10,BJERKE,4,750.000
4,2017-09-10,BJERKE,5,750.000
5,2017-09-10,BJERKE,6,150.000
6,2017-09-10,BJERKE,7,1.000.000
0,2017-09-09,SOLÄNGET,1,100.000
1,2017-09-09,SOLÄNGET,2,100.000
2,2017-09-09,SOLÄNGET,3,150.000
3,2017-09-09,SOLÄNGET,4,100.000
4,2017-09-09,SOLÄNGET,5,100.000
5,2017-09-09,SOLÄNGET,6,110.000
6,2017-09-09,SOLÄNGET,7,125.000
0,2017-09-03,JÄGERSRO,1,100.000
1,2017-09-03,JÄGERSRO,2,50.000
2,2017-09-03,JÄGERSRO,3,1.000.000
3,2017-09-03,JÄGERSRO,4,100.000
4,2017-09-03,JÄGERSRO,5,150.000
5,2017-09-03,JÄGERSRO,6,2.000.000
6,2017-09-03,JÄGERSRO,7,100.000
0,2017-09-02,JÄGERSRO,1,100.000
1,2017-09-02,JÄGERSRO,2,100.000
2,2017-09-02,JÄGERSRO,3,150.000
3,2017-09-02,JÄGERSRO,4,100.000
4,2017-09-02,JÄGERSRO,5,100.000
5,2017-09-02,JÄGERSRO,6,125.000
6,2017-09-02,JÄGERSRO,7,110.000
0,2017-08-27,CHARLOTTENLUND,1,60000
1,2017-08-27,CHARLOTTENLUND,2,30000
2,2017-08-27,CHARLOTTENLUND,3,25000
3,2017-08-27,CHARLOTTENLUND,4,30000
4,2017-08-27,CHARLOTTENLUND,5,75000
5,2017-08-27,CHARLOTTENLUND,6,100000
6,2017-08-27,CHARLOTTENLUND,7,560000
0,2017-08-26,BERGSÅKER,1,100.000
1,2017-08-26,BERGSÅKER,2,125.000
2,2017-08-26,BERGSÅKER,3,250.000
3,2017-08-26,BERGSÅKER,4,200.000
4,2017-08-26,BERGSÅKER,5,100.000
5,2017-08-26,BERGSÅKER,6,1.000.000
6,2017-08-26,BERGSÅKER,7,110.000
0,2017-08-25,BERGSÅKER,1,100.000
1,2017-08-25,BERGSÅKER,2,100.000
2,2017-08-25,BERGSÅKER,3,100.000
3,2017-08-25,BERGSÅKER,4,50.000
4,2017-08-25,BERGSÅKER,5,100.000
5,2017-08-25,BERGSÅKER,6,200.000
6,2017-08-25,BERGSÅKER,7,100.000
0,2017-08-24,ÅBY,1,100.000
1,2017-08-24,ÅBY,2,100.000
2,2017-08-24,ÅBY,3,100.000
3,2017-08-24,ÅBY,4,100.000
4,2017-08-24,ÅBY,5,100.000
5,2017-08-24,ÅBY,6,100.000
6,2017-08-24,ÅBY,7,100.000
0,2017-08-23,JÄGERSRO,1,200.000
1,2017-08-23,JÄGERSRO,2,200.000
2,2017-08-23,JÄGERSRO,3,200.000
3,2017-08-23,JÄGERSRO,4,100.000
4,2017-08-23,JÄGERSRO,5,200.000
5,2017-08-23,JÄGERSRO,6,200.000
6,2017-08-23,JÄGERSRO,7,200.000
0,2017-08-19,ROMME,1,110.000
1,2017-08-19,ROMME,2,925.000
2,2017-08-19,ROMME,3,150.000
3,2017-08-19,ROMME,4,100.000
4,2017-08-19,ROMME,5,100.000
5,2017-08-19,ROMME,6,925.000
6,2017-08-19,ROMME,7,125.000
0,2017-08-16,SOLVALLA,1,100.000
1,2017-08-16,SOLVALLA,2,200.000
2,2017-08-16,SOLVALLA,3,100.000
3,2017-08-16,SOLVALLA,4,800.000
4,2017-08-16,SOLVALLA,5,200.000
5,2017-08-16,SOLVALLA,6,1.000.000
6,2017-08-16,SOLVALLA,7,50.000
0,2017-08-13,DANNERO,1,100.000
1,2017-08-13,DANNERO,2,350.000
2,2017-08-13,DANNERO,3,100.000
3,2017-08-13,DANNERO,4,150.000
4,2017-08-13,DANNERO,5,100.000
5,2017-08-13,DANNERO,6,600.000
6,2017-08-13,DANNERO,7,100.000
0,2017-08-12,ÅBY,1,400.000
1,2017-08-12,ÅBY,2,200.000
2,2017-08-12,ÅBY,3,220.000
3,2017-08-12,ÅBY,4,200.000
4,2017-08-12,ÅBY,5,400.000
5,2017-08-12,ÅBY,6,500.000
6,2017-08-12,ÅBY,7,200.000
0,2017-08-05,RÄTTVIK,1,150.000
1,2017-08-05,RÄTTVIK,2,100.000
2,2017-08-05,RÄTTVIK,3,100.000
3,2017-08-05,RÄTTVIK,4,100.000
4,2017-08-05,RÄTTVIK,5,110.000
5,2017-08-05,RÄTTVIK,6,125.000
6,2017-08-05,RÄTTVIK,7,300.000
0,2017-07-29,HAGMYREN,1,100.000
1,2017-07-29,HAGMYREN,2,100.000
2,2017-07-29,HAGMYREN,3,150.000
3,2017-07-29,HAGMYREN,4,100.000
4,2017-07-29,HAGMYREN,5,125.000
5,2017-07-29,HAGMYREN,6,110.000
6,2017-07-29,HAGMYREN,7,100.000
0,2017-07-25,JÄGERSRO,1,100.000
1,2017-07-25,JÄGERSRO,2,200.000
2,2017-07-25,JÄGERSRO,3,200.000
3,2017-07-25,JÄGERSRO,4,550.000
4,2017-07-25,JÄGERSRO,5,80.000
5,2017-07-25,JÄGERSRO,6,1.000.000
6,2017-07-25,JÄGERSRO,7,250.000
0,2017-07-23,AXEVALLA,1,100.000
1,2017-07-23,AXEVALLA,2,100.000
2,2017-07-23,AXEVALLA,3,100.000
3,2017-07-23,AXEVALLA,4,100.000
4,2017-07-23,AXEVALLA,5,100.000
5,2017-07-23,AXEVALLA,6,1.200.000
6,2017-07-23,AXEVALLA,7,100.000
0,2017-07-22,AXEVALLA,1,100.000
1,2017-07-22,AXEVALLA,2,100.000
2,2017-07-22,AXEVALLA,3,150.000
3,2017-07-22,AXEVALLA,4,100.000
4,2017-07-22,AXEVALLA,5,100.000
5,2017-07-22,AXEVALLA,6,125.000
6,2017-07-22,AXEVALLA,7,110.000
0,2017-07-15,ÅRJÄNG,1,100.000
1,2017-07-15,ÅRJÄNG,2,100.000
2,2017-07-15,ÅRJÄNG,3,150.000
3,2017-07-15,ÅRJÄNG,4,100.000
4,2017-07-15,ÅRJÄNG,5,125.000
5,2017-07-15,ÅRJÄNG,6,110.000
6,2017-07-15,ÅRJÄNG,7,600.000
0,2017-07-09,JARLSBERG,1,100.000
1,2017-07-09,JARLSBERG,2,100.000
2,2017-07-09,JARLSBERG,3,200.000
3,2017-07-09,JARLSBERG,4,75.000
4,2017-07-09,JARLSBERG,5,75.000
5,2017-07-09,JARLSBERG,6,750.000
6,2017-07-09,JARLSBERG,7,75.000
0,2017-07-08,HALMSTAD,1,100.000
1,2017-07-08,HALMSTAD,2,125.000
2,2017-07-08,HALMSTAD,3,683.816
3,2017-07-08,HALMSTAD,4,100.000
4,2017-07-08,HALMSTAD,5,100.000
5,2017-07-08,HALMSTAD,6,150.000
6,2017-07-08,HALMSTAD,7,110.000
0,2017-07-06,HALMSTAD,1,100.000
1,2017-07-06,HALMSTAD,2,125.000
2,2017-07-06,HALMSTAD,3,125.000
3,2017-07-06,HALMSTAD,4,125.000
4,2017-07-06,HALMSTAD,5,100.000
5,2017-07-06,HALMSTAD,6,150.000
6,2017-07-06,HALMSTAD,7,125.000
0,2017-07-01,BERGSÅKER,1,250.000
1,2017-07-01,BERGSÅKER,2,200.000
2,2017-07-01,BERGSÅKER,3,925.000
3,2017-07-01,BERGSÅKER,4,200.000
4,2017-07-01,BERGSÅKER,5,220.000
5,2017-07-01,BERGSÅKER,6,925.000
6,2017-07-01,BERGSÅKER,7,200.000
0,2017-06-25,KALMAR,1,100.000
1,2017-06-25,KALMAR,2,100.000
2,2017-06-25,KALMAR,3,100.000
3,2017-06-25,KALMAR,4,110.000
4,2017-06-25,KALMAR,5,100.000
5,2017-06-25,KALMAR,6,150.000
6,2017-06-25,KALMAR,7,125.000
0,2017-06-17,BODEN,1,125.000
1,2017-06-17,BODEN,2,100.000
2,2017-06-17,BODEN,3,100.000
3,2017-06-17,BODEN,4,100.000
4,2017-06-17,BODEN,5,110.000
5,2017-06-17,BODEN,6,100.000
6,2017-06-17,BODEN,7,1.000.000
0,2017-06-11,BJERKE,1,200.000
1,2017-06-11,BJERKE,2,110.000
2,2017-06-11,BJERKE,3,200.000
3,2017-06-11,BJERKE,4,300.000
4,2017-06-11,BJERKE,5,300.000
5,2017-06-11,BJERKE,6,200.000
6,2017-06-11,BJERKE,7,1.500.000
0,2017-06-10,ÖSTERSUND,1,100.000
1,2017-06-10,ÖSTERSUND,2,100.000
2,2017-06-10,ÖSTERSUND,3,100.000
3,2017-06-10,ÖSTERSUND,4,100.000
4,2017-06-10,ÖSTERSUND,5,125.000
5,2017-06-10,ÖSTERSUND,6,700.000
6,2017-06-10,ÖSTERSUND,7,110.000
0,2017-06-03,MANTORP,1,110.000
1,2017-06-03,MANTORP,2,100.000
2,2017-06-03,MANTORP,3,100.000
3,2017-06-03,MANTORP,4,100.000
4,2017-06-03,MANTORP,5,125.000
5,2017-06-03,MANTORP,6,300.000
6,2017-06-03,MANTORP,7,150.000
0,2017-05-28,SOLVALLA,1,300.000
1,2017-05-28,SOLVALLA,2,150.000
2,2017-05-28,SOLVALLA,3,250.000
3,2017-05-28,SOLVALLA,4,250.000
4,2017-05-28,SOLVALLA,5,300.000
5,2017-05-28,SOLVALLA,6,250.000
6,2017-05-28,SOLVALLA,7,500.000
0,2017-05-27,SOLVALLA,1,200.000
1,2017-05-27,SOLVALLA,2,200.000
2,2017-05-27,SOLVALLA,3,200.000
3,2017-05-27,SOLVALLA,4,200.000
4,2017-05-27,SOLVALLA,5,220.000
5,2017-05-27,SOLVALLA,6,200.000
6,2017-05-27,SOLVALLA,7,500.000
0,2017-05-20,GÄVLE,1,100.000
1,2017-05-20,GÄVLE,2,100.000
2,2017-05-20,GÄVLE,3,100.000
3,2017-05-20,GÄVLE,4,150.000
4,2017-05-20,GÄVLE,5,125.000
5,2017-05-20,GÄVLE,6,400.000
6,2017-05-20,GÄVLE,7,110.000
0,2017-05-14,CHARLOTTENLUND,1,125000
1,2017-05-14,CHARLOTTENLUND,2,80000
2,2017-05-14,CHARLOTTENLUND,3,150000
3,2017-05-14,CHARLOTTENLUND,4,80000
4,2017-05-14,CHARLOTTENLUND,5,100000
5,2017-05-14,CHARLOTTENLUND,6,100000
6,2017-05-14,CHARLOTTENLUND,7,375000
0,2017-05-13,ÅBY,1,976.880
1,2017-05-13,ÅBY,2,110.000
2,2017-05-13,ÅBY,3,125.000
3,2017-05-13,ÅBY,4,100.000
4,2017-05-13,ÅBY,5,150.000
5,2017-05-13,ÅBY,6,100.000
6,2017-05-13,ÅBY,7,976.880
0,2017-05-07,VERMO,1,11000
1,2017-05-07,VERMO,2,11000
2,2017-05-07,VERMO,3,11000
3,2017-05-07,VERMO,4,11000
4,2017-05-07,VERMO,5,12000
5,2017-05-07,VERMO,6,11000
6,2017-05-07,VERMO,7,110000
0,2017-05-06,ÖREBRO,1,125.000
1,2017-05-06,ÖREBRO,2,100.000
2,2017-05-06,ÖREBRO,3,150.000
3,2017-05-06,ÖREBRO,4,100.000
4,2017-05-06,ÖREBRO,5,100.000
5,2017-05-06,ÖREBRO,6,110.000
6,2017-05-06,ÖREBRO,7,400.000
0,2017-05-01,BERGSÅKER,1,100.000
1,2017-05-01,BERGSÅKER,2,100.000
2,2017-05-01,BERGSÅKER,3,100.000
3,2017-05-01,BERGSÅKER,4,100.000
4,2017-05-01,BERGSÅKER,5,100.000
5,2017-05-01,BERGSÅKER,6,100.000
6,2017-05-01,BERGSÅKER,7,100.000
0,2017-04-29,ÅBY,1,110.000
1,2017-04-29,ÅBY,2,100.000
2,2017-04-29,ÅBY,3,150.000
3,2017-04-29,ÅBY,4,100.000
4,2017-04-29,ÅBY,5,250.000
5,2017-04-29,ÅBY,6,125.000
6,2017-04-29,ÅBY,7,1.500.000
0,2017-04-22,UMÅKER,1,100.000
1,2017-04-22,UMÅKER,2,100.000
2,2017-04-22,UMÅKER,3,150.000
3,2017-04-22,UMÅKER,4,100.000
4,2017-04-22,UMÅKER,5,110.000
5,2017-04-22,UMÅKER,6,200.000
6,2017-04-22,UMÅKER,7,125.000
0,2017-04-16,ROMME,1,125.000
1,2017-04-16,ROMME,2,100.000
2,2017-04-16,ROMME,3,150.000
3,2017-04-16,ROMME,4,150.000
4,2017-04-16,ROMME,5,100.000
5,2017-04-16,ROMME,6,100.000
6,2017-04-16,ROMME,7,110.000
0,2017-04-14,FÄRJESTAD,1,100.000
1,2017-04-14,FÄRJESTAD,2,100.000
2,2017-04-14,FÄRJESTAD,3,100.000
3,2017-04-14,FÄRJESTAD,4,100.000
4,2017-04-14,FÄRJESTAD,5,100.000
5,2017-04-14,FÄRJESTAD,6,100.000
6,2017-04-14,FÄRJESTAD,7,250.000
0,2017-04-08,JÄGERSRO,1,100.000
1,2017-04-08,JÄGERSRO,2,100.000
2,2017-04-08,JÄGERSRO,3,150.000
3,2017-04-08,JÄGERSRO,4,100.000
4,2017-04-08,JÄGERSRO,5,125.000
5,2017-04-08,JÄGERSRO,6,110.000
6,2017-04-08,JÄGERSRO,7,100.000
0,2017-04-01,SOLVALLA,1,200.000
1,2017-04-01,SOLVALLA,2,200.000
2,2017-04-01,SOLVALLA,3,250.000
3,2017-04-01,SOLVALLA,4,200.000
4,2017-04-01,SOLVALLA,5,200.000
5,2017-04-01,SOLVALLA,6,200.000
6,2017-04-01,SOLVALLA,7,220.000
0,2017-03-26,HALMSTAD,1,100.000
1,2017-03-26,HALMSTAD,2,100.000
2,2017-03-26,HALMSTAD,3,100.000
3,2017-03-26,HALMSTAD,4,100.000
4,2017-03-26,HALMSTAD,5,100.000
5,2017-03-26,HALMSTAD,6,100.000
6,2017-03-26,HALMSTAD,7,100.000
0,2017-03-25,MANTORP,1,100.000
1,2017-03-25,MANTORP,2,100.000
2,2017-03-25,MANTORP,3,150.000
3,2017-03-25,MANTORP,4,200.000
4,2017-03-25,MANTORP,5,125.000
5,2017-03-25,MANTORP,6,110.000
6,2017-03-25,MANTORP,7,100.000
0,2017-03-18,MOMARKEN,1,125.000
1,2017-03-18,MOMARKEN,2,125.000
2,2017-03-18,MOMARKEN,3,150.000
3,2017-03-18,MOMARKEN,4,150.000
4,2017-03-18,MOMARKEN,5,125.000
5,2017-03-18,MOMARKEN,6,250.000
6,2017-03-18,MOMARKEN,7,125.000
0,2017-03-11,BOLLNÄS,1,125.000
1,2017-03-11,BOLLNÄS,2,100.000
2,2017-03-11,BOLLNÄS,3,150.000
3,2017-03-11,BOLLNÄS,4,100.000
4,2017-03-11,BOLLNÄS,5,100.000
5,2017-03-11,BOLLNÄS,6,110.000
6,2017-03-11,BOLLNÄS,7,100.000
0,2017-03-04,KALMAR,1,100.000
1,2017-03-04,KALMAR,2,100.000
2,2017-03-04,KALMAR,3,150.000
3,2017-03-04,KALMAR,4,100.000
4,2017-03-04,KALMAR,5,125.000
5,2017-03-04,KALMAR,6,100.000
6,2017-03-04,KALMAR,7,110.000
0,2017-02-26,GÄVLE,1,100.000
1,2017-02-26,GÄVLE,2,100.000
2,2017-02-26,GÄVLE,3,100.000
3,2017-02-26,GÄVLE,4,100.000
4,2017-02-26,GÄVLE,5,100.000
5,2017-02-26,GÄVLE,6,100.000
6,2017-02-26,GÄVLE,7,100.000
0,2017-02-25,ESKILSTUNA,1,100.000
1,2017-02-25,ESKILSTUNA,2,100.000
2,2017-02-25,ESKILSTUNA,3,150.000
3,2017-02-25,ESKILSTUNA,4,100.000
4,2017-02-25,ESKILSTUNA,5,110.000
5,2017-02-25,ESKILSTUNA,6,100.000
6,2017-02-25,ESKILSTUNA,7,125.000
0,2017-02-18,AXEVALLA,1,100.000
1,2017-02-18,AXEVALLA,2,100.000
2,2017-02-18,AXEVALLA,3,100.000
3,2017-02-18,AXEVALLA,4,150.000
4,2017-02-18,AXEVALLA,5,100.000
5,2017-02-18,AXEVALLA,6,100.000
6,2017-02-18,AXEVALLA,7,125.000
0,2017-02-11,SOLVALLA,1,200.000
1,2017-02-11,SOLVALLA,2,200.000
2,2017-02-11,SOLVALLA,3,250.000
3,2017-02-11,SOLVALLA,4,200.000
4,2017-02-11,SOLVALLA,5,200.000
5,2017-02-11,SOLVALLA,6,200.000
6,2017-02-11,SOLVALLA,7,220.000
0,2017-02-04,ÅBY,1,125.000
1,2017-02-04,ÅBY,2,100.000
2,2017-02-04,ÅBY,3,100.000
3,2017-02-04,ÅBY,4,100.000
4,2017-02-04,ÅBY,5,150.000
5,2017-02-04,ÅBY,6,100.000
6,2017-02-04,ÅBY,7,110.000
0,2017-01-29,SOLVALLA,1,100.000
1,2017-01-29,SOLVALLA,2,100.000
2,2017-01-29,SOLVALLA,3,100.000
3,2017-01-29,SOLVALLA,4,100.000
4,2017-01-29,SOLVALLA,5,100.000
5,2017-01-29,SOLVALLA,6,100.000
6,2017-01-29,SOLVALLA,7,100.000
0,2017-01-28,BERGSÅKER,1,100.000
1,2017-01-28,BERGSÅKER,2,100.000
2,2017-01-28,BERGSÅKER,3,150.000
3,2017-01-28,BERGSÅKER,4,100.000
4,2017-01-28,BERGSÅKER,5,100.000
5,2017-01-28,BERGSÅKER,6,110.000
6,2017-01-28,BERGSÅKER,7,125.000
0,2017-01-21,FÄRJESTAD,1,100.000
1,2017-01-21,FÄRJESTAD,2,100.000
2,2017-01-21,FÄRJESTAD,3,150.000
3,2017-01-21,FÄRJESTAD,4,100.000
4,2017-01-21,FÄRJESTAD,5,125.000
5,2017-01-21,FÄRJESTAD,6,110.000
6,2017-01-21,FÄRJESTAD,7,100.000
0,2017-01-14,JÄGERSRO,1,100.000
1,2017-01-14,JÄGERSRO,2,100.000
2,2017-01-14,JÄGERSRO,3,150.000
3,2017-01-14,JÄGERSRO,4,110.000
4,2017-01-14,JÄGERSRO,5,100.000
5,2017-01-14,JÄGERSRO,6,125.000
6,2017-01-14,JÄGERSRO,7,100.000
0,2017-01-07,ROMME,1,125.000
1,2017-01-07,ROMME,2,100.000
2,2017-01-07,ROMME,3,100.000
3,2017-01-07,ROMME,4,100.000
4,2017-01-07,ROMME,5,100.000
5,2017-01-07,ROMME,6,100.000
6,2017-01-07,ROMME,7,110.000
0,2016-12-31,MANTORP,1,100.000
1,2016-12-31,MANTORP,2,100.000
2,2016-12-31,MANTORP,3,150.000
3,2016-12-31,MANTORP,4,100.000
4,2016-12-31,MANTORP,5,100.000
5,2016-12-31,MANTORP,6,100.000
6,2016-12-31,MANTORP,7,110.000
0,2016-12-30,BJERKE,1,60.000
1,2016-12-30,BJERKE,2,60.000
2,2016-12-30,BJERKE,3,60.000
3,2016-12-30,BJERKE,4,60.000
4,2016-12-30,BJERKE,5,60.000
5,2016-12-30,BJERKE,6,70.000
6,2016-12-30,BJERKE,7,70.000
0,2016-12-29,ULEÅBORG,1,10500
1,2016-12-29,ULEÅBORG,2,10500
2,2016-12-29,ULEÅBORG,3,10500
3,2016-12-29,ULEÅBORG,4,10500
4,2016-12-29,ULEÅBORG,5,10500
5,2016-12-29,ULEÅBORG,6,10500
6,2016-12-29,ULEÅBORG,7,10500
0,2016-12-28,HALMSTAD,1,100.000
1,2016-12-28,HALMSTAD,2,100.000
2,2016-12-28,HALMSTAD,3,100.000
3,2016-12-28,HALMSTAD,4,100.000
4,2016-12-28,HALMSTAD,5,100.000
5,2016-12-28,HALMSTAD,6,100.000
6,2016-12-28,HALMSTAD,7,100.000
0,2016-12-27,MOMARKEN,1,70.000
1,2016-12-27,MOMARKEN,2,70.000
2,2016-12-27,MOMARKEN,3,50.000
3,2016-12-27,MOMARKEN,4,70.000
4,2016-12-27,MOMARKEN,5,60.000
5,2016-12-27,MOMARKEN,6,50.000
6,2016-12-27,MOMARKEN,7,100.000
0,2016-12-26,SOLVALLA,1,220.000
1,2016-12-26,SOLVALLA,2,200.000
2,2016-12-26,SOLVALLA,3,250.000
3,2016-12-26,SOLVALLA,4,200.000
4,2016-12-26,SOLVALLA,5,200.000
5,2016-12-26,SOLVALLA,6,200.000
6,2016-12-26,SOLVALLA,7,200.000
0,2016-12-25,UMÅKER,1,100.000
1,2016-12-25,UMÅKER,2,100.000
2,2016-12-25,UMÅKER,3,100.000
3,2016-12-25,UMÅKER,4,100.000
4,2016-12-25,UMÅKER,5,100.000
5,2016-12-25,UMÅKER,6,100.000
6,2016-12-25,UMÅKER,7,100.000
0,2016-12-23,ÖREBRO,1,100.000
1,2016-12-23,ÖREBRO,2,100.000
2,2016-12-23,ÖREBRO,3,100.000
3,2016-12-23,ÖREBRO,4,100.000
4,2016-12-23,ÖREBRO,5,100.000
5,2016-12-23,ÖREBRO,6,100.000
6,2016-12-23,ÖREBRO,7,100.000
0,2016-12-17,ÅBY,1,100.000
1,2016-12-17,ÅBY,2,110.000
2,2016-12-17,ÅBY,3,150.000
3,2016-12-17,ÅBY,4,100.000
4,2016-12-17,ÅBY,5,100.000
5,2016-12-17,ÅBY,6,100.000
6,2016-12-17,ÅBY,7,125.000
0,2016-12-10,FÄRJESTAD,1,100.000
1,2016-12-10,FÄRJESTAD,2,100.000
2,2016-12-10,FÄRJESTAD,3,150.000
3,2016-12-10,FÄRJESTAD,4,200.000
4,2016-12-10,FÄRJESTAD,5,100.000
5,2016-12-10,FÄRJESTAD,6,110.000
6,2016-12-10,FÄRJESTAD,7,125.000
0,2016-12-03,JÄGERSRO,1,100.000
1,2016-12-03,JÄGERSRO,2,100.000
2,2016-12-03,JÄGERSRO,3,150.000
3,2016-12-03,JÄGERSRO,4,700.000
4,2016-12-03,JÄGERSRO,5,110.000
5,2016-12-03,JÄGERSRO,6,125.000
6,2016-12-03,JÄGERSRO,7,150.000
0,2016-11-27,GÄVLE,1,100.000
1,2016-11-27,GÄVLE,2,150.000
2,2016-11-27,GÄVLE,3,100.000
3,2016-11-27,GÄVLE,4,100.000
4,2016-11-27,GÄVLE,5,100.000
5,2016-11-27,GÄVLE,6,150.000
6,2016-11-27,GÄVLE,7,100.000
0,2016-11-26,SOLVALLA,1,200.000
1,2016-11-26,SOLVALLA,2,200.000
2,2016-11-26,SOLVALLA,3,400.000
3,2016-11-26,SOLVALLA,4,220.000
4,2016-11-26,SOLVALLA,5,200.000
5,2016-11-26,SOLVALLA,6,250.000
6,2016-11-26,SOLVALLA,7,200.000
0,2016-11-19,BJERKE,1,150.000
1,2016-11-19,BJERKE,2,105.000
2,2016-11-19,BJERKE,3,150.000
3,2016-11-19,BJERKE,4,105.000
4,2016-11-19,BJERKE,5,125.000
5,2016-11-19,BJERKE,6,300.000
6,2016-11-19,BJERKE,7,110.000
0,2016-11-12,BERGSÅKER,1,100.000
1,2016-11-12,BERGSÅKER,2,100.000
2,2016-11-12,BERGSÅKER,3,100.000
3,2016-11-12,BERGSÅKER,4,100.000
4,2016-11-12,BERGSÅKER,5,150.000
5,2016-11-12,BERGSÅKER,6,125.000
6,2016-11-12,BERGSÅKER,7,110.000
0,2016-11-06,ESKILSTUNA,1,100.000
1,2016-11-06,ESKILSTUNA,2,800.000
2,2016-11-06,ESKILSTUNA,3,100.000
3,2016-11-06,ESKILSTUNA,4,800.000
4,2016-11-06,ESKILSTUNA,5,100.000
5,2016-11-06,ESKILSTUNA,6,800.000
6,2016-11-06,ESKILSTUNA,7,800.000
,datum,bana,avd,pris
0,2016-11-05,ESKILSTUNA,1,110.000
1,2016-11-05,ESKILSTUNA,2,100.000
2,2016-11-05,ESKILSTUNA,3,100.000
3,2016-11-05,ESKILSTUNA,4,100.000
4,2016-11-05,ESKILSTUNA,5,150.000
5,2016-11-05,ESKILSTUNA,6,100.000
6,2016-11-05,ESKILSTUNA,7,125.000
0,2016-10-29,JÄGERSRO,1,100.000
1,2016-10-29,JÄGERSRO,2,100.000
2,2016-10-29,JÄGERSRO,3,100.000
3,2016-10-29,JÄGERSRO,4,100.000
4,2016-10-29,JÄGERSRO,5,125.000
5,2016-10-29,JÄGERSRO,6,110.000
6,2016-10-29,JÄGERSRO,7,400.000
0,2016-10-23,SOLVALLA,1,100.000
1,2016-10-23,SOLVALLA,2,100.000
2,2016-10-23,SOLVALLA,3,100.000
3,2016-10-23,SOLVALLA,4,100.000
4,2016-10-23,SOLVALLA,5,100.000
5,2016-10-23,SOLVALLA,6,100.000
6,2016-10-23,SOLVALLA,7,100.000
0,2016-10-22,ROMME,1,125.000
1,2016-10-22,ROMME,2,100.000
2,2016-10-22,ROMME,3,150.000
3,2016-10-22,ROMME,4,150.000
4,2016-10-22,ROMME,5,100.000
5,2016-10-22,ROMME,6,100.000
6,2016-10-22,ROMME,7,110.000
0,2016-10-15,ÅBY,1,100.000
1,2016-10-15,ÅBY,2,100.000
2,2016-10-15,ÅBY,3,110.000
3,2016-10-15,ÅBY,4,100.000
4,2016-10-15,ÅBY,5,500.000
5,2016-10-15,ÅBY,6,125.000
6,2016-10-15,ÅBY,7,500.000
0,2016-10-08,SKELLEFTEÅ,1,125.000
1,2016-10-08,SKELLEFTEÅ,2,100.000
2,2016-10-08,SKELLEFTEÅ,3,150.000
3,2016-10-08,SKELLEFTEÅ,4,150.000
4,2016-10-08,SKELLEFTEÅ,5,100.000
5,2016-10-08,SKELLEFTEÅ,6,100.000
6,2016-10-08,SKELLEFTEÅ,7,110.000
0,2016-10-01,FÄRJESTAD,1,100.000
1,2016-10-01,FÄRJESTAD,2,100.000
2,2016-10-01,FÄRJESTAD,3,150.000
3,2016-10-01,FÄRJESTAD,4,100.000
4,2016-10-01,FÄRJESTAD,5,300.000
5,2016-10-01,FÄRJESTAD,6,125.000
6,2016-10-01,FÄRJESTAD,7,110.000
0,2016-09-25,SOLVALLA,1,200.000
1,2016-09-25,SOLVALLA,2,100.000
2,2016-09-25,SOLVALLA,3,100.000
3,2016-09-25,SOLVALLA,4,1.400.000
4,2016-09-25,SOLVALLA,5,100.000
5,2016-09-25,SOLVALLA,6,2.000.000
6,2016-09-25,SOLVALLA,7,100.000
0,2016-09-24,SOLVALLA,1,200.000
1,2016-09-24,SOLVALLA,2,200.000
2,2016-09-24,SOLVALLA,3,220.000
3,2016-09-24,SOLVALLA,4,200.000
4,2016-09-24,SOLVALLA,5,200.000
5,2016-09-24,SOLVALLA,6,250.000
6,2016-09-24,SOLVALLA,7,100.000
0,2016-09-18,BJERKE,1,100.000
1,2016-09-18,BJERKE,2,500.000
2,2016-09-18,BJERKE,3,100.000
3,2016-09-18,BJERKE,4,750.000
4,2016-09-18,BJERKE,5,750.000
5,2016-09-18,BJERKE,6,1.822.944
6,2016-09-18,BJERKE,7,1.000.000
0,2016-09-17,SOLÄNGET,1,110.000
1,2016-09-17,SOLÄNGET,2,100.000
2,2016-09-17,SOLÄNGET,3,150.000
3,2016-09-17,SOLÄNGET,4,100.000
4,2016-09-17,SOLÄNGET,5,100.000
5,2016-09-17,SOLÄNGET,6,100.000
6,2016-09-17,SOLÄNGET,7,125.000
0,2016-09-10,HAGMYREN,1,110.000
1,2016-09-10,HAGMYREN,2,100.000
2,2016-09-10,HAGMYREN,3,150.000
3,2016-09-10,HAGMYREN,4,150.000
4,2016-09-10,HAGMYREN,5,100.000
5,2016-09-10,HAGMYREN,6,125.000
6,2016-09-10,HAGMYREN,7,100.000
0,2016-09-04,JÄGERSRO,1,100.000
1,2016-09-04,JÄGERSRO,2,50.000
2,2016-09-04,JÄGERSRO,3,100.000
3,2016-09-04,JÄGERSRO,4,150.000
4,2016-09-04,JÄGERSRO,5,1.000.000
5,2016-09-04,JÄGERSRO,6,2.000.000
6,2016-09-04,JÄGERSRO,7,100.000
0,2016-09-03,JÄGERSRO,1,100.000
1,2016-09-03,JÄGERSRO,2,100.000
2,2016-09-03,JÄGERSRO,3,150.000
3,2016-09-03,JÄGERSRO,4,100.000
4,2016-09-03,JÄGERSRO,5,100.000
5,2016-09-03,JÄGERSRO,6,110.000
6,2016-09-03,JÄGERSRO,7,125.000
0,2016-08-27,BERGSÅKER,1,100.000
1,2016-08-27,BERGSÅKER,2,110.000
2,2016-08-27,BERGSÅKER,3,250.000
3,2016-08-27,BERGSÅKER,4,250.000
4,2016-08-27,BERGSÅKER,5,100.000
5,2016-08-27,BERGSÅKER,6,1.000.000
6,2016-08-27,BERGSÅKER,7,125.000
0,2016-08-20,ÖREBRO,1,125.000
1,2016-08-20,ÖREBRO,2,1.000.000
2,2016-08-20,ÖREBRO,3,150.000
3,2016-08-20,ÖREBRO,4,100.000
4,2016-08-20,ÖREBRO,5,100.000
5,2016-08-20,ÖREBRO,6,1.000.000
6,2016-08-20,ÖREBRO,7,110.000
0,2016-08-17,SOLVALLA,1,100.000
1,2016-08-17,SOLVALLA,2,150.000
2,2016-08-17,SOLVALLA,3,200.000
3,2016-08-17,SOLVALLA,4,800.000
4,2016-08-17,SOLVALLA,5,100.000
5,2016-08-17,SOLVALLA,6,1.000.000
6,2016-08-17,SOLVALLA,7,200.000
0,2016-08-13,ÅBY,1,400.000
1,2016-08-13,ÅBY,2,200.000
2,2016-08-13,ÅBY,3,220.000
3,2016-08-13,ÅBY,4,200.000
4,2016-08-13,ÅBY,5,400.000
5,2016-08-13,ÅBY,6,200.000
6,2016-08-13,ÅBY,7,500.000
0,2016-08-07,DANNERO,1,100.000
1,2016-08-07,DANNERO,2,100.000
2,2016-08-07,DANNERO,3,600.000
3,2016-08-07,DANNERO,4,100.000
4,2016-08-07,DANNERO,5,150.000
5,2016-08-07,DANNERO,6,100.000
6,2016-08-07,DANNERO,7,100.000
0,2016-08-06,RÄTTVIK,1,125.000
1,2016-08-06,RÄTTVIK,2,100.000
2,2016-08-06,RÄTTVIK,3,150.000
3,2016-08-06,RÄTTVIK,4,100.000
4,2016-08-06,RÄTTVIK,5,100.000
5,2016-08-06,RÄTTVIK,6,110.000
6,2016-08-06,RÄTTVIK,7,300.000
0,2016-07-30,BOLLNÄS,1,100.000
1,2016-07-30,BOLLNÄS,2,100.000
2,2016-07-30,BOLLNÄS,3,125.000
3,2016-07-30,BOLLNÄS,4,100.000
4,2016-07-30,BOLLNÄS,5,100.000
5,2016-07-30,BOLLNÄS,6,150.000
6,2016-07-30,BOLLNÄS,7,110.000
0,2016-07-26,JÄGERSRO,1,100.000
1,2016-07-26,JÄGERSRO,2,70.000
2,2016-07-26,JÄGERSRO,3,550.000
3,2016-07-26,JÄGERSRO,4,70.000
4,2016-07-26,JÄGERSRO,5,70.000
5,2016-07-26,JÄGERSRO,6,1.000.000
6,2016-07-26,JÄGERSRO,7,250.000
0,2016-07-24,AXEVALLA,1,100.000
1,2016-07-24,AXEVALLA,2,100.000
2,2016-07-24,AXEVALLA,3,100.000
3,2016-07-24,AXEVALLA,4,100.000
4,2016-07-24,AXEVALLA,5,50.000
5,2016-07-24,AXEVALLA,6,1.000.000
6,2016-07-24,AXEVALLA,7,100.000
0,2016-07-23,AXEVALLA,1,100.000
1,2016-07-23,AXEVALLA,2,100.000
2,2016-07-23,AXEVALLA,3,150.000
3,2016-07-23,AXEVALLA,4,100.000
4,2016-07-23,AXEVALLA,5,100.000
5,2016-07-23,AXEVALLA,6,125.000
6,2016-07-23,AXEVALLA,7,110.000
0,2016-07-16,ÅRJÄNG,1,125.000
1,2016-07-16,ÅRJÄNG,2,100.000
2,2016-07-16,ÅRJÄNG,3,150.000
3,2016-07-16,ÅRJÄNG,4,100.000
4,2016-07-16,ÅRJÄNG,5,110.000
5,2016-07-16,ÅRJÄNG,6,100.000
6,2016-07-16,ÅRJÄNG,7,600.000
0,2016-07-10,JARLSBERG,1,100.000
1,2016-07-10,JARLSBERG,2,100.000
2,2016-07-10,JARLSBERG,3,200.000
3,2016-07-10,JARLSBERG,4,75.000
4,2016-07-10,JARLSBERG,5,40.000
5,2016-07-10,JARLSBERG,6,500.000
6,2016-07-10,JARLSBERG,7,100.000
0,2016-07-09,HALMSTAD,1,125.000
1,2016-07-09,HALMSTAD,2,100.000
2,2016-07-09,HALMSTAD,3,557.298
3,2016-07-09,HALMSTAD,4,100.000
4,2016-07-09,HALMSTAD,5,100.000
5,2016-07-09,HALMSTAD,6,150.000
6,2016-07-09,HALMSTAD,7,110.000
0,2016-07-07,HALMSTAD,1,125.000
1,2016-07-07,HALMSTAD,2,125.000
2,2016-07-07,HALMSTAD,3,125.000
3,2016-07-07,HALMSTAD,4,125.000
4,2016-07-07,HALMSTAD,5,150.000
5,2016-07-07,HALMSTAD,6,100.000
6,2016-07-07,HALMSTAD,7,100.000
0,2016-07-02,ESKILSTUNA,1,220.000
1,2016-07-02,ESKILSTUNA,2,250.000
2,2016-07-02,ESKILSTUNA,3,1.000.000
3,2016-07-02,ESKILSTUNA,4,200.000
4,2016-07-02,ESKILSTUNA,5,200.000
5,2016-07-02,ESKILSTUNA,6,1.000.000
6,2016-07-02,ESKILSTUNA,7,200.000
0,2016-06-26,KALMAR,1,125.000
1,2016-06-26,KALMAR,2,100.000
2,2016-06-26,KALMAR,3,100.000
3,2016-06-26,KALMAR,4,100.000
4,2016-06-26,KALMAR,5,100.000
5,2016-06-26,KALMAR,6,150.000
6,2016-06-26,KALMAR,7,110.000
0,2016-06-18,BODEN,1,110.000
1,2016-06-18,BODEN,2,100.000
2,2016-06-18,BODEN,3,100.000
3,2016-06-18,BODEN,4,100.000
4,2016-06-18,BODEN,5,100.000
5,2016-06-18,BODEN,6,125.000
6,2016-06-18,BODEN,7,1.000.000
0,2016-06-12,BJERKE,1,200.000
1,2016-06-12,BJERKE,2,110.000
2,2016-06-12,BJERKE,3,200.000
3,2016-06-12,BJERKE,4,175.000
4,2016-06-12,BJERKE,5,300.000
5,2016-06-12,BJERKE,6,200.000
6,2016-06-12,BJERKE,7,1.500.000
0,2016-06-11,ÖSTERSUND,1,100.000
1,2016-06-11,ÖSTERSUND,2,100.000
2,2016-06-11,ÖSTERSUND,3,125.000
3,2016-06-11,ÖSTERSUND,4,100.000
4,2016-06-11,ÖSTERSUND,5,110.000
5,2016-06-11,ÖSTERSUND,6,700.000
6,2016-06-11,ÖSTERSUND,7,100.000
0,2016-06-04,MANTORP,1,100.000
1,2016-06-04,MANTORP,2,125.000
2,2016-06-04,MANTORP,3,150.000
3,2016-06-04,MANTORP,4,100.000
4,2016-06-04,MANTORP,5,100.000
5,2016-06-04,MANTORP,6,300.000
6,2016-06-04,MANTORP,7,110.000
0,2016-05-29,SOLVALLA,1,300.000
1,2016-05-29,SOLVALLA,2,150.000
2,2016-05-29,SOLVALLA,3,250.000
3,2016-05-29,SOLVALLA,4,250.000
4,2016-05-29,SOLVALLA,5,300.000
5,2016-05-29,SOLVALLA,6,100.000
6,2016-05-29,SOLVALLA,7,500.000
0,2016-05-28,SOLVALLA,1,200.000
1,2016-05-28,SOLVALLA,2,200.000
2,2016-05-28,SOLVALLA,3,220.000
3,2016-05-28,SOLVALLA,4,200.000
4,2016-05-28,SOLVALLA,5,200.000
5,2016-05-28,SOLVALLA,6,200.000
6,2016-05-28,SOLVALLA,7,500.000
0,2016-05-21,GÄVLE,1,110.000
1,2016-05-21,GÄVLE,2,100.000
2,2016-05-21,GÄVLE,3,125.000
3,2016-05-21,GÄVLE,4,150.000
4,2016-05-21,GÄVLE,5,100.000
5,2016-05-21,GÄVLE,6,100.000
6,2016-05-21,GÄVLE,7,400.000
0,2016-05-15,CHARLOTTENLUND,1,80000
1,2016-05-15,CHARLOTTENLUND,2,125000
2,2016-05-15,CHARLOTTENLUND,3,100000
3,2016-05-15,CHARLOTTENLUND,4,100000
4,2016-05-15,CHARLOTTENLUND,5,150000
5,2016-05-15,CHARLOTTENLUND,6,100000
6,2016-05-15,CHARLOTTENLUND,7,375000
0,2016-05-14,ÅBY,1,125.000
1,2016-05-14,ÅBY,2,100.000
2,2016-05-14,ÅBY,3,150.000
3,2016-05-14,ÅBY,4,100.000
4,2016-05-14,ÅBY,5,928.830
5,2016-05-14,ÅBY,6,110.000
6,2016-05-14,ÅBY,7,928.830
0,2016-05-08,VERMO,1,10000
1,2016-05-08,VERMO,2,7000
2,2016-05-08,VERMO,3,11000
3,2016-05-08,VERMO,4,10000
4,2016-05-08,VERMO,5,10000
5,2016-05-08,VERMO,6,11000
6,2016-05-08,VERMO,7,110000
0,2016-05-07,ÖREBRO,1,110.000
1,2016-05-07,ÖREBRO,2,100.000
2,2016-05-07,ÖREBRO,3,150.000
3,2016-05-07,ÖREBRO,4,100.000
4,2016-05-07,ÖREBRO,5,100.000
5,2016-05-07,ÖREBRO,6,125.000
6,2016-05-07,ÖREBRO,7,400.000
0,2016-04-30,ÅBY,1,110.000
1,2016-04-30,ÅBY,2,100.000
2,2016-04-30,ÅBY,3,150.000
3,2016-04-30,ÅBY,4,100.000
4,2016-04-30,ÅBY,5,250.000
5,2016-04-30,ÅBY,6,1.500.000
6,2016-04-30,ÅBY,7,125.000
0,2016-04-23,UMÅKER,1,110.000
1,2016-04-23,UMÅKER,2,100.000
2,2016-04-23,UMÅKER,3,200.000
3,2016-04-23,UMÅKER,4,100.000
4,2016-04-23,UMÅKER,5,125.000
5,2016-04-23,UMÅKER,6,200.000
6,2016-04-23,UMÅKER,7,100.000
0,2016-04-16,JÄGERSRO,1,100.000
1,2016-04-16,JÄGERSRO,2,100.000
2,2016-04-16,JÄGERSRO,3,150.000
3,2016-04-16,JÄGERSRO,4,100.000
4,2016-04-16,JÄGERSRO,5,100.000
5,2016-04-16,JÄGERSRO,6,110.000
6,2016-04-16,JÄGERSRO,7,125.000
0,2016-04-09,AXEVALLA,1,100.000
1,2016-04-09,AXEVALLA,2,100.000
2,2016-04-09,AXEVALLA,3,125.000
3,2016-04-09,AXEVALLA,4,100.000
4,2016-04-09,AXEVALLA,5,100.000
5,2016-04-09,AXEVALLA,6,150.000
6,2016-04-09,AXEVALLA,7,110.000
0,2016-04-02,SOLVALLA,1,200.000
1,2016-04-02,SOLVALLA,2,220.000
2,2016-04-02,SOLVALLA,3,250.000
3,2016-04-02,SOLVALLA,4,200.000
4,2016-04-02,SOLVALLA,5,200.000
5,2016-04-02,SOLVALLA,6,200.000
6,2016-04-02,SOLVALLA,7,200.000
0,2016-03-27,ROMME,1,150.000
1,2016-03-27,ROMME,2,125.000
2,2016-03-27,ROMME,3,150.000
3,2016-03-27,ROMME,4,100.000
4,2016-03-27,ROMME,5,100.000
5,2016-03-27,ROMME,6,100.000
6,2016-03-27,ROMME,7,110.000
0,2016-03-25,FÄRJESTAD,1,100.000
1,2016-03-25,FÄRJESTAD,2,100.000
2,2016-03-25,FÄRJESTAD,3,100.000
3,2016-03-25,FÄRJESTAD,4,100.000
4,2016-03-25,FÄRJESTAD,5,100.000
5,2016-03-25,FÄRJESTAD,6,100.000
6,2016-03-25,FÄRJESTAD,7,250.000
0,2016-03-19,MOMARKEN,1,110.000
1,2016-03-19,MOMARKEN,2,105.000
2,2016-03-19,MOMARKEN,3,125.000
3,2016-03-19,MOMARKEN,4,125.000
4,2016-03-19,MOMARKEN,5,105.000
5,2016-03-19,MOMARKEN,6,250.000
6,2016-03-19,MOMARKEN,7,105.000
0,2016-03-12,KALMAR,1,100.000
1,2016-03-12,KALMAR,2,100.000
2,2016-03-12,KALMAR,3,150.000
3,2016-03-12,KALMAR,4,100.000
4,2016-03-12,KALMAR,5,110.000
5,2016-03-12,KALMAR,6,125.000
6,2016-03-12,KALMAR,7,100.000
0,2016-03-05,BERGSÅKER,1,110.000
1,2016-03-05,BERGSÅKER,2,100.000
2,2016-03-05,BERGSÅKER,3,150.000
3,2016-03-05,BERGSÅKER,4,100.000
4,2016-03-05,BERGSÅKER,5,100.000
5,2016-03-05,BERGSÅKER,6,100.000
6,2016-03-05,BERGSÅKER,7,125.000
0,2016-02-28,MANTORP,1,100.000
1,2016-02-28,MANTORP,2,100.000
2,2016-02-28,MANTORP,3,100.000
3,2016-02-28,MANTORP,4,100.000
4,2016-02-28,MANTORP,5,100.000
5,2016-02-28,MANTORP,6,100.000
6,2016-02-28,MANTORP,7,100.000
0,2016-02-27,HALMSTAD,1,125.000
1,2016-02-27,HALMSTAD,2,100.000
2,2016-02-27,HALMSTAD,3,100.000
3,2016-02-27,HALMSTAD,4,100.000
4,2016-02-27,HALMSTAD,5,100.000
5,2016-02-27,HALMSTAD,6,100.000
6,2016-02-27,HALMSTAD,7,110.000
0,2016-02-20,BOLLNÄS,1,100.000
1,2016-02-20,BOLLNÄS,2,100.000
2,2016-02-20,BOLLNÄS,3,150.000
3,2016-02-20,BOLLNÄS,4,100.000
4,2016-02-20,BOLLNÄS,5,100.000
5,2016-02-20,BOLLNÄS,6,100.000
6,2016-02-20,BOLLNÄS,7,110.000
0,2016-02-13,SOLVALLA,1,200.000
1,2016-02-13,SOLVALLA,2,200.000
2,2016-02-13,SOLVALLA,3,250.000
3,2016-02-13,SOLVALLA,4,200.000
4,2016-02-13,SOLVALLA,5,200.000
5,2016-02-13,SOLVALLA,6,200.000
6,2016-02-13,SOLVALLA,7,220.000
0,2016-02-06,JÄGERSRO,1,110.000
1,2016-02-06,JÄGERSRO,2,100.000
2,2016-02-06,JÄGERSRO,3,150.000
3,2016-02-06,JÄGERSRO,4,100.000
4,2016-02-06,JÄGERSRO,5,100.000
5,2016-02-06,JÄGERSRO,6,100.000
6,2016-02-06,JÄGERSRO,7,125.000
0,2016-01-31,SOLVALLA,1,100.000
1,2016-01-31,SOLVALLA,2,100.000
2,2016-01-31,SOLVALLA,3,100.000
3,2016-01-31,SOLVALLA,4,100.000
4,2016-01-31,SOLVALLA,5,100.000
5,2016-01-31,SOLVALLA,6,100.000
6,2016-01-31,SOLVALLA,7,100.000
0,2016-01-30,BERGSÅKER,1,125.000
1,2016-01-30,BERGSÅKER,2,100.000
2,2016-01-30,BERGSÅKER,3,150.000
3,2016-01-30,BERGSÅKER,4,100.000
4,2016-01-30,BERGSÅKER,5,100.000
5,2016-01-30,BERGSÅKER,6,100.000
6,2016-01-30,BERGSÅKER,7,110.000
0,2016-01-23,AXEVALLA,1,110.000
1,2016-01-23,AXEVALLA,2,100.000
2,2016-01-23,AXEVALLA,3,150.000
3,2016-01-23,AXEVALLA,4,100.000
4,2016-01-23,AXEVALLA,5,100.000
5,2016-01-23,AXEVALLA,6,100.000
6,2016-01-23,AXEVALLA,7,125.000
0,2016-01-16,GÄVLE,1,125.000
1,2016-01-16,GÄVLE,2,100.000
2,2016-01-16,GÄVLE,3,150.000
3,2016-01-16,GÄVLE,4,100.000
4,2016-01-16,GÄVLE,5,110.000
5,2016-01-16,GÄVLE,6,100.000
6,2016-01-16,GÄVLE,7,100.000
0,2016-01-09,ÅBY,1,100.000
1,2016-01-09,ÅBY,2,100.000
2,2016-01-09,ÅBY,3,100.000
3,2016-01-09,ÅBY,4,100.000
4,2016-01-09,ÅBY,5,110.000
5,2016-01-09,ÅBY,6,150.000
6,2016-01-09,ÅBY,7,125.000
0,2016-01-02,ROMME,1,100.000
1,2016-01-02,ROMME,2,100.000
2,2016-01-02,ROMME,3,150.000
3,2016-01-02,ROMME,4,100.000
4,2016-01-02,ROMME,5,100.000
5,2016-01-02,ROMME,6,110.000
6,2016-01-02,ROMME,7,125.000
0,2015-12-29,HALMSTAD,1,125.000
1,2015-12-29,HALMSTAD,2,100.000
2,2015-12-29,HALMSTAD,3,150.000
3,2015-12-29,HALMSTAD,4,100.000
4,2015-12-29,HALMSTAD,5,100.000
5,2015-12-29,HALMSTAD,6,110.000
6,2015-12-29,HALMSTAD,7,100.000
0,2015-12-26,SOLVALLA,1,200.000
1,2015-12-26,SOLVALLA,2,200.000
2,2015-12-26,SOLVALLA,3,250.000
3,2015-12-26,SOLVALLA,4,200.000
4,2015-12-26,SOLVALLA,5,200.000
5,2015-12-26,SOLVALLA,6,200.000
6,2015-12-26,SOLVALLA,7,220.000
0,2015-12-23,BERGSÅKER,1,110.000
1,2015-12-23,BERGSÅKER,2,100.000
2,2015-12-23,BERGSÅKER,3,100.000
3,2015-12-23,BERGSÅKER,4,125.000
4,2015-12-23,BERGSÅKER,5,40.000
5,2015-12-23,BERGSÅKER,6,100.000
6,2015-12-23,BERGSÅKER,7,100.000
0,2015-12-19,MANTORP,1,150.000
1,2015-12-19,MANTORP,2,100.000
2,2015-12-19,MANTORP,3,100.000
3,2015-12-19,MANTORP,4,100.000
4,2015-12-19,MANTORP,5,100.000
5,2015-12-19,MANTORP,6,110.000
6,2015-12-19,MANTORP,7,100.000
0,2015-12-12,ÅBY,1,100.000
1,2015-12-12,ÅBY,2,100.000
2,2015-12-12,ÅBY,3,150.000
3,2015-12-12,ÅBY,4,100.000
4,2015-12-12,ÅBY,5,100.000
5,2015-12-12,ÅBY,6,110.000
6,2015-12-12,ÅBY,7,125.000
0,2015-12-05,ROMME,1,100.000
1,2015-12-05,ROMME,2,100.000
2,2015-12-05,ROMME,3,150.000
3,2015-12-05,ROMME,4,100.000
4,2015-12-05,ROMME,5,150.000
5,2015-12-05,ROMME,6,110.000
6,2015-12-05,ROMME,7,125.000
0,2015-11-29,ÖREBRO,1,100.000
1,2015-11-29,ÖREBRO,2,100.000
2,2015-11-29,ÖREBRO,3,100.000
3,2015-11-29,ÖREBRO,4,100.000
4,2015-11-29,ÖREBRO,5,125.000
5,2015-11-29,ÖREBRO,6,200.000
6,2015-11-29,ÖREBRO,7,110.000
0,2015-11-28,JÄGERSRO,1,150.000
1,2015-11-28,JÄGERSRO,2,100.000
2,2015-11-28,JÄGERSRO,3,150.000
3,2015-11-28,JÄGERSRO,4,100.000
4,2015-11-28,JÄGERSRO,5,700.000
5,2015-11-28,JÄGERSRO,6,110.000
6,2015-11-28,JÄGERSRO,7,125.000
0,2015-11-21,BJERKE,1,125.000
1,2015-11-21,BJERKE,2,100.000
2,2015-11-21,BJERKE,3,150.000
3,2015-11-21,BJERKE,4,100.000
4,2015-11-21,BJERKE,5,100.000
5,2015-11-21,BJERKE,6,300.000
6,2015-11-21,BJERKE,7,110.000
0,2015-11-14,SOLVALLA,1,200.000
1,2015-11-14,SOLVALLA,2,200.000
2,2015-11-14,SOLVALLA,3,250.000
3,2015-11-14,SOLVALLA,4,200.000
4,2015-11-14,SOLVALLA,5,400.000
5,2015-11-14,SOLVALLA,6,200.000
6,2015-11-14,SOLVALLA,7,220.000
0,2015-11-08,ESKILSTUNA,1,800.000
1,2015-11-08,ESKILSTUNA,2,100.000
2,2015-11-08,ESKILSTUNA,3,800.000
3,2015-11-08,ESKILSTUNA,4,100.000
4,2015-11-08,ESKILSTUNA,5,800.000
5,2015-11-08,ESKILSTUNA,6,100.000
6,2015-11-08,ESKILSTUNA,7,800.000
0,2015-11-07,ESKILSTUNA,1,125.000
1,2015-11-07,ESKILSTUNA,2,100.000
2,2015-11-07,ESKILSTUNA,3,150.000
3,2015-11-07,ESKILSTUNA,4,100.000
4,2015-11-07,ESKILSTUNA,5,100.000
5,2015-11-07,ESKILSTUNA,6,110.000
6,2015-11-07,ESKILSTUNA,7,100.000
0,2015-10-31,BERGSÅKER,1,110.000
1,2015-10-31,BERGSÅKER,2,150.000
2,2015-10-31,BERGSÅKER,3,150.000
3,2015-10-31,BERGSÅKER,4,100.000
4,2015-10-31,BERGSÅKER,5,100.000
5,2015-10-31,BERGSÅKER,6,125.000
6,2015-10-31,BERGSÅKER,7,100.000
0,2015-10-25,SOLVALLA,1,100.000
1,2015-10-25,SOLVALLA,2,100.000
2,2015-10-25,SOLVALLA,3,100.000
3,2015-10-25,SOLVALLA,4,100.000
4,2015-10-25,SOLVALLA,5,100.000
5,2015-10-25,SOLVALLA,6,100.000
6,2015-10-25,SOLVALLA,7,100.000
0,2015-10-24,JÄGERSRO,1,125.000
1,2015-10-24,JÄGERSRO,2,100.000
2,2015-10-24,JÄGERSRO,3,100.000
3,2015-10-24,JÄGERSRO,4,100.000
4,2015-10-24,JÄGERSRO,5,100.000
5,2015-10-24,JÄGERSRO,6,110.000
6,2015-10-24,JÄGERSRO,7,500.000
0,2015-10-17,ÖREBRO,1,100.000
1,2015-10-17,ÖREBRO,2,125.000
2,2015-10-17,ÖREBRO,3,150.000
3,2015-10-17,ÖREBRO,4,100.000
4,2015-10-17,ÖREBRO,5,505.000
5,2015-10-17,ÖREBRO,6,110.000
6,2015-10-17,ÖREBRO,7,100.000
0,2015-10-10,ÅBY,1,100.000
1,2015-10-10,ÅBY,2,100.000
2,2015-10-10,ÅBY,3,500.000
3,2015-10-10,ÅBY,4,100.000
4,2015-10-10,ÅBY,5,500.000
5,2015-10-10,ÅBY,6,110.000
6,2015-10-10,ÅBY,7,125.000
